Estimated_Deliveries,Production_Units,CO2_Saved_tons,Charging_Stations,Date,Region_enc,Model_enc,Source_enc,R_Asia,R_Europe,R_Middle East,R_North America,M_Cybertruck,M_Model 3,M_Model S,M_Model X,M_Model Y,S_Estimated (Region),S_Interpolated (Month),S_Official (Quarter),Week_of_year,Is_Q4,Year_progress,Deliveries_lag1,Price_lag1,Deliveries_lag3,Price_lag3,Deliveries_lag6,Price_lag6,Deliveries_roll3_std,Deliveries_roll6_mean,Deliveries_roll6_std,Prod_Delivery_gap,Station_per_Del,log_Price,log_Deliveries
113,118,12.02,14580,2015-07-01,0,0,1,True,False,False,False,True,False,False,False,False,False,True,False,27,0,0.5454545454545454,7201.0,114461.07,15221.0,112686.63,11325.0,54449.08,4876.0750951285945,10610.666666666666,3411.2398137138744,5,127.89473684210526,11.653278884562159,4.736198448394496
10222,11128,507.52,7022,2015-08-01,0,0,2,True,False,False,False,True,False,False,False,False,False,False,True,31,0,0.6363636363636364,113.0,115067.04,6406.0,107577.61,13254.0,88864.06,3883.160611323377,8742.0,5420.738473676811,906,0.6868825198082754,11.263581536835225,9.232395362757014
10844,12086,579.07,8849,2015-09-01,0,0,1,True,False,False,False,True,False,False,False,False,False,True,False,36,0,0.7272727272727273,10222.0,77930.19,7201.0,114461.07,10257.0,65107.47,5189.060062606073,8236.666666666666,5044.246491465961,1242,0.8159520516366989,10.998910092694496,9.291459423260974
5675,6461,609.49,8690,2015-10-01,0,0,0,True,False,False,False,True,False,False,False,False,True,False,False,40,1,0.8181818181818182,10844.0,59807.92,113.0,115067.04,15221.0,112686.63,6024.023101992001,8334.5,5096.687659647195,786,1.5310077519379846,11.678228694704128,8.644002038279933
4482,4968,305.22,5642,2015-11-01,0,0,1,True,False,False,False,True,False,False,False,False,False,True,False,44,1,0.9090909090909091,5675.0,117974.08,10222.0,77930.19,6406.0,107577.61,2821.9571813430007,6743.5,3855.96933338428,486,1.2585322328797681,11.347016088514918,8.40804774415544
4993,5640,447.87,5226,2015-12-01,0,0,2,True,False,False,False,True,False,False,False,False,False,False,True,49,1,1.0,4482.0,84711.3,10844.0,59807.92,7201.0,114461.07,3381.736585444427,6422.833333333333,3968.022450373319,647,1.0464557468962756,11.328109078675585,8.515992470839718
8067,8485,543.31,3481,2016-01-01,0,0,1,True,False,False,False,True,False,False,False,False,False,True,False,53,0,0.0,4993.0,83124.69,5675.0,117974.08,113.0,115067.04,598.5390546990214,6054.833333333333,3983.77576761879,418,0.4314576103123451,11.238142638371349,8.995660899074103
10601,11391,942.96,9847,2016-02-01,0,0,2,True,False,False,False,True,False,False,False,False,False,False,True,5,0,0.09090909090909091,8067.0,75972.71,4482.0,84711.3,10222.0,77930.19,1939.1932171223507,7380.5,2740.4899379490535,790,0.9287870213167327,11.44304266189732,9.268797941547751
10500,11998,762.3,13610,2016-03-01,0,0,2,True,False,False,False,True,False,False,False,False,False,False,True,9,0,0.18181818181818182,10601.0,93249.31,4993.0,83124.69,10844.0,59807.92,2808.3297527177965,7443.666666666667,2822.232567785063,1498,1.2960670412341682,11.430780373836534,9.259225769705994
2655,2813,277.18,9188,2016-04-01,0,0,2,True,False,False,False,True,False,False,False,False,False,False,True,13,0,0.2727272727272727,10500.0,92112.83,8067.0,75972.71,5675.0,117974.08,1434.738419828971,7386.333333333333,2741.6844214217417,158,3.4593373493975905,11.305965008143357,7.884576510596324
9308,9832,798.63,12420,2016-05-01,0,0,1,True,False,False,False,True,False,False,False,False,False,True,False,17,0,0.36363636363636365,2655.0,81304.18,10601.0,93249.31,4482.0,84711.3,4558.748768393947,6883.0,3332.2951249851817,524,1.3341927167257492,11.259507482913468,9.13873695311649
7885,8483,568.9,9506,2016-06-01,0,0,0,True,False,False,False,True,False,False,False,False,True,False,False,22,0,0.45454545454545453,9308.0,77613.34,10500.0,92112.83,4993.0,83124.69,4227.436141839795,7687.333333333333,3217.2990328327687,598,1.2054273395891453,11.597727995921282,8.972844314437573
10563,11036,1069.5,8155,2016-07-01,0,0,0,True,False,False,False,True,False,False,False,False,True,False,False,26,0,0.5454545454545454,7885.0,108849.21,2655.0,81304.18,8067.0,75972.71,3503.337408814629,8169.333333333333,2937.3716596077297,473,0.7719613782658084,11.660039013597473,9.265207273417023
8832,10136,547.14,3782,2016-08-01,0,0,1,True,False,False,False,True,False,False,False,False,False,True,False,31,0,0.6363636363636364,10563.0,115847.55,9308.0,77613.34,10601.0,93249.31,1339.8779795190333,8585.333333333334,3092.6232662040597,1304,0.4281671006453074,11.552548693257268,9.086249986745132
12055,13630,1065.06,10979,2016-09-01,0,0,2,True,False,False,False,True,False,False,False,False,False,False,True,35,0,0.7272727272727273,8832.0,104040.87,7885.0,108849.21,10500.0,92112.83,1357.9920225587994,8290.5,2942.7186579759878,1575,0.9106668878566688,11.548539007020416,9.397317740306331
8282,9488,713.08,5353,2016-10-01,0,0,2,True,False,False,False,True,False,False,False,False,False,False,True,39,1,0.8181818181818182,12055.0,103624.53,10563.0,115847.55,2655.0,81304.18,1612.976234584177,8549.666666666666,3230.6201055937645,1206,0.6462634311239889,11.200886353616927,9.021960500598263
14130,14923,991.93,4711,2016-11-01,0,0,0,True,False,False,False,True,False,False,False,False,True,False,False,44,1,0.9090909090909091,8282.0,73194.29,8832.0,104040.87,9308.0,77613.34,2038.2082818004671,9487.5,1564.0903746267336,793,0.3333805109334088,11.029734625424819,9.556126244582746
2907,3031,192.3,7638,2016-12-01,0,0,2,True,False,False,False,True,False,False,False,False,False,False,True,48,1,1.0,14130.0,61680.21,12055.0,103624.53,7885.0,108849.21,2964.80066783587,10291.166666666666,2444.4712652568983,124,2.6265474552957357,11.070173045482468,7.97522083865341
9897,10319,647.26,3651,2017-01-01,0,0,0,True,False,False,False,True,False,False,False,False,True,False,False,52,0,0.0,2907.0,64225.62,8282.0,73194.29,10563.0,115847.55,5613.160992999697,9461.5,3859.6216783513896,422,0.368862396443726,10.991527315161115,9.200087995511831
12861,13866,804.46,3203,2017-02-01,0,0,1,True,False,False,False,True,False,False,False,False,False,True,False,5,0,0.09090909090909091,9897.0,59367.99,14130.0,61680.21,8832.0,104040.87,5667.658511237247,9350.5,3831.0789472418865,1005,0.24902814492302908,11.68116474700943,9.462032506694808
11703,13032,603.87,11619,2017-03-01,0,0,1,True,False,False,False,True,False,False,False,False,False,True,False,9,0,0.18181818181818182,12861.0,118320.97,2907.0,64225.62,12055.0,103624.53,5110.895420569668,10022.0,4067.803436745684,1329,0.9927375256322625,11.023828716667804,9.36768594269996
5651,5846,372.12,14602,2017-04-01,0,0,1,True,False,False,False,True,False,False,False,False,False,True,False,13,0,0.2727272727272727,11703.0,61317.0,9897.0,59367.99,8282.0,73194.29,1493.7590167091955,9963.333333333334,4035.025286992222,195,2.5835102618542107,10.821859517142173,8.639764743804419
2895,3028,151.12,7008,2017-05-01,0,0,2,True,False,False,False,True,False,False,False,False,False,False,True,18,0,0.36363636363636365,5651.0,50103.17,12861.0,118320.97,14130.0,61680.21,3871.9454197255086,9524.833333333334,4382.300510766767,133,2.4198895027624308,11.221343798977337,7.971085753505607
7988,8226,527.21,3164,2017-06-01,0,0,0,True,False,False,False,True,False,False,False,False,True,False,False,22,0,0.45454545454545453,2895.0,74707.1,11703.0,61317.0,2907.0,64225.62,4505.6095407095945,7652.333333333333,4421.139702233652,238,0.39604456127174864,11.62109712565474,8.985820874482043
12222,12642,837.82,3023,2017-07-01,0,0,1,True,False,False,False,True,False,False,False,False,False,True,False,26,0,0.5454545454545454,7988.0,111422.9,5651.0,50103.17,9897.0,59367.99,2549.3709681671107,8499.166666666666,3768.9283578580616,420,0.24732062505113311,10.972148923762242,9.411074701777263
12395,13414,819.93,10004,2017-08-01,0,0,2,True,False,False,False,True,False,False,False,False,False,False,True,31,0,0.6363636363636364,12222.0,58228.59,2895.0,74707.1,12861.0,118320.97,4670.0880434241635,8886.666666666666,4050.4004081901167,1019,0.8070345272668603,10.908767254672679,9.42512911890764
12488,13915,1329.97,10434,2017-09-01,0,0,2,True,False,False,False,True,False,False,False,False,False,False,True,35,0,0.7272727272727273,12395.0,54652.43,7988.0,111422.9,11703.0,61317.0,2495.941171849479,8809.0,3962.4639304352036,1427,0.8354552005765074,10.872876488967055,9.432603535863086
9752,10159,495.89,6592,2017-10-01,0,0,2,True,False,False,False,True,False,False,False,False,False,False,True,39,1,0.8181818181818182,12488.0,52725.66,12222.0,58228.59,5651.0,50103.17,134.99012309559058,8939.833333333334,4088.097426268932,407,0.6758945965343996,11.570076012112567,9.185330208972015
7450,7962,743.14,8833,2017-11-01,0,0,1,True,False,False,False,True,False,False,False,False,False,True,False,44,1,0.9090909090909091,9752.0,105880.52,12395.0,54652.43,2895.0,74707.1,1553.4796426088192,9623.333333333334,3757.734938319448,512,1.1854784592672125,11.219712927651193,8.916103530553727
9252,10170,488.51,9934,2017-12-01,0,0,1,True,False,False,False,True,False,False,False,False,False,True,False,48,1,1.0,7450.0,74585.36,12488.0,52725.66,7988.0,111422.9,2522.113663840975,10382.5,2306.4155523235613,918,1.0735977520804063,11.538431405256526,9.13270310224903
10761,11619,758.65,7892,2018-01-01,0,0,0,True,False,False,False,True,False,False,False,False,True,False,False,1,0,0.0,9252.0,102582.4,9752.0,105880.52,12222.0,58228.59,1210.812950046375,10593.166666666666,2091.692177799273,858,0.733320944062442,10.86450553946436,9.283776690049365
8796,9795,599.01,7717,2018-02-01,0,0,2,True,False,False,False,True,False,False,False,False,False,False,True,5,0,0.09090909090909091,10761.0,52286.13,7450.0,74585.36,12395.0,54652.43,1657.6592935019373,10349.666666666666,1943.975171309208,999,0.877230874161646,11.633890366451595,9.082166033252674
8510,9702,565.49,9674,2018-03-01,0,0,2,True,False,False,False,True,False,False,False,False,False,False,True,9,0,0.18181818181818182,8796.0,112857.53,9252.0,102582.4,12488.0,52725.66,1028.4488319795075,9749.833333333334,1730.1380773414196,1192,1.136646692515568,11.495139630579345,9.049114723476961
6334,6575,548.21,13213,2018-04-01,0,0,1,True,False,False,False,True,False,False,False,False,False,True,False,13,0,0.2727272727272727,8510.0,98236.14,10761.0,52286.13,9752.0,105880.52,1225.426592388685,9086.833333333334,1128.6367735753881,241,2.085714285714286,10.837693248838484,8.75384509275524
5386,5479,276.3,7647,2018-05-01,0,0,0,True,False,False,False,True,False,False,False,False,True,False,False,18,0,0.36363636363636365,6334.0,50902.82,8796.0,112857.53,7450.0,74585.36,1346.4902524712165,8517.166666666666,1520.3702728831095,93,1.4195284945238538,11.624736481342984,8.591743922680534
8089,8151,522.95,8799,2018-06-01,0,0,1,True,False,False,False,True,False,False,False,False,False,True,False,22,0,0.45454545454545453,5386.0,111829.15,8510.0,98236.14,9252.0,102582.4,1601.7207413695203,8173.166666666667,1975.4985615450748,62,1.0876390605686033,11.262494731830015,8.998384010052538
9208,9785,479.28,9907,2018-07-01,0,0,0,True,False,False,False,True,False,False,False,False,True,False,False,26,0,0.5454545454545454,8089.0,77845.54,6334.0,50902.82,10761.0,52286.13,1371.4310044621245,7979.333333333333,1904.2451172752574,577,1.075795417526333,11.225880389592726,9.127936545721367
6880,7303,740.98,10747,2018-08-01,0,0,1,True,False,False,False,True,False,False,False,False,False,True,False,31,0,0.6363636363636364,9208.0,75046.79,5386.0,111829.15,8796.0,112857.53,1964.945037399265,7720.5,1516.6233217249398,423,1.5618369423048974,11.07719680033955,8.83651926920248
14260,14838,765.76,6579,2018-09-01,0,0,2,True,False,False,False,True,False,False,False,False,False,False,True,35,0,0.7272727272727273,6880.0,64678.32,8089.0,77845.54,8510.0,98236.14,1164.2899123500138,7401.166666666667,1444.8964553443461,578,0.46132809760886334,11.118644035739669,9.565283817736766
1697,1724,84.26,6571,2018-10-01,0,0,0,True,False,False,False,True,False,False,False,False,True,False,False,40,1,0.8181818181818182,14260.0,67415.43,9208.0,75046.79,6334.0,50902.82,3772.8567425758447,8359.5,3185.664624532845,27,3.869846878680801,11.66769766589894,7.437206366871292
4416,4672,221.24,6575,2018-11-01,0,0,2,True,False,False,False,True,False,False,False,False,False,False,True,44,1,0.9090909090909091,1697.0,116738.2,6880.0,64678.32,5386.0,111829.15,6313.436174804758,7586.666666666667,4181.98334127082,256,1.4885669006112747,10.926687480243665,8.393216011596527
14998,15151,1248.58,6934,2018-12-01,0,0,1,True,False,False,False,True,False,False,False,False,False,True,False,48,1,1.0,4416.0,55640.66,14260.0,67415.43,8089.0,77845.54,6609.667994687781,7425.0,4301.12310914254,153,0.46229748649909996,11.633538359463122,9.61573881119536
7929,8463,563.75,6989,2019-01-01,0,0,0,True,False,False,False,True,False,False,False,False,True,False,False,1,0,0.0,14998.0,112817.81,1697.0,116738.2,9208.0,75046.79,7027.188698192186,8576.5,5318.872427498143,534,0.8813366960907945,11.41237469724132,8.978408314628894
9198,10505,467.72,12074,2019-02-01,0,0,0,True,False,False,False,True,False,False,False,False,True,False,False,5,0,0.09090909090909091,7929.0,90432.92,4416.0,55640.66,6880.0,64678.32,5389.660688144788,8363.333333333334,5314.12915411986,1307,1.3125339710838135,11.086977304128991,9.126850061477157
2030,2114,138.85,9957,2019-03-01,0,0,0,True,False,False,False,True,False,False,False,False,True,False,False,9,0,0.18181818181818182,9198.0,65314.02,14998.0,112817.81,14260.0,67415.43,3768.7558070712616,8749.666666666666,5268.789487791922,84,4.902511078286558,11.670971661695203,7.616283561580385
1912,1967,140.53,7933,2019-04-01,0,0,1,True,False,False,False,True,False,False,False,False,False,True,False,14,0,0.2727272727272727,2030.0,117121.03,7929.0,90432.92,1697.0,116738.2,3825.109715202078,6711.333333333333,5072.712160833359,55,4.146889702038683,11.179741994424448,7.556427969440253
7613,8216,398.54,3977,2019-05-01,0,0,0,True,False,False,False,True,False,False,False,False,True,False,False,18,0,0.36363636363636365,1912.0,71662.87,9198.0,65314.02,4416.0,55640.66,4172.92750955489,6747.166666666667,5030.7931945834,603,0.5223272918308379,10.866802700086811,8.937743936942443
2252,2436,148.63,9989,2019-06-01,0,0,2,True,False,False,False,True,False,False,False,False,False,False,True,22,0,0.45454545454545453,7613.0,52406.38,2030.0,117121.03,14998.0,112817.81,3257.9444951277646,7280.0,4902.168132571544,184,4.43364403018198,10.940148725400205,7.720017940432244
11985,13202,625.62,6193,2019-07-01,0,0,0,True,False,False,False,True,False,False,False,False,True,False,False,27,0,0.5454545454545454,2252.0,56394.73,1912.0,71662.87,7929.0,90432.92,3197.8462022638464,5155.666666666667,3429.0747828921194,1217,0.5166861338227933,11.490556944584126,9.391494581018131
8619,8892,548.17,9072,2019-08-01,0,0,2,True,False,False,False,True,False,False,False,False,False,False,True,31,0,0.6363636363636364,11985.0,97786.98,7613.0,52406.38,9198.0,65314.02,4874.8674170005215,5831.666666666667,4358.883557364963,273,1.0524361948955916,11.52804538076057,9.061840363657739
9669,10159,693.27,12905,2019-09-01,0,0,2,True,False,False,False,True,False,False,False,False,False,False,True,35,0,0.7272727272727273,8619.0,101522.48,2252.0,56394.73,2030.0,117121.03,4943.007417891798,5735.166666666667,4275.055153640317,490,1.3345398138572906,10.829677722879348,9.17678358844734
12582,13593,1117.28,8915,2019-10-01,0,0,1,True,False,False,False,True,False,False,False,False,False,True,False,40,1,0.8181818181818182,9669.0,50496.43,11985.0,97786.98,1912.0,71662.87,1722.2229820786945,7008.333333333333,4084.1534577763664,1011,0.7084955892871334,11.259249636491477,9.440101975591968
13482,13757,845.32,6614,2019-11-01,0,0,2,True,False,False,False,True,False,False,False,False,False,False,True,44,1,0.9090909090909091,12582.0,77593.33,8619.0,101522.48,7613.0,52406.38,2053.186060735859,8786.666666666666,3728.803489950451,275,0.49054364755618185,11.594749846059115,9.509184911634074
10012,11485,848.52,10658,2019-12-01,0,0,1,True,False,False,False,True,False,False,False,False,False,True,False,48,1,1.0,13482.0,108525.52,9669.0,50496.43,2252.0,56394.73,1993.0938261908423,9764.833333333334,4109.688037633352,1473,1.0644162588634776,10.947597367818094,9.211639527707803
15152,16661,813.66,13946,2020-01-01,0,0,1,True,False,False,False,True,False,False,False,False,False,True,False,1,0,0.0,10012.0,56816.37,12582.0,77593.33,11985.0,97786.98,1800.7313329126548,11058.166666666666,1898.9385894932655,1509,0.9203458061110011,11.207578279110882,9.625953811136162
5880,6345,612.99,8789,2020-02-01,0,0,2,True,False,False,False,True,False,False,False,False,False,False,True,5,0,0.09090909090909091,15152.0,73685.75,13482.0,108525.52,8619.0,101522.48,2622.003051104262,11586.0,2540.025275464795,465,1.4944737289576602,10.983292418527618,8.679482094459956
8524,9379,600.94,3589,2020-03-01,0,0,0,True,False,False,False,True,False,False,False,False,True,False,False,9,0,0.18181818181818182,5880.0,58881.1,10012.0,56816.37,9669.0,50496.43,4645.123033892648,11129.5,3309.490459270128,855,0.4209970674486804,11.273681240663622,9.050758302151717
4118,4453,363.83,5613,2020-04-01,0,0,2,True,False,False,False,True,False,False,False,False,False,False,True,14,0,0.2727272727272727,8524.0,78721.26,15152.0,73685.75,12582.0,77593.33,4776.524259333353,10938.666666666666,3440.950488842679,335,1.3627093954843408,10.916769595775289,8.323365694436081
3471,3714,186.39,6754,2020-05-01,0,0,1,True,False,False,False,True,False,False,False,False,False,True,False,18,0,0.36363636363636365,4118.0,55091.54,5880.0,58881.1,13482.0,108525.52,2217.6645373004494,9528.0,4268.06204266058,243,1.9452764976958525,11.156130085207964,8.15248607578024
6915,7153,571.52,10720,2020-06-01,0,0,0,True,False,False,False,True,False,False,False,False,True,False,False,23,0,0.45454545454545453,3471.0,69990.57,8524.0,78721.26,10012.0,56816.37,2749.674344354257,7859.5,4368.788104268735,238,1.5500289184499711,11.066185290970473,8.84159284680318
12018,12650,1038.36,3002,2020-07-01,0,0,0,True,False,False,False,True,False,False,False,False,True,False,False,27,0,0.5454545454545454,6915.0,63970.01,4118.0,55091.54,15152.0,73685.75,1830.4350120485958,7343.333333333333,4244.803960922893,632,0.24977119560695565,11.24344657144413,9.39424400995279
9144,10132,640.54,5295,2020-08-01,0,0,2,True,False,False,False,True,False,False,False,False,False,False,True,31,0,0.6363636363636364,12018.0,76376.74,3471.0,69990.57,5880.0,58881.1,4300.251039183646,6821.0,3141.0840167050624,988,0.5790049207217058,11.646415169225802,9.120962560824966
4927,5124,411.65,10339,2020-09-01,0,0,0,True,False,False,False,True,False,False,False,False,True,False,False,36,0,0.7272727272727273,9144.0,114279.95,6915.0,63970.01,8524.0,78721.26,2558.2847769550667,7365.0,3226.9885652106063,197,2.0980113636363638,11.357895365233277,8.502688505213357
10428,11120,721.1,9385,2020-10-01,0,0,1,True,False,False,False,True,False,False,False,False,False,True,False,40,1,0.8181818181818182,4927.0,85637.94,12018.0,76376.74,4118.0,55091.54,3566.6334733657955,6765.5,3301.8612175559424,692,0.8998945248825391,11.665003770340729,9.252345666121213
12449,13177,877.65,7412,2020-11-01,0,0,0,True,False,False,False,True,False,False,False,False,True,False,False,44,1,0.9090909090909091,10428.0,116424.14,9144.0,114279.95,3471.0,69990.57,2877.8680187481414,7817.166666666667,3294.8466074563585,728,0.5953413654618473,11.27853439682079,9.429475901892854
14908,16217,974.98,6113,2020-12-01,0,0,1,True,False,False,False,True,False,False,False,False,False,True,False,49,1,1.0,12449.0,79104.24,4927.0,85637.94,6915.0,63970.01,3892.8551218867665,9313.5,2946.547318472929,1309,0.41002079280971226,11.388881835127505,9.6097203364284
19968,20943,1048.32,3526,2021-01-01,0,0,1,True,False,False,False,True,False,False,False,False,False,True,False,53,0,0.0,14908.0,88333.13,10428.0,116424.14,12018.0,76376.74,2243.5656888087915,10645.666666666666,3414.9180175615743,975,0.17657368921828834,11.685641115756635,9.90193635004339
7648,8340,403.81,6614,2021-02-01,0,0,1,True,False,False,False,True,False,False,False,False,False,True,False,5,0,0.09090909090909091,19968.0,118851.81,12449.0,79104.24,9144.0,114279.95,3833.745818387038,11970.666666666666,5153.584681235641,692,0.8646881945352334,11.02640571235311,8.942330199321866
9755,10955,709.68,8928,2021-03-01,0,0,1,True,False,False,False,True,False,False,False,False,False,True,False,9,0,0.18181818181818182,7648.0,61475.22,14908.0,88333.13,4927.0,85637.94,6192.651559173454,11721.333333333334,5350.132247586658,1200,0.915129151291513,11.440557654779123,9.18563775933581
9368,10703,978.02,3685,2021-04-01,0,0,2,True,False,False,False,True,False,False,False,False,False,False,True,13,0,0.2727272727272727,9755.0,93017.87,19968.0,118851.81,10428.0,116424.14,6589.476686353784,12526.0,4403.138562434755,1335,0.39331839043654604,10.904659544310514,9.145161645951188
8270,8687,712.05,9621,2021-05-01,0,0,1,True,False,False,False,True,False,False,False,False,False,True,False,17,0,0.36363636363636365,9368.0,54428.39,7648.0,61475.22,12449.0,79104.24,1121.5776091440703,12349.333333333334,4523.7647890519975,417,1.163220892274211,11.103676406744222,9.020510699691906
4618,5183,477.27,6581,2021-06-01,0,0,2,True,False,False,False,True,False,False,False,False,False,False,True,22,0,0.45454545454545453,8270.0,66413.88,9755.0,93017.87,14908.0,88333.13,770.3460261466905,11652.833333333334,4817.522035929537,565,1.424767265641914,11.572893400627262,8.437933510430605
813,861,56.58,14712,2021-07-01,0,0,2,True,False,False,False,True,False,False,False,False,False,False,True,26,0,0.5454545454545454,4618.0,106179.25,9368.0,54428.39,19968.0,118851.81,2486.8054474231203,9937.833333333334,5240.000244910938,48,18.073710073710075,10.856154185689926,6.70196036600254
4842,5323,244.76,8898,2021-08-01,0,0,2,True,False,False,False,True,False,False,False,False,False,False,True,30,0,0.6363636363636364,813.0,51851.28,8270.0,66413.88,7648.0,61475.22,3728.761590662499,6745.333333333333,3429.1111190316806,481,1.8372909353706381,11.605310552679065,8.48528964240323
13744,13932,692.7,5174,2021-09-01,0,0,2,True,False,False,False,True,False,False,False,False,False,False,True,35,0,0.7272727272727273,4842.0,109677.71,4618.0,106179.25,9755.0,93017.87,2264.252709688839,6277.666666666667,3472.4519675103797,188,0.3764277919243361,11.361780546645818,9.528430400599346
18256,20576,1560.89,13886,2021-10-01,0,0,2,True,False,False,False,True,False,False,False,False,False,False,True,39,1,0.8181818181818182,13744.0,85971.31,813.0,51851.28,9368.0,54428.39,6616.761619805665,6942.5,4500.930559339928,2320,0.7605849811031385,10.833064234015328,9.81230384711351
19764,22618,1019.82,9880,2021-11-01,0,0,0,True,False,False,False,True,False,False,False,False,True,False,False,44,1,0.9090909090909091,18256.0,50667.73,4842.0,109677.71,8270.0,66413.88,6825.676327905781,8423.833333333334,6484.412399490543,2854,0.49987351378699724,11.421511246044897,9.891667975730785
10989,12120,1127.47,12214,2021-12-01,0,0,1,True,False,False,False,True,False,False,False,False,False,True,False,48,1,1.0,19764.0,91262.96,13744.0,85971.31,4618.0,106179.25,3132.4273867614907,10339.5,7959.837479496678,1131,1.1113739763421293,11.598148301808381,9.304741047397666
13491,15256,671.85,8794,2022-01-01,0,0,1,True,False,False,False,True,False,False,False,False,False,True,False,52,0,0.0,10989.0,108894.97,18256.0,50667.73,813.0,51851.28,4691.9075367416835,11401.333333333334,7452.736562274738,1765,0.6517936554995553,11.083615002746843,9.50985219618154
6490,6571,328.07,3890,2022-02-01,0,0,1,True,False,False,False,True,False,False,False,False,False,True,False,5,0,0.09090909090909091,13491.0,65094.78,19764.0,91262.96,4842.0,109677.71,4520.5301680223365,13514.333333333334,5351.293326539545,81,0.5992913264520104,10.890429646507728,8.778171881033469
1738,1822,123.83,14831,2022-03-01,0,0,2,True,False,False,False,True,False,False,False,False,False,False,True,9,0,0.18181818181818182,6490.0,53659.35,10989.0,108894.97,13744.0,85971.31,3547.6519464757703,13789.0,4834.479165328981,84,8.528464634847614,11.330166012313875,7.461065514354283
10731,11587,956.13,14128,2022-04-01,0,0,0,True,False,False,False,True,False,False,False,False,True,False,False,13,0,0.2727272727272727,1738.0,83295.85,13491.0,65094.78,18256.0,50667.73,5912.254420551713,11788.0,6900.16686754748,856,1.3164368244502422,11.136738974224423,9.280985211545515
11224,12261,771.09,14307,2022-05-01,0,0,0,True,False,False,False,True,False,False,False,False,True,False,False,17,0,0.36363636363636365,10731.0,68646.43,6490.0,53659.35,19764.0,91262.96,4498.919018312428,10533.833333333334,6130.352923500138,1037,1.27456570155902,11.289928902852576,9.325898712610455
2877,3286,145.86,13130,2022-06-01,0,0,1,True,False,False,False,True,False,False,False,False,False,True,False,22,0,0.45454545454545453,11224.0,80010.76,1738.0,83295.85,10989.0,108894.97,5340.120067314337,9110.5,4266.8775820264655,409,4.56219596942321,11.556023363654717,7.964850887447313
10705,10825,953.82,4133,2022-07-01,0,0,0,True,False,False,False,True,False,False,False,False,True,False,False,26,0,0.5454545454545454,2877.0,104403.01,10731.0,68646.43,13491.0,65094.78,4683.317449557875,7758.5,4803.98912363465,120,0.38604520829441435,11.317505902588685,9.278559610953327
13977,14076,876.36,11344,2022-08-01,0,0,0,True,False,False,False,True,False,False,False,False,True,False,False,31,0,0.6363636363636364,10705.0,82247.95,11224.0,80010.76,6490.0,53659.35,4676.525669055317,7294.166666666667,4240.712931414561,99,0.8115610244670196,11.251351977755974,9.545239944037075
9064,9252,779.05,12395,2022-09-01,0,0,2,True,False,False,False,True,False,False,False,False,False,False,True,35,0,0.7272727272727273,13977.0,76982.93,2877.0,104403.01,1738.0,83295.85,5703.705929773492,8542.0,4991.778841254891,188,1.3673469387755102,11.536371740229185,9.112176123188952
8838,9805,942.57,14899,2022-10-01,0,0,2,True,False,False,False,True,False,False,False,False,False,False,True,39,1,0.8181818181818182,9064.0,102371.33,10705.0,82247.95,10731.0,68646.43,2501.2141718240223,9763.0,3731.549329702077,967,1.6855979183165517,11.57845174811025,9.086929027060949
5997,6294,387.71,8281,2022-11-01,0,0,2,True,False,False,False,True,False,False,False,False,False,False,True,44,1,0.9090909090909091,8838.0,106771.08,13977.0,76982.93,11224.0,80010.76,2903.9618340008055,9447.5,3713.318233063256,297,1.3806268756252085,11.14021869531846,8.699181359308954
9301,10561,658.51,8725,2022-12-01,0,0,1,True,False,False,False,True,False,False,False,False,False,True,False,48,1,1.0,5997.0,68885.72,9064.0,102371.33,2877.0,104403.01,1709.2320887852773,8576.333333333334,3824.658712443071,1260,0.9379703289615137,11.273275682272013,9.137984709784043
7068,8023,501.47,10393,2023-01-01,0,0,1,True,False,False,False,True,False,False,False,False,False,True,False,52,0,0.0,9301.0,78689.34,8838.0,106771.08,10705.0,82247.95,1788.950623503422,9647.0,2619.345338056825,955,1.470222096477578,11.593354190437001,8.863474306170954
14614,16080,776.0,3503,2023-02-01,0,0,0,True,False,False,False,True,False,False,False,False,True,False,False,5,0,0.09090909090909091,7068.0,108374.16,5997.0,68885.72,13977.0,76982.93,1685.711817996562,9040.833333333334,2743.4321144629566,1466,0.2396852548751283,11.66103861266775,9.589803677545346
8116,8848,518.61,13853,2023-03-01,0,0,0,True,False,False,False,True,False,False,False,False,True,False,False,9,0,0.18181818181818182,14614.0,115963.41,9301.0,78689.34,9064.0,102371.33,3876.346518738142,9147.0,2975.194649094412,732,1.706665024023654,11.434349572663518,9.001715906761175
7925,8275,682.34,7265,2023-04-01,0,0,1,True,False,False,False,True,False,False,False,False,False,True,False,13,0,0.2727272727272727,8116.0,92442.19,7068.0,108374.16,8838.0,106771.08,4087.876873553472,8989.0,3005.5017551151127,350,0.9166035831440827,10.887480296429867,8.97790377375038
8494,9483,871.48,6048,2023-05-01,0,0,1,True,False,False,False,True,False,False,False,False,False,True,False,18,0,0.36363636363636365,7925.0,53501.32,14614.0,115963.41,5997.0,68885.72,3807.9567136895494,8836.833333333334,3037.616527257298,989,0.7119482048263684,11.449029617273833,9.047233034106032
10630,12173,1120.93,7448,2023-06-01,0,0,2,True,False,False,False,True,False,False,False,False,False,False,True,22,0,0.45454545454545453,8494.0,93809.27,8116.0,92442.19,9301.0,78689.34,289.5761270085668,9253.0,2725.7763664688314,1543,0.7005926065280783,11.332043072082921,9.271529540288606
8704,9162,591.44,14308,2023-07-01,0,0,0,True,False,False,False,True,False,False,False,False,True,False,False,26,0,0.5454545454545454,10630.0,83452.35,7925.0,53501.32,7068.0,108374.16,1426.1417648092681,9474.5,2783.8367588635706,458,1.6436530729465824,11.59549850710723,9.07165285220229
12453,13590,642.57,7974,2023-08-01,0,0,1,True,False,False,False,True,False,False,False,False,False,True,False,31,0,0.6363636363636364,8704.0,108606.8,8494.0,93809.27,14614.0,115963.41,1177.2901086817828,9747.166666666666,2573.1335306716396,1137,0.640276216476634,11.27499487225375,9.429797135432397
5515,5939,405.35,6044,2023-09-01,0,0,2,True,False,False,False,True,False,False,False,False,False,False,True,35,0,0.7272727272727273,12453.0,78824.74,10630.0,83452.35,8116.0,92442.19,1874.7358036089556,9387.0,1786.7416153434235,424,1.0957215373459028,11.485587875009175,8.615408238913192
9742,10574,653.2,9345,2023-10-01,0,0,1,True,False,False,False,True,False,False,False,False,False,True,False,39,1,0.8181818181818182,5515.0,97302.27,8704.0,108606.8,7925.0,53501.32,3472.76465274186,8953.5,2375.3583940113167,832,0.9591501590885764,11.620553737322998,9.184304357425342
8624,9706,442.41,11015,2023-11-01,0,0,2,True,False,False,False,True,False,False,False,False,False,False,True,44,1,0.9090909090909091,9742.0,111362.37,12453.0,78824.74,8494.0,93809.27,3496.4957219097664,9256.333333333334,2333.4656343444813,1082,1.2771014492753623,11.118593601657967,9.062420241899561
11905,12981,1001.81,3560,2023-12-01,0,0,2,True,False,False,False,True,False,False,False,False,False,False,True,48,1,1.0,8624.0,67412.03,5515.0,97302.27,10630.0,83452.35,2190.2562254981226,9278.0,2325.561695590987,1076,0.2990089030740803,11.41350372427179,9.384797753713336
8253,8377,680.87,8703,2024-01-01,0,0,1,True,False,False,False,True,False,False,False,False,False,True,False,1,0,0.0,11905.0,90535.08,9742.0,111362.37,8704.0,108606.8,1668.0054955944559,9490.5,2523.627290231271,124,1.0543978677005088,11.48412282276761,9.018453210312527
17392,19926,1163.52,4513,2024-02-01,0,0,1,True,False,False,False,True,False,False,False,False,False,True,False,5,0,0.09090909090909091,8253.0,97159.82,8624.0,67412.03,12453.0,78824.74,2009.9629349816305,9415.333333333334,2558.2180256316497,2534,0.2594722014603576,10.930580029691907,9.763823105408154
12472,13069,1302.08,10483,2024-03-01,0,0,1,True,False,False,False,True,False,False,False,False,False,True,False,9,0,0.18181818181818182,17392.0,55857.67,11905.0,90535.08,5515.0,97302.27,4600.101339463439,10238.5,4075.697964766285,597,0.8404553836286378,11.247378591370797,9.431321587125709
7394,7735,785.24,4975,2024-04-01,0,0,1,True,False,False,False,True,False,False,False,False,False,True,False,14,0,0.2727272727272727,12472.0,76677.65,8253.0,97159.82,9742.0,111362.37,4573.978610939641,11398.0,3396.0859235302123,341,0.6727518593644354,11.68643035224078,8.9085593751449
11299,12253,732.18,7281,2024-05-01,0,0,0,True,False,False,False,True,False,False,False,False,True,False,False,18,0,0.36363636363636365,7394.0,118945.65,17392.0,55857.67,8624.0,67412.03,4999.208070618118,11006.666666666666,3742.668228238607,954,0.6443362831858407,10.975091545321044,9.332558004700433
13475,15431,1142.01,5354,2024-06-01,0,0,1,True,False,False,False,True,False,False,False,False,False,True,False,22,0,0.45454545454545453,11299.0,58400.19,12472.0,76677.65,11905.0,90535.08,2658.666269642225,11452.5,3556.784545063146,1956,0.3972989017512615,11.601870155238135,9.508665604526444
13917,14312,862.16,12170,2024-07-01,0,0,1,True,False,False,False,True,False,False,False,False,False,True,False,27,0,0.5454545454545454,13475.0,109301.02,7394.0,118945.65,8253.0,97159.82,3081.1946276295666,11714.166666666666,3653.1771058445447,395,0.8744072424198879,11.389083661995262,9.540938245404796
12279,13291,764.37,11569,2024-08-01,0,0,1,True,False,False,False,True,False,False,False,False,False,True,False,31,0,0.6363636363636364,13917.0,88350.96,11299.0,58400.19,17392.0,55857.67,1401.4435414956918,12658.166666666666,3294.070394916711,1012,0.9421009771986971,11.276445376070624,9.415727201701133
9927,10308,701.34,10190,2024-09-01,0,0,1,True,False,False,False,True,False,False,False,False,False,True,False,35,0,0.7272727272727273,12279.0,78939.16,13475.0,109301.02,12472.0,76677.65,847.429839770421,11806.0,2350.8279392588597,381,1.0263900080580177,11.629704085259227,9.203114326884442
8169,8904,578.37,5765,2024-10-01,0,0,1,True,False,False,False,True,False,False,False,False,False,True,False,40,1,0.8181818181818182,9927.0,112386.06,13917.0,88350.96,7394.0,118945.65,2005.6191064107811,11381.833333333334,2434.7295879967282,735,0.7056303549571603,11.017633401667759,9.008224187854049
11286,11627,573.89,14874,2024-11-01,0,0,0,True,False,False,False,True,False,False,False,False,True,False,False,44,1,0.9090909090909091,8169.0,60938.29,12279.0,78939.16,11299.0,58400.19,2062.141605225007,11511.0,2189.014390085194,341,1.3177992380614867,11.612571594579512,9.331406899955626
6440,7318,438.56,4624,2024-12-01,0,0,2,True,False,False,False,True,False,False,False,False,False,False,True,48,1,1.0,11286.0,110476.99,9927.0,112386.06,13475.0,109301.02,1562.7504599263332,11508.833333333334,2189.272611317905,878,0.7179009470579103,11.466336770786542,8.77043908654689
10494,11614,544.64,4016,2025-01-01,0,0,2,True,False,False,False,True,False,False,False,False,False,False,True,1,0,0.0,6440.0,95446.99,8169.0,60938.29,13917.0,88350.96,2455.9060106879683,10336.333333333334,2740.1932535255055,1120,0.3826584087660791,10.898426235247175,9.258654232254733
11891,12152,1191.48,10334,2025-02-01,0,0,2,True,False,False,False,True,False,False,False,False,False,False,True,5,0,0.09090909090909091,10494.0,54090.17,11286.0,110476.99,12279.0,78939.16,2599.547909412961,9765.833333333334,2135.1420951933583,261,0.868987554658594,11.39158449486499,9.383621184117988
8756,9316,449.18,7300,2025-03-01,0,0,0,True,False,False,False,True,False,False,False,False,True,False,False,9,0,0.18181818181818182,11891.0,88572.19,6440.0,95446.99,9927.0,112386.06,2831.3696920983843,9701.166666666666,2047.8962294673727,560,0.83361881923033,11.659314616196578,9.077608659522225
7653,8003,786.35,4186,2025-04-01,0,0,2,True,False,False,False,True,False,False,False,False,False,False,True,14,0,0.2727272727272727,8756.0,115763.66,10494.0,54090.17,8169.0,60938.29,1570.5878941763515,9506.0,2077.652232689584,350,0.5469035798275411,11.22798070931275,8.942983665985647
5937,6483,424.79,14940,2025-05-01,0,0,1,True,False,False,False,True,False,False,False,False,False,True,False,18,0,0.36363636363636365,7653.0,75204.58,11891.0,88572.19,11286.0,110476.99,2198.69195962811,9420.0,2153.3628584147195,546,2.515998652745032,11.275152676271636,8.689127655323706
8638,8830,621.94,11090,2025-06-01,0,0,0,True,False,False,False,True,False,False,False,False,True,False,False,22,0,0.45454545454545453,5937.0,78837.18,8756.0,115763.66,6440.0,95446.99,1420.5647937821361,8528.5,2326.6094429448176,192,1.283713392753791,11.504323574562463,9.064042114358884
2723,2943,174.82,9020,2025-07-01,0,0,2,True,False,False,False,True,False,False,False,False,False,False,True,27,0,0.5454545454545454,8638.0,99142.5,7653.0,75204.58,10494.0,54090.17,1366.8870960446156,8894.833333333334,2093.347311524456,220,3.311306901615272,11.064008657697446,7.909856667269403
14792,14834,1595.32,6364,2025-08-01,0,0,0,True,False,False,False,True,False,False,False,False,True,False,False,31,0,0.6363636363636364,2723.0,63830.92,5937.0,78837.18,11891.0,88572.19,2961.205328915902,7599.666666666667,3078.3101641430885,42,0.4302034746163726,10.965696887768022,9.601909374892236
9269,10104,951.0,8148,2025-09-01,0,0,2,True,False,False,False,True,False,False,False,False,False,False,True,36,0,0.7272727272727273,14792.0,57854.1,8638.0,99142.5,8756.0,115763.66,6034.894392889845,8083.166666666667,3982.246874148645,835,0.8789644012944984,11.395594589573985,9.1345386585599
3031,3438,253.69,3311,2025-10-01,0,0,2,True,False,False,False,True,False,False,False,False,False,False,True,40,1,0.8181818181818182,9269.0,88928.09,2723.0,63830.92,7653.0,75204.58,6041.721691703447,8168.666666666667,4005.0239782886015,407,1.0920184696569921,11.611054395633783,8.016977746762262
15194,16944,1109.92,14252,2025-11-01,0,0,0,True,False,False,False,True,False,False,False,False,True,False,False,44,1,0.9090909090909091,3031.0,110309.5,14792.0,57854.1,5937.0,78837.18,5884.121203147781,7398.333333333333,4533.658816746872,1750,0.9379401118789076,11.573177688043094,9.628721705350893
7317,7883,639.87,14412,2025-12-01,0,0,1,True,False,False,False,True,False,False,False,False,False,True,False,49,1,1.0,15194.0,106209.44,9269.0,88928.09,8638.0,99142.5,6082.1711857965065,8941.166666666666,5424.48572370383,566,1.969390543864444,11.214776404220805,8.898092345579153
6089,6791,620.16,8105,2015-07-01,1,0,2,False,True,False,False,True,False,False,False,False,False,False,True,27,0,0.5454545454545454,9777.0,66810.19,7509.0,69729.83,2161.0,112637.91,1394.9333317402668,6708.333333333333,3015.149194760794,702,1.3308702791461413,11.052381907806605,8.714403360703942
5021,5368,314.82,10034,2015-08-01,1,0,2,False,True,False,False,True,False,False,False,False,False,False,True,31,0,0.6363636363636364,6089.0,63093.06,10050.0,98702.41,5325.0,100975.14,2212.2911954201086,7363.0,2125.531745234589,347,1.9980087614496216,11.66402145540942,8.52158353971753
12851,14451,1349.35,5459,2015-09-01,1,0,0,False,True,False,False,True,False,False,False,False,True,False,False,36,0,0.7272727272727273,5021.0,116309.83,9777.0,66810.19,5428.0,70551.43,2495.379196301302,7312.333333333333,2186.5746423725545,1600,0.42475879240585124,11.261946194803281,9.461254720235749
7750,8169,518.47,4641,2015-10-01,1,0,0,False,True,False,False,True,False,False,False,False,True,False,False,40,1,0.8181818181818182,12851.0,77802.85,6089.0,63093.06,7509.0,69729.83,4246.060291611507,8549.5,2893.0320254017233,419,0.5987614501354664,10.940432749121108,8.955577146281511
7876,7944,701.75,14133,2015-11-01,1,0,1,False,True,False,False,True,False,False,False,False,False,True,False,44,1,0.9090909090909091,7750.0,56410.75,5021.0,116309.83,10050.0,98702.41,3974.4295607462122,8589.666666666666,2877.3269307929995,68,1.7942109940332613,11.677067606346501,8.971702399703325
9736,10358,487.77,12537,2015-12-01,1,0,2,False,True,False,False,True,False,False,False,False,False,False,True,49,1,1.0,7876.0,117837.18,12851.0,77802.85,9777.0,66810.19,2909.3728419254435,8227.333333333334,2792.2781141330934,622,1.2875629043853343,11.309561133815508,9.183688340978756
10790,10922,1090.87,4914,2016-01-01,1,0,2,False,True,False,False,True,False,False,False,False,False,False,True,53,0,0.0,9736.0,81597.09,7750.0,56410.75,6089.0,63093.06,1112.0305751192273,8220.5,2787.773789244744,132,0.4553794829024187,10.900909322714055,9.286467732363734
10207,10691,506.78,4780,2016-02-01,1,0,2,False,True,False,False,True,False,False,False,False,False,False,True,5,0,0.09090909090909091,10790.0,54224.65,7876.0,117837.18,5021.0,116309.83,1475.461057884393,9004.0,2728.8905437924755,484,0.4682601880877743,11.356358668682905,9.23092700558457
9749,10459,675.61,6687,2016-03-01,1,0,1,False,True,False,False,True,False,False,False,False,False,True,False,9,0,0.18181818181818182,10207.0,85506.44,9736.0,81597.09,12851.0,77802.85,527.9908458802402,9868.333333333334,1914.9258645354005,710,0.6858461538461539,11.126900565551377,9.185022563991893
6317,7033,552.42,12545,2016-04-01,1,0,2,False,True,False,False,True,False,False,False,False,False,False,True,13,0,0.2727272727272727,9749.0,67974.36,10790.0,54224.65,7750.0,56410.75,521.7493012293654,9351.333333333334,1252.9095205427461,716,1.98559670781893,11.216283505680298,8.75115798136203
13737,14494,1217.79,11803,2016-05-01,1,0,0,False,True,False,False,True,False,False,False,False,True,False,False,17,0,0.36363636363636365,6317.0,74330.01,10207.0,85506.44,7876.0,117837.18,2126.0482904518726,9112.5,1682.2350311416023,757,0.859149803464842,11.27707755394438,9.527920994773828
2134,2172,228.23,10749,2016-06-01,1,0,1,False,True,False,False,True,False,False,False,False,False,True,False,22,0,0.45454545454545453,13737.0,78989.08,9749.0,67974.36,9736.0,81597.09,3713.4702548065916,10089.333333333334,2378.2944028582015,38,5.034660421545667,11.06388347737848,7.666221925662725
13821,14501,1148.53,5647,2016-07-01,1,0,0,False,True,False,False,True,False,False,False,False,True,False,False,26,0,0.5454545454545454,2134.0,63822.93,6317.0,74330.01,10790.0,54224.65,5876.2728833845,8822.333333333334,4045.0505888884327,680,0.40855158443061784,11.294550028109628,9.53401680465134
12772,13650,1281.67,14348,2016-08-01,1,0,0,False,True,False,False,True,False,False,False,False,True,False,False,31,0,0.6363636363636364,13821.0,80381.36,13737.0,78989.08,10207.0,85506.44,6723.375070106778,9327.5,4503.242553982629,878,1.1233069756517655,11.337735299252463,9.455088847042777
12186,13009,796.96,10451,2016-09-01,1,0,1,False,True,False,False,True,False,False,False,False,False,True,False,35,0,0.7272727272727273,12772.0,83928.74,2134.0,63822.93,9749.0,67974.36,6465.9803845459755,9755.0,4719.968008366157,823,0.8575531303848363,11.536825959039495,9.408125088823502
14004,15629,1022.99,8320,2016-10-01,1,0,0,False,True,False,False,True,False,False,False,False,True,False,False,39,1,0.8181818181818182,12186.0,102417.84,13821.0,80381.36,6317.0,74330.01,828.3539903527515,10161.166666666666,4823.077582484721,1625,0.594073545162442,11.431017118073592,9.54716968769421
10434,11337,1043.92,9703,2016-11-01,1,0,0,False,True,False,False,True,False,False,False,False,True,False,False,44,1,0.9090909090909091,14004.0,92134.64,12772.0,83928.74,13737.0,78989.08,927.9317503638542,11442.333333333334,4614.148010918879,903,0.9298514614278869,10.879230266011673,9.252920819511301
8855,9679,907.19,3473,2016-12-01,1,0,1,False,True,False,False,True,False,False,False,False,False,True,False,48,1,1.0,10434.0,53061.74,12186.0,102417.84,2134.0,63822.93,1785.1016777763648,10891.833333333334,4480.730941115149,824,0.39216350496838304,11.068088092225437,9.088850474388472
6240,6540,629.93,10685,2017-01-01,1,0,1,False,True,False,False,True,False,False,False,False,False,True,False,52,0,0.0,8855.0,64091.85,14004.0,92134.64,13821.0,80381.36,2637.8761027260784,12012.0,2015.1999404525536,300,1.71206537413876,11.330822964181754,8.738895704934043
14501,16437,741.73,3697,2017-02-01,1,0,1,False,True,False,False,True,False,False,False,False,False,True,False,5,0,0.09090909090909091,6240.0,83350.59,10434.0,53061.74,12772.0,83928.74,2118.218669857605,10748.5,2855.523191991266,1936,0.2549303544338712,11.157958632806185,9.582041849931539
15491,16526,1282.65,13123,2017-03-01,1,0,1,False,True,False,False,True,False,False,False,False,False,True,False,9,0,0.18181818181818182,14501.0,70118.67,8855.0,64091.85,12186.0,102417.84,4222.157071134769,11036.666666666666,3170.4424717484862,1035,0.8470823650916602,11.07665026308169,9.648079040634643
16044,16841,808.62,3853,2017-04-01,1,0,2,False,True,False,False,True,False,False,False,False,False,False,True,13,0,0.2727272727272727,15491.0,64642.98,6240.0,83350.59,14004.0,92134.64,5079.455712311442,11587.5,3659.457377808898,797,0.24013711436584606,11.606899388745635,9.683152553543957
8571,8637,564.4,13351,2017-05-01,1,0,1,False,True,False,False,True,False,False,False,False,False,True,False,18,0,0.36363636363636365,16044.0,109852.11,14501.0,70118.67,10434.0,53061.74,781.7456960759998,11927.5,4007.1301825620753,66,1.557512832477835,11.354359769957453,9.056256356593467
4694,5104,483.72,14490,2017-06-01,1,0,2,False,True,False,False,True,False,False,False,False,False,False,True,22,0,0.45454545454545453,8571.0,85335.69,15491.0,64642.98,8855.0,64091.85,4164.09129743013,11617.0,4212.898052410001,410,3.086261980830671,11.123108926820395,8.454253391642363
6698,7530,465.18,13965,2017-07-01,1,0,1,False,True,False,False,True,False,False,False,False,False,True,False,26,0,0.5454545454545454,4694.0,67717.11,16044.0,109852.11,6240.0,83350.59,5769.161666423757,10923.5,5023.0704056383665,832,2.084639498432602,11.564108003224545,8.809713540508268
10232,11717,535.65,3889,2017-08-01,1,0,1,False,True,False,False,True,False,False,False,False,False,True,False,31,0,0.6363636363636364,6698.0,105250.5,8571.0,85335.69,14501.0,70118.67,1938.8688282948233,10999.833333333334,4940.4635173905135,1485,0.38004495260431936,10.908897155739478,9.233373071086755
8946,10154,793.06,13138,2017-09-01,1,0,0,False,True,False,False,True,False,False,False,False,True,False,False,35,0,0.7272727272727273,10232.0,54659.53,4694.0,67717.11,15491.0,64642.98,2804.003566331542,10288.333333333334,4633.247356516448,1208,1.468425170448195,11.693011524901994,9.099073559547596
12490,13026,1347.05,3360,2017-10-01,1,0,0,False,True,False,False,True,False,False,False,False,True,False,False,39,1,0.8181818181818182,8946.0,119731.04,6698.0,105250.5,16044.0,109852.11,1788.689278028283,9197.5,3871.163119787128,536,0.26899367544632136,11.572945857217915,9.43276366396591
5328,5502,282.92,6428,2017-11-01,1,0,0,False,True,False,False,True,False,False,False,False,True,False,False,44,1,0.9090909090909091,12490.0,106184.82,10232.0,54659.53,8571.0,85335.69,1794.0780362068997,8605.166666666666,2712.576665583239,174,1.2062300619253143,11.047704619955782,8.580918882296782
8177,8522,404.76,11592,2017-12-01,1,0,0,False,True,False,False,True,False,False,False,False,True,False,False,48,1,1.0,5328.0,62798.64,8946.0,119731.04,4694.0,67717.11,3581.063715341203,8064.666666666667,3025.761832442648,345,1.417461482024945,11.67365065668184,9.009202900924588
6558,6780,664.0,9931,2018-01-01,1,0,0,False,True,False,False,True,False,False,False,False,True,False,False,1,0,0.0,8177.0,117435.22,12490.0,106184.82,6698.0,105250.5,3605.8520491001855,8645.166666666666,2545.801124728065,222,1.5141027595670071,11.440128079775954,8.788593431293735
13038,14926,1374.86,7149,2018-02-01,1,0,2,False,True,False,False,True,False,False,False,False,False,False,True,5,0,0.09090909090909091,6558.0,92977.92,5328.0,62798.64,10232.0,54659.53,1428.9192886000737,8621.833333333334,2567.7638845241754,1888,0.5482782421964875,11.26011968231587,9.475700145423472
13104,13912,1375.92,12912,2018-03-01,1,0,0,False,True,False,False,True,False,False,False,False,True,False,False,9,0,0.18181818181818182,13038.0,77660.87,8177.0,117435.22,8946.0,119731.04,3372.459092907332,9089.5,3116.5582137993206,808,0.9852727966425029,11.110030201979693,9.480749115757506
2568,2829,260.78,3013,2018-04-01,1,0,1,False,True,False,False,True,False,False,False,False,False,True,False,13,0,0.2727272727272727,13104.0,66837.21,6558.0,92977.92,12490.0,106184.82,3760.4271034019544,9782.5,3515.0760873699455,261,1.1728298949007396,11.663203484289884,7.851271997109883
12296,13590,1256.04,13936,2018-05-01,1,0,1,False,True,False,False,True,False,False,False,False,False,True,False,18,0,0.36363636363636365,2568.0,116214.73,13038.0,77660.87,5328.0,62798.64,6063.9996701846885,8128.833333333333,4244.751414001376,1294,1.133284540944946,11.395869265104704,9.417110609172447
9691,10853,514.59,10577,2018-06-01,1,0,2,False,True,False,False,True,False,False,False,False,False,False,True,22,0,0.45454545454545453,12296.0,88952.52,13104.0,66837.21,8177.0,117435.22,5863.647101704992,9290.166666666666,4278.270978639231,1162,1.091312422616591,11.394469465424434,9.179056081936416
4510,4736,463.4,9940,2018-07-01,1,0,1,False,True,False,False,True,False,False,False,False,False,True,False,26,0,0.5454545454545454,9691.0,88828.09,2568.0,116214.73,6558.0,92977.92,5035.823964357771,9542.5,4243.99593543632,226,2.203502549323875,11.524477680437712,8.414274137408396
8415,9592,527.62,13634,2018-08-01,1,0,2,False,True,False,False,True,False,False,False,False,False,False,True,31,0,0.6363636363636364,4510.0,101160.92,12296.0,88952.52,13038.0,77660.87,3963.386220561068,9201.166666666666,4599.505904623526,1177,1.620009505703422,10.847600628424203,9.03788993497749
13280,14227,679.27,5019,2018-09-01,1,0,2,False,True,False,False,True,False,False,False,False,False,False,True,35,0,0.7272727272727273,8415.0,51409.65,9691.0,88828.09,13104.0,66837.21,2699.3814723623896,8430.666666666666,4197.904699569379,947,0.3779082900384007,11.603112178571626,9.49408972140025
9910,10710,660.01,4168,2018-10-01,1,0,0,False,True,False,False,True,False,False,False,False,True,False,False,40,1,0.8181818181818182,13280.0,109436.86,4510.0,101160.92,2568.0,116214.73,4393.748399715215,8460.0,4237.519227095024,800,0.4205428311976592,11.690657254880326,9.201400530406708
7886,8591,673.07,4587,2018-11-01,1,0,0,False,True,False,False,True,False,False,False,False,True,False,False,44,1,0.9090909090909091,9910.0,119449.49,8415.0,51409.65,12296.0,88952.52,2491.992174947591,9683.666666666666,3104.3685777733726,705,0.5815899581589958,11.58065766214114,8.97297111339799
6620,7570,683.18,13775,2018-12-01,1,0,0,False,True,False,False,True,False,False,False,False,True,False,False,48,1,1.0,7886.0,107006.87,13280.0,109436.86,9691.0,88828.09,2724.845928366108,8948.666666666666,2875.812627183258,950,2.0805014348285757,11.288510480727618,8.798001694924846
8718,9352,585.85,9216,2019-01-01,1,0,0,False,True,False,False,True,False,False,False,False,True,False,False,1,0,0.0,6620.0,79897.35,9910.0,119449.49,4510.0,101160.92,1659.489479729637,8436.833333333334,2988.353420642658,634,1.0570019497648813,10.932735650786944,9.073259831427816
10319,11482,739.87,7360,2019-02-01,1,0,1,False,True,False,False,True,False,False,False,False,False,True,False,5,0,0.09090909090909091,8718.0,55978.21,7886.0,107006.87,8415.0,51409.65,1056.455078710561,9138.166666666666,2296.0446351642804,1163,0.7131782945736435,11.660434796930858,9.241839039035554
11227,12883,932.96,11645,2019-03-01,1,0,1,False,True,False,False,True,False,False,False,False,False,True,False,9,0,0.18181818181818182,10319.0,115893.41,6620.0,79897.35,13280.0,109436.86,1855.0564232209608,9455.5,2307.6524651688796,1656,1.0371392946205913,10.88768493951109,9.326165937481774
10842,12009,1081.49,8494,2019-04-01,1,0,0,False,True,False,False,True,False,False,False,False,True,False,False,14,0,0.2727272727272727,11227.0,53512.27,8718.0,55978.21,9910.0,119449.49,1270.350738969369,9113.333333333334,1699.1317390557665,1167,0.7833625380429771,11.239068056625372,9.291274989472182
7417,8061,527.35,10580,2019-05-01,1,0,2,False,True,False,False,True,False,False,False,False,False,False,True,18,0,0.36363636363636365,10842.0,76043.05,10319.0,115893.41,7886.0,107006.87,455.74444593437113,9268.666666666666,1824.504498943939,644,1.4262604475599892,11.628314882651853,8.911664758049536
1126,1171,112.66,10866,2019-06-01,1,0,1,False,True,False,False,True,False,False,False,False,False,True,False,22,0,0.45454545454545453,7417.0,112230.04,11227.0,53512.27,6620.0,79897.35,2097.417062325315,9190.5,1903.907849660799,45,9.641526175687666,11.185778670930862,7.027314514039777
4589,5205,481.16,13883,2019-07-01,1,0,2,False,True,False,False,True,False,False,False,False,False,False,True,27,0,0.5454545454545454,1126.0,72096.79,10842.0,76043.05,8718.0,55978.21,4927.946867949504,8274.833333333334,3782.1248745469356,616,3.0246187363834425,10.955082479691162,8.431635303054591
13326,15182,969.47,8350,2019-08-01,1,0,0,False,True,False,False,True,False,False,False,False,True,False,False,31,0,0.6363636363636364,4589.0,57243.25,7417.0,112230.04,10319.0,115893.41,3150.836767167305,7586.666666666667,4051.416377844503,1856,0.6265476101148045,11.347732846702975,9.497547331579726
10142,10308,637.42,10776,2019-09-01,1,0,0,False,True,False,False,True,False,False,False,False,True,False,False,35,0,0.7272727272727273,13326.0,84772.04,1126.0,72096.79,11227.0,53512.27,6287.123587142215,8087.833333333333,4605.152914580218,166,1.062407571724342,11.67512568868671,9.224539091375995
5655,6381,281.62,6152,2019-10-01,1,0,1,False,True,False,False,True,False,False,False,False,False,True,False,40,1,0.8181818181818182,10142.0,117608.57,4589.0,57243.25,10842.0,76043.05,4421.704686354952,7907.0,4476.7442634128665,726,1.0876944837340876,10.949887528157147,8.640472207576408
12478,13181,647.61,3929,2019-11-01,1,0,2,False,True,False,False,True,False,False,False,False,False,False,True,44,1,0.9090909090909091,5655.0,56946.64,13326.0,84772.04,7417.0,112230.04,3853.899886262401,7042.5,4293.70035051353,703,0.31484894622966586,11.541927898875377,9.431802510507854
15301,16170,1094.79,10808,2019-12-01,1,0,1,False,True,False,False,True,False,False,False,False,False,True,False,48,1,1.0,12478.0,102941.71,10142.0,117608.57,1126.0,72096.79,3467.5494228633584,7886.0,4843.857347197583,869,0.7063129002744739,11.599297087360519,9.635738817791797
8186,8985,419.94,3877,2020-01-01,1,0,1,False,True,False,False,True,False,False,False,False,False,True,False,1,0,0.0,15301.0,109020.14,5655.0,56946.64,4589.0,57243.25,4959.300589128809,10248.5,4315.3437290672455,799,0.47355563698546477,11.58726446043601,9.010302809376448
19298,21732,1652.87,6843,2020-02-01,1,0,1,False,True,False,False,True,False,False,False,False,False,True,False,5,0,0.09090909090909091,8186.0,107716.19,12478.0,102941.71,13326.0,84772.04,3582.6856313851154,10848.0,3554.6735996431507,2434,0.35457795740711956,11.693415762699024,9.86780856007911
5479,6104,279.43,3635,2020-03-01,1,0,0,False,True,False,False,True,False,False,False,False,True,False,False,9,0,0.18181818181818182,19298.0,119779.45,15301.0,109020.14,10142.0,117608.57,5628.436402175419,11843.333333333334,4949.674884946147,625,0.6633211678832117,11.512045077542922,8.608860379942062
4068,4417,259.33,11957,2020-04-01,1,0,1,False,True,False,False,True,False,False,False,False,False,True,False,14,0,0.2727272727272727,5479.0,99911.0,8186.0,107716.19,5655.0,56946.64,7323.127223620614,11066.166666666666,5594.330752348011,349,2.938559842713197,11.301349253277237,8.31115254800169
6793,7690,423.88,13440,2020-05-01,1,0,2,False,True,False,False,True,False,False,False,False,False,False,True,18,0,0.36363636363636365,4068.0,80929.76,19298.0,119779.45,12478.0,102941.71,8415.348893539709,10801.666666666666,5928.853739692578,897,1.978216073005593,11.197925089150429,8.82379514872053
8410,9192,746.81,8216,2020-06-01,1,0,2,False,True,False,False,True,False,False,False,False,False,False,True,23,0,0.45454545454545453,6793.0,72977.86,5479.0,99911.0,15301.0,109020.14,1362.7877066268693,9854.166666666666,6060.186644540469,782,0.9768160741885626,11.209339053015295,9.037295651962438
4897,5446,431.92,3465,2020-07-01,1,0,2,False,True,False,False,True,False,False,False,False,False,False,True,27,0,0.5454545454545454,8410.0,73815.61,4068.0,80929.76,8186.0,107716.19,2194.4353108108076,8705.666666666666,5443.025286241712,549,0.7074316047366271,11.58947669992505,8.496582237512113
10062,10568,706.35,8810,2020-08-01,1,0,0,False,True,False,False,True,False,False,False,False,True,False,False,31,0,0.6363636363636364,4897.0,107954.75,6793.0,72977.86,19298.0,119779.45,1758.3455291836115,8157.5,5666.843733508099,506,0.8754844479777403,11.547891563148493,9.216620609933333
4085,4224,354.78,7559,2020-09-01,1,0,0,False,True,False,False,True,False,False,False,False,True,False,False,36,0,0.7272727272727273,10062.0,103557.46,8410.0,73815.61,5479.0,99911.0,2637.7862561878155,6618.166666666667,2274.4092346512048,139,1.84997552618698,11.648824564862347,8.315321775377567
11466,11648,574.45,14739,2020-10-01,1,0,2,False,True,False,False,True,False,False,False,False,False,False,True,40,1,0.8181818181818182,4085.0,114555.63,4897.0,107954.75,4068.0,80929.76,3241.9412394428114,6385.833333333333,2476.2894351562945,182,1.2853405424260922,11.34445580612726,9.347228624038305
10137,10384,888.0,5998,2020-11-01,1,0,2,False,True,False,False,True,False,False,False,False,False,False,True,44,1,0.9090909090909091,11466.0,84494.69,10062.0,103557.46,6793.0,72977.86,3919.50052089974,7618.833333333333,2897.380017648129,247,0.5916354310514894,11.632070861080924,9.224046019032295
2506,2586,177.8,12994,2020-12-01,1,0,0,False,True,False,False,True,False,False,False,False,True,False,False,49,1,1.0,10137.0,112652.37,4085.0,114555.63,8410.0,73815.61,3934.2959132903734,8176.166666666667,3025.541103119683,80,5.183087355404866,11.480544102049466,7.826842098158293
12075,12415,769.78,5534,2021-01-01,1,0,2,False,True,False,False,True,False,False,False,False,False,False,True,53,0,0.0,2506.0,96812.73,11466.0,84494.69,4897.0,107954.75,4835.286995963459,7192.166666666667,3796.210500837207,340,0.4582643259357403,11.448244853738338,9.39897529082673
11280,11681,1123.49,14449,2021-02-01,1,0,2,False,True,False,False,True,False,False,False,False,False,False,True,5,0,0.09090909090909091,12075.0,93735.68,10137.0,112652.37,10062.0,103557.46,5058.882715910039,8388.5,4050.7545346515385,401,1.2808261678929174,11.306025642048096,9.33087517360492
6327,7186,403.35,7573,2021-03-01,1,0,0,False,True,False,False,True,False,False,False,False,True,False,False,9,0,0.18181818181818182,11280.0,81309.11,2506.0,96812.73,4085.0,114555.63,5310.066885956649,8591.5,4179.855918569443,859,1.1967446270543616,11.403974399886703,8.75273950944749
11441,11747,614.38,6127,2021-04-01,1,0,1,False,True,False,False,True,False,False,False,False,False,True,False,13,0,0.2727272727272727,6327.0,89676.43,12075.0,93735.68,11466.0,84494.69,3114.5823154959317,8965.166666666666,3777.2380076805684,306,0.5354833071141409,10.925437815358581,9.345046074828474
4349,4579,300.73,4311,2021-05-01,1,0,0,False,True,False,False,True,False,False,False,False,True,False,False,17,0,0.36363636363636365,11441.0,55571.17,11280.0,81309.11,10137.0,112652.37,2907.2073082828706,8961.0,3773.9399571270346,230,0.9910344827586207,11.461165430097335,8.37793112408273
11325,12940,1151.75,14052,2021-06-01,1,0,0,False,True,False,False,True,False,False,False,False,True,False,False,22,0,0.45454545454545453,4349.0,94954.67,6327.0,89676.43,2506.0,96812.73,3659.7345987562176,7996.333333333333,4135.6303348663405,1615,1.2406851492141975,10.850408357296667,9.33485624667375
5159,5872,425.62,10472,2021-07-01,1,0,1,False,True,False,False,True,False,False,False,False,False,True,False,26,0,0.5454545454545454,11325.0,51554.2,11441.0,55571.17,12075.0,93735.68,4061.4959477184425,9466.166666666666,3270.810078048963,713,2.029457364341085,11.682638028130498,8.548691858475609
8120,8360,411.68,9370,2021-08-01,1,0,0,False,True,False,False,True,False,False,False,False,True,False,False,30,0,0.6363636363636364,5159.0,118495.42,4349.0,94954.67,11280.0,81309.11,3815.3250626038844,8313.5,3384.2229093249766,240,1.1537987932520626,11.187318170520678,9.002208578282412
11351,12445,762.79,6959,2021-09-01,1,0,1,False,True,False,False,True,False,False,False,False,False,True,False,35,0,0.7272727272727273,8120.0,72207.87,11325.0,51554.2,6327.0,89676.43,3083.8045225554315,7786.833333333333,3060.6495007868316,1094,0.6130197322057788,11.248173151381833,9.337149218839878
12038,12914,805.34,13798,2021-10-01,1,0,2,False,True,False,False,True,False,False,False,False,False,False,True,39,1,0.8181818181818182,11351.0,76738.6,5159.0,118495.42,11441.0,55571.17,3096.980949247186,8624.166666666666,3262.0019875326066,876,1.1461084807708282,11.384447908745189,9.395906658935026
7825,8121,420.2,4631,2021-11-01,1,0,1,False,True,False,False,True,False,False,False,False,False,True,False,44,1,0.9090909090909091,12038.0,87942.33,8120.0,72207.87,4349.0,94954.67,2092.130254071195,8723.666666666666,3372.346107188091,296,0.5917454638384871,11.578264884053402,8.965206802770357
15357,17137,769.39,13294,2021-12-01,1,0,1,False,True,False,False,True,False,False,False,False,False,True,False,48,1,1.0,7825.0,106751.13,11351.0,76738.6,11325.0,51554.2,2260.3102294449172,9303.0,2702.581062614034,1780,0.8656075009766897,11.20814999594022,9.639391789890489
7779,8724,512.25,11377,2022-01-01,1,0,2,False,True,False,False,True,False,False,False,False,False,False,True,52,0,0.0,15357.0,73727.89,12038.0,87942.33,5159.0,118495.42,3774.8323141564847,9975.0,3643.422841230482,945,1.4623393316195372,11.495576945885608,8.959311617172437
15018,15865,1597.16,10052,2022-02-01,1,0,0,False,True,False,False,True,False,False,False,False,True,False,False,5,0,0.09090909090909091,7779.0,98279.11,7825.0,106751.13,8120.0,72207.87,4361.941922278807,10411.666666666666,3061.2789266361633,847,0.6692855716092949,11.661204770535612,9.61707134520558
6899,7132,353.92,3852,2022-03-01,1,0,0,False,True,False,False,True,False,False,False,False,True,False,False,9,0,0.18181818181818182,15018.0,115982.68,15357.0,73727.89,11351.0,76738.6,4280.656608512297,11561.333333333334,3313.4065048929106,233,0.5582608695652174,11.438763291347634,8.83927669058535
13867,15747,1017.14,12717,2022-04-01,1,0,0,False,True,False,False,True,False,False,False,False,True,False,False,13,0,0.2727272727272727,6899.0,92851.11,7779.0,98279.11,12038.0,87942.33,4455.253116640325,10819.333333333334,3828.394998777772,1880,0.9170031727718488,10.841462082371361,9.537339306804913
12897,14591,864.74,4181,2022-05-01,1,0,0,False,True,False,False,True,False,False,False,False,True,False,False,17,0,0.36363636363636365,13867.0,51095.03,15018.0,115982.68,7825.0,106751.13,4393.100385832311,11124.166666666666,4013.1938610870343,1694,0.3241587843076446,11.57213902111336,9.464827539570322
6353,6818,417.39,6528,2022-06-01,1,0,1,False,True,False,False,True,False,False,False,False,False,True,False,22,0,0.45454545454545453,12897.0,106099.18,6899.0,92851.11,15357.0,73727.89,3774.2533036350383,11969.5,3701.338447102614,465,1.0273843248347498,10.850906340166109,8.756839814829462
7998,9144,566.26,11832,2022-07-01,1,0,1,False,True,False,False,True,False,False,False,False,False,True,False,26,0,0.5454545454545454,6353.0,51579.88,13867.0,51095.03,7779.0,98279.11,4087.0737698260355,10468.833333333334,3874.4662815240326,1146,1.479184898112264,11.082641808842158,8.987071812848821
9876,10129,862.17,12287,2022-08-01,1,0,1,False,True,False,False,True,False,False,False,False,False,True,False,31,0,0.6363636363636364,7998.0,65031.46,12897.0,106099.18,15018.0,115982.68,3404.1680824150462,10505.333333333334,3844.9776418942492,253,1.2440012149438089,10.879448474430975,9.197964100908127
10568,11116,871.86,8410,2022-09-01,1,0,1,False,True,False,False,True,False,False,False,False,False,True,False,35,0,0.7272727272727273,9876.0,53073.32,6353.0,51579.88,6899.0,92851.11,1762.7836887529138,9648.333333333334,3147.839618955621,548,0.7957233418488031,11.036237787158813,9.265680467009346
11173,11362,772.61,12327,2022-10-01,1,0,0,False,True,False,False,True,False,False,False,False,True,False,False,39,1,0.8181818181818182,10568.0,62082.64,7998.0,65031.46,13867.0,51095.03,1329.8275577432325,10259.833333333334,2849.134283719647,189,1.103185967424378,11.58970269291745,9.321344930019094
8918,9081,441.44,8207,2022-11-01,1,0,1,False,True,False,False,True,False,False,False,False,False,True,False,44,1,0.9090909090909091,11173.0,107979.15,9876.0,53073.32,12897.0,106099.18,648.9861323633951,9810.833333333334,2332.399915680557,163,0.920170422693127,11.079723471421707,9.095939111666207
8171,9073,598.12,13713,2022-12-01,1,0,2,False,True,False,False,True,False,False,False,False,False,False,True,48,1,1.0,8918.0,64841.95,10568.0,62082.64,6353.0,51579.88,1167.1582297757793,9147.666666666666,1779.5748555951986,902,1.6780469897209986,11.012897172986797,9.008468955937513
9902,10828,491.63,3173,2023-01-01,1,0,0,False,True,False,False,True,False,False,False,False,True,False,False,52,0,0.0,8171.0,60650.35,11173.0,107979.15,7998.0,65031.46,1562.8519870203097,9450.666666666666,1298.2523124056706,926,0.3204079571846915,11.317196428263921,9.200593020521303
6820,7637,601.52,6992,2023-02-01,1,0,0,False,True,False,False,True,False,False,False,False,True,False,False,5,0,0.09090909090909091,9902.0,82222.5,8918.0,64841.95,9876.0,53073.32,868.1998617829862,9768.0,1087.8009009005295,817,1.0250696378830084,11.414699217570554,8.82776136765472
7822,7970,391.88,11457,2023-03-01,1,0,0,False,True,False,False,True,False,False,False,False,True,False,False,9,0,0.18181818181818182,6820.0,90643.38,8171.0,60650.35,10568.0,62082.64,1544.8994573542088,9258.666666666666,1614.8728329706553,148,1.464527674805062,11.403067517677894,8.96482339168508
6051,6712,536.42,13834,2023-04-01,1,0,0,False,True,False,False,True,False,False,False,False,True,False,False,13,0,0.2727272727272727,7822.0,89595.14,9902.0,82222.5,11173.0,107979.15,1572.1072906558663,8801.0,1557.6890575464677,661,2.2858559153998677,11.667150913430815,8.708144074908246
16651,16945,829.22,5772,2023-05-01,1,0,1,False,True,False,False,True,False,False,False,False,False,True,False,18,0,0.36363636363636365,6051.0,116674.39,6820.0,90643.38,8918.0,64841.95,888.0508619067535,7947.333333333333,1392.523704166888,294,0.34662503002642325,11.670600612273098,9.720285608314866
14025,15507,1502.08,5580,2023-06-01,1,0,1,False,True,False,False,True,False,False,False,False,False,True,False,22,0,0.45454545454545453,16651.0,117077.58,7822.0,89595.14,8171.0,60650.35,5678.140570057537,9236.166666666666,3861.105614544449,1482,0.3978325966063026,10.949834495580559,9.548668029096856
8193,8455,833.23,11987,2023-07-01,1,0,1,False,True,False,False,True,False,False,False,False,False,True,False,26,0,0.5454545454545454,14025.0,56943.62,6051.0,116674.39,9902.0,82222.5,5520.2740270147215,10211.833333333334,4257.4047219716695,262,1.4628996826946545,10.827890491304645,9.011157458106817
7527,8034,626.62,14185,2023-08-01,1,0,1,False,True,False,False,True,False,False,False,False,False,True,False,31,0,0.6363636363636364,8193.0,50406.26,16651.0,117077.58,6820.0,90643.38,4329.08504574966,9927.0,4338.6722853886995,507,1.8842986184909671,11.38582330333396,8.926384681265215
10505,11889,729.57,5566,2023-09-01,1,0,1,False,True,False,False,True,False,False,False,False,False,True,False,35,0,0.7272727272727273,7527.0,88063.37,14025.0,56943.62,7822.0,89595.14,3574.9075512522,10044.833333333334,4246.02470160816,1384,0.5297924995240815,11.225019500789898,9.259701801513907
4070,4344,364.47,12534,2023-10-01,1,0,2,False,True,False,False,True,False,False,False,False,False,False,True,39,1,0.8181818181818182,10505.0,74982.21,8193.0,50406.26,6051.0,116674.39,1562.9770738348448,10492.0,4104.01379139983,274,3.078850405305822,11.464450196216031,8.31164394850298
15370,16023,1337.19,4841,2023-11-01,1,0,1,False,True,False,False,True,False,False,False,False,False,True,False,44,1,0.9090909090909091,4070.0,95267.09,7527.0,88063.37,16651.0,117077.58,3220.4698932505694,10161.833333333334,4584.325224792267,653,0.31494372519679914,11.45960200592913,9.640237896224932
11128,12108,963.13,11768,2023-12-01,1,0,2,False,True,False,False,True,False,False,False,False,False,False,True,48,1,1.0,15370.0,94806.33,10505.0,74982.21,14025.0,56943.62,5668.148580738982,9948.333333333334,4238.452815198804,980,1.0574175577320515,11.187981027216315,9.317309592973425
16353,17144,819.29,8430,2024-01-01,1,0,1,False,True,False,False,True,False,False,False,False,False,True,False,1,0,0.0,11128.0,72255.75,4070.0,95267.09,8193.0,50406.26,5708.180212058247,9465.5,3826.121940032753,791,0.5154702213525743,11.3871940872681,9.702227794721923
7689,8468,498.25,13086,2024-02-01,1,0,0,False,True,False,False,True,False,False,False,False,True,False,False,5,0,0.09090909090909091,16353.0,88184.17,15370.0,94806.33,7527.0,88063.37,2776.733032420174,10825.5,4645.7904709532495,779,1.7016905071521455,11.209996412485387,8.94767606249969
8489,8936,575.55,7628,2024-03-01,1,0,2,False,True,False,False,True,False,False,False,False,False,False,True,9,0,0.18181818181818182,7689.0,73864.15,11128.0,72255.75,10505.0,74982.21,4362.57267370222,10852.5,4623.202385792775,447,0.8984687868080095,11.03000695653704,9.046644279305394
3297,3398,205.24,11344,2024-04-01,1,0,0,False,True,False,False,True,False,False,False,False,True,False,False,14,0,0.2727272727272727,8489.0,61697.01,16353.0,88184.17,4070.0,95267.09,4787.960456534007,10516.5,4725.632264575822,101,3.4396604002425715,11.26694500006571,8.101071503119543
8761,8977,563.77,12614,2024-05-01,1,0,1,False,True,False,False,True,False,False,False,False,False,True,False,18,0,0.36363636363636365,3297.0,78192.75,7689.0,73864.15,15370.0,94806.33,2795.4286493010923,10387.666666666666,4942.1094956168945,216,1.4396256562428669,10.877132245796231,9.078179468373843
9170,9703,972.48,7992,2024-06-01,1,0,1,False,True,False,False,True,False,False,False,False,False,True,False,22,0,0.45454545454545453,8761.0,52950.53,8489.0,61697.01,11128.0,72255.75,3079.1271490472745,9286.166666666666,4304.9928416510365,533,0.8714425907752699,11.05078333301771,9.123801610558944
15180,16081,1343.43,4919,2024-07-01,1,0,1,False,True,False,False,True,False,False,False,False,False,True,False,27,0,0.5454545454545454,9170.0,62992.28,3297.0,78192.75,16353.0,88184.17,3279.0930148441957,8959.833333333334,4210.629426423876,901,0.32402345036558855,11.685431506822942,9.627799924932715
981,983,83.73,4847,2024-08-01,1,0,0,False,True,False,False,True,False,False,False,False,True,False,False,31,0,0.6363636363636364,15180.0,118826.9,8761.0,52950.53,7689.0,73864.15,3593.766408658194,8764.333333333334,3806.553279105214,2,4.935845213849287,10.922990794755602,6.889591308354466
11125,11190,1161.45,4431,2024-09-01,1,0,1,False,True,False,False,True,False,False,False,False,False,True,False,35,0,0.7272727272727273,981.0,55435.35,9170.0,62992.28,8489.0,61697.01,7127.311578241359,7646.333333333333,4987.456893715138,65,0.3982563365090778,11.230936887107688,9.317039990635239
11346,11431,580.35,6417,2024-10-01,1,0,2,False,True,False,False,True,False,False,False,False,False,False,True,40,1,0.8181818181818182,11125.0,75427.23,15180.0,118826.9,3297.0,78192.75,7313.860836338995,8085.666666666667,5188.575591303133,85,0.5655239270291708,11.261428991548682,9.336708670790989
15338,17247,1548.37,3777,2024-11-01,1,0,1,False,True,False,False,True,False,False,False,False,False,True,False,44,1,0.9090909090909091,11346.0,77762.62,981.0,55435.35,8761.0,52950.53,5921.469440378235,9427.166666666666,4722.442055405938,1909,0.246235087033053,11.605676008061362,9.638153883748108
9061,9355,623.85,12180,2024-12-01,1,0,1,False,True,False,False,True,False,False,False,False,False,True,False,48,1,1.0,15338.0,109717.8,11125.0,75427.23,9170.0,62992.28,2371.155625428249,10523.333333333334,5268.623716556978,294,1.3440741558154932,11.13387504680133,9.111845125227083
10166,11068,876.82,12767,2025-01-01,1,0,1,False,True,False,False,True,False,False,False,False,False,True,False,1,0,0.0,9061.0,68450.11,11346.0,77762.62,15180.0,118826.9,3176.948693321947,10505.166666666666,5274.408153211757,902,1.2557293203501525,11.526685164619527,9.226902460275161
7305,7758,530.34,8772,2025-02-01,1,0,2,False,True,False,False,True,False,False,False,False,False,False,True,5,0,0.09090909090909091,10166.0,101384.48,15338.0,109717.8,981.0,55435.35,3350.9038084274152,9669.5,4757.47499205198,453,1.2006569942513003,11.667108572843121,8.896451207355227
18467,19834,1349.01,3131,2025-03-01,1,0,0,False,True,False,False,True,False,False,False,False,True,False,False,9,0,0.18181818181818182,7305.0,116669.45,9061.0,68450.11,11125.0,75427.23,1442.791391712608,10723.5,2705.6671450864,1367,0.16953649555988737,11.618913523681718,9.82379478362688
9374,10743,687.58,7424,2025-04-01,1,0,2,False,True,False,False,True,False,False,False,False,False,False,True,14,0,0.2727272727272727,18467.0,111179.86,10166.0,101384.48,11346.0,77762.62,5797.731826614039,11947.166666666666,4181.3778311301485,1369,0.7918933333333333,10.843555551370367,9.14580185083861
6127,6482,329.94,5083,2025-05-01,1,0,0,False,True,False,False,True,False,False,False,False,True,False,False,18,0,0.36363636363636365,9374.0,51202.11,7305.0,116669.45,15338.0,109717.8,5937.924076083607,11618.5,4313.496435607661,355,0.8294712793733682,11.64073689223934,8.720623711420426
12027,12592,1280.88,7324,2025-06-01,1,0,1,False,True,False,False,True,False,False,False,False,False,True,False,22,0,0.45454545454545453,6127.0,113632.87,18467.0,111179.86,9061.0,68450.11,6396.630076324045,10083.333333333334,4363.776560121595,565,0.6089125374127037,11.477882779690566,9.394992544108419
10000,11022,649.5,8368,2025-07-01,1,0,0,False,True,False,False,True,False,False,False,False,True,False,False,27,0,0.5454545454545454,12027.0,96555.42,9374.0,51202.11,10166.0,101384.48,2954.979356949894,10577.666666666666,4392.703298273929,1022,0.8367163283671633,11.208205739156329,9.210440366976517
11435,11620,579.75,9247,2025-08-01,1,0,1,False,True,False,False,True,False,False,False,False,False,True,False,31,0,0.6363636363636364,10000.0,73732.0,6127.0,113632.87,7305.0,116669.45,2997.7452082078867,10550.0,4396.335928929908,185,0.808586918502973,11.656647902048332,9.344521553442203
10381,11098,663.35,12599,2025-09-01,1,0,0,False,True,False,False,True,False,False,False,False,True,False,False,36,0,0.7272727272727273,11435.0,115455.36,12027.0,96555.42,18467.0,111179.86,1042.3065767805672,11238.333333333334,4099.981251989655,717,1.2135426700057792,11.121720594629862,9.247828816387175
16403,17990,1431.98,10354,2025-10-01,1,0,0,False,True,False,False,True,False,False,False,False,True,False,False,40,1,0.8181818181818182,10381.0,67623.16,10000.0,73732.0,9374.0,51202.11,743.3372944588169,9890.666666666666,2080.0671784023375,1587,0.6311875152401853,11.396663746523771,9.705280486511949
9171,10536,806.13,5555,2025-11-01,1,0,1,False,True,False,False,True,False,False,False,False,False,True,False,44,1,0.9090909090909091,16403.0,89023.22,11435.0,115455.36,6127.0,113632.87,3216.0126450829403,11062.166666666666,3332.940588529393,1365,0.6056476232010467,11.487514011575703,9.123910643977796
9164,9356,988.34,4155,2025-12-01,1,0,2,False,True,False,False,True,False,False,False,False,False,False,True,49,1,1.0,9171.0,97489.87,10381.0,67623.16,12027.0,96555.42,3873.6375669388626,11569.5,2577.548583441249,192,0.4533551554828151,11.416855876888416,9.123147160273806
18301,19506,1177.67,6616,2015-07-01,2,0,0,False,False,True,False,True,False,False,False,False,True,False,False,27,0,0.5454545454545454,14478.0,76409.89,6410.0,58194.69,8803.0,102888.58,4354.937121627973,8849.333333333334,2903.1251896304207,1205,0.3614905474811496,11.243569243642764,9.814765622475324
9782,9801,818.75,14532,2015-08-01,2,0,1,False,False,True,False,True,False,False,False,False,False,True,False,31,0,0.6363636363636364,18301.0,76386.11,7602.0,88880.22,7142.0,65698.85,5421.61270595137,10432.333333333334,4825.706193570705,19,1.4854339159766943,11.476765710299945,9.18840146445743
6086,6274,609.82,13800,2015-09-01,2,0,2,False,False,True,False,True,False,False,False,False,False,False,True,36,0,0.7272727272727273,9782.0,96447.62,14478.0,76409.89,8661.0,69595.37,4266.948675576025,10872.333333333334,4579.786923718904,188,2.2671266633809757,10.835074892480252,8.713910628493924
10786,11162,719.97,3255,2015-10-01,2,0,2,False,False,True,False,True,False,False,False,False,False,False,True,40,1,0.8181818181818182,6086.0,50769.71,18301.0,76386.11,6410.0,58194.69,6264.183931952615,10443.166666666666,4935.304019679706,376,0.3017521090201168,10.853388093533244,9.28609698437543
12029,12315,1069.98,3350,2015-11-01,2,0,1,False,False,True,False,True,False,False,False,False,False,True,False,44,1,0.9090909090909091,10786.0,51708.05,9782.0,96447.62,7602.0,88880.22,2475.1576380774877,11172.5,4526.492405825949,286,0.27847049044056527,11.62323128244104,9.395158808968725
17203,17897,1457.95,8462,2015-12-01,2,0,1,False,False,True,False,True,False,False,False,False,False,True,False,49,1,1.0,12029.0,111660.95,6086.0,50769.71,14478.0,76409.89,3134.5998681384085,11910.333333333334,4175.270083080454,694,0.49186235759125785,11.569590634963205,9.752897193903626
11583,13270,1235.33,8907,2016-01-01,2,0,0,False,False,True,False,True,False,False,False,False,True,False,False,53,0,0.0,17203.0,105829.14,10786.0,51708.05,18301.0,76386.11,3403.2634827960837,12364.5,4633.491243112476,1687,0.7689053867403315,11.045628409646538,9.357380114625498
11687,12260,620.58,12147,2016-02-01,2,0,0,False,False,True,False,True,False,False,False,False,True,False,False,5,0,0.09090909090909091,11583.0,62668.39,12029.0,111660.95,9782.0,96447.62,3123.928936451659,11244.833333333334,3610.900021693575,573,1.039271047227926,11.479705129489961,9.366317953430535
11239,11278,800.78,9560,2016-03-01,2,0,2,False,False,True,False,True,False,False,False,False,False,False,True,9,0,0.18181818181818182,11687.0,96731.54,17203.0,105829.14,6086.0,50769.71,3215.1068411485167,11562.333333333334,3539.59848947118,39,0.8505338078291815,11.460989964412432,9.327234123447681
6406,6533,572.7,8844,2016-04-01,2,0,1,False,False,True,False,True,False,False,False,False,False,True,False,13,0,0.2727272727272727,11239.0,94938.01,11583.0,62668.39,10786.0,51708.05,234.46961423602963,12421.166666666666,2380.4426829198514,127,1.3803652255345715,11.611340003082473,8.765146421639022
16246,17494,1008.88,4017,2016-05-01,2,0,2,False,False,True,False,True,False,False,False,False,False,False,True,17,0,0.36363636363636365,6406.0,110341.01,11687.0,96731.54,12029.0,111660.95,2928.24048420435,11691.166666666666,3424.7217940537394,1248,0.24724564534991075,11.488806322914193,9.69566355532975
6597,7206,336.45,12405,2016-06-01,2,0,1,False,False,True,False,True,False,False,False,False,False,True,False,22,0,0.45454545454545453,16246.0,97615.94,11239.0,94938.01,17203.0,105829.14,4920.256395758252,12394.0,3906.7153466819145,609,1.8801151864201273,11.053469690994682,8.794521851788527
11207,11302,566.51,5963,2016-07-01,2,0,2,False,False,True,False,True,False,False,False,False,False,False,True,26,0,0.5454545454545454,6597.0,63161.73,6406.0,110341.01,11583.0,62668.39,5626.800186014546,10626.333333333334,3688.983039628492,95,0.5320306923625981,11.152731479318064,9.324383088016843
14320,14659,758.24,6801,2016-08-01,2,0,0,False,False,True,False,True,False,False,False,False,True,False,False,31,0,0.6363636363636364,11207.0,69753.1,16246.0,97615.94,11687.0,96731.54,4826.089203485571,10563.666666666666,3672.638815166374,339,0.4748970043991341,11.499981451517595,9.569482270478703
10761,11978,1066.95,14553,2016-09-01,2,0,1,False,False,True,False,True,False,False,False,False,False,True,False,35,0,0.7272727272727273,14320.0,98712.94,6597.0,63161.73,11239.0,94938.01,3885.605872962413,11002.5,3978.293440660203,1217,1.3522579446199592,11.574438821157017,9.283776690049365
6815,7829,345.52,7734,2016-10-01,2,0,0,False,False,True,False,True,False,False,False,False,True,False,False,39,1,0.8181818181818182,10761.0,106343.47,11207.0,69753.1,6406.0,110341.01,1938.9071664213304,10922.833333333334,3977.396204386315,1014,1.1346830985915493,10.98876533046852,8.827028068509152
11120,11963,777.29,3467,2016-11-01,2,0,0,False,False,True,False,True,False,False,False,False,True,False,False,44,1,0.9090909090909091,6815.0,59204.24,14320.0,98712.94,16246.0,97615.94,3754.16262300929,10991.0,3886.9791355241405,843,0.31175254023918714,11.674042281967518,9.316590491818841
1761,1942,126.53,4613,2016-12-01,2,0,1,False,False,True,False,True,False,False,False,False,False,True,False,48,1,1.0,11120.0,117481.22,10761.0,106343.47,6597.0,63161.73,2388.6126377739283,10136.666666666666,2951.7905526420177,181,2.6180476730987516,11.518812999376088,7.474204806496124
13497,14260,840.19,11244,2017-01-01,2,0,2,False,False,True,False,True,False,False,False,False,False,False,True,52,0,0.0,1761.0,100589.49,6815.0,59204.24,11207.0,69753.1,4684.492537440243,9330.666666666666,4411.123968635055,763,0.8330122981182397,11.674078627232387,9.510296805303351
10975,11083,1109.57,8808,2017-02-01,2,0,1,False,False,True,False,True,False,False,False,False,False,True,False,5,0,0.09090909090909091,13497.0,117485.49,11120.0,117481.22,14320.0,98712.94,6204.497105594725,9712.333333333334,4695.82289558142,108,0.8024781341107872,11.097068750661249,9.303466349965667
8191,8781,559.04,6466,2017-03-01,2,0,2,False,False,True,False,True,False,False,False,False,False,False,True,9,0,0.18181818181818182,10975.0,65976.48,1761.0,100589.49,10761.0,106343.47,6177.809428376156,9154.833333333334,4213.13804267872,590,0.789306640625,11.475964548551875,9.010913347279288
15689,17358,1037.83,10005,2017-04-01,2,0,1,False,False,True,False,True,False,False,False,False,False,True,False,13,0,0.2727272727272727,8191.0,96370.38,13497.0,117485.49,6815.0,59204.24,2654.0778687395964,8726.5,4147.313528056447,1669,0.6376673040152964,11.030257824569293,9.660778845727078
4695,4999,292.26,9224,2017-05-01,2,0,1,False,False,True,False,True,False,False,False,False,False,True,False,18,0,0.36363636363636365,15689.0,61712.49,10975.0,65976.48,11120.0,117481.22,3790.1727313320844,10205.5,4851.782672379298,304,1.9642248722316866,11.683737793962315,8.454466361507933
12970,13984,1105.04,14049,2017-06-01,2,0,2,False,False,True,False,True,False,False,False,False,False,False,True,22,0,0.45454545454545453,4695.0,118625.81,8191.0,96370.38,1761.0,100589.49,5617.087857600233,9134.666666666666,5298.0783560331265,1014,1.083108472746897,10.91131973510443,9.470471375340674
18353,20285,949.77,7943,2017-07-01,2,0,0,False,False,True,False,True,False,False,False,False,True,False,False,26,0,0.5454545454545454,12970.0,54792.11,15689.0,61712.49,13497.0,117485.49,5726.206161150677,11002.833333333334,3993.6628008216553,1932,0.4327666993570884,11.035205259383066,9.817602813378958
14286,15301,904.3,5427,2017-08-01,2,0,2,False,False,True,False,True,False,False,False,False,False,False,True,31,0,0.6363636363636364,18353.0,62018.57,4695.0,118625.81,10975.0,65976.48,6879.8410592105965,11812.166666666666,4972.3369321342925,1015,0.3798558129768321,11.51441235899522,9.567105311865157
1599,1791,104.09,3640,2017-09-01,2,0,2,False,False,True,False,True,False,False,False,False,False,False,True,35,0,0.7272727272727273,14286.0,100147.8,12970.0,54792.11,8191.0,96370.38,2806.2143538938676,12364.0,5044.057017917225,192,2.275,11.513505396777266,7.3777589082278725
2856,2917,241.19,8854,2017-10-01,2,0,0,False,False,True,False,True,False,False,False,False,True,False,False,39,1,0.8181818181818182,1599.0,100057.01,18353.0,62018.57,15689.0,61712.49,8738.773502805374,11265.333333333334,6609.711662899273,61,3.0990549527476374,11.447649498653456,7.957527402230773
15553,16347,1353.11,13927,2017-11-01,2,0,2,False,False,True,False,True,False,False,False,False,False,False,True,44,1,0.9090909090909091,2856.0,93679.89,14286.0,100147.8,4695.0,118625.81,6990.289908151163,9126.5,6959.0495543572615,794,0.8953966825253954,11.359093984193532,9.652073119254888
5773,6233,372.36,6599,2017-12-01,2,0,1,False,False,True,False,True,False,False,False,False,False,True,False,48,1,1.0,15553.0,85740.65,1599.0,100057.01,12970.0,54792.11,7719.110203471209,10936.166666666666,6987.90673711854,460,1.1428818843089712,11.158493289858528,8.661120360222881
8654,8791,739.92,11109,2018-01-01,2,0,2,False,False,True,False,True,False,False,False,False,False,False,True,1,0,0.0,5773.0,70156.17,2856.0,93679.89,18353.0,62018.57,6650.452340505369,9736.666666666666,7183.9155525845845,137,1.2835355285961871,11.223159088531922,9.06589246761031
15273,15975,1326.46,7772,2018-02-01,2,0,0,False,False,True,False,True,False,False,False,False,True,False,False,5,0,0.09090909090909091,8654.0,74842.84,15553.0,85740.65,14286.0,100147.8,5025.680086648307,8120.166666666667,5818.861518086391,702,0.5088385491685217,10.874627389403482,9.63390731544833
5287,5627,559.89,5715,2018-03-01,2,0,2,False,False,True,False,True,False,False,False,False,False,False,True,9,0,0.18181818181818182,15273.0,52818.06,5773.0,70156.17,1599.0,100057.01,4871.025251422949,8284.666666666666,6037.8623590362395,340,1.080748865355522,11.14642512380237,8.573195381531523
48,50,3.07,11070,2018-04-01,2,0,1,False,False,True,False,True,False,False,False,False,False,True,False,13,0,0.2727272727272727,5287.0,69314.59,8654.0,74842.84,2856.0,93679.89,5080.486295621709,8899.333333333334,5372.148272959959,2,225.91836734693877,11.176096284652193,3.8918202981106265
7086,8012,722.77,12636,2018-05-01,2,0,2,False,False,True,False,True,False,False,False,False,False,False,True,18,0,0.36363636363636365,48.0,71402.08,15273.0,52818.06,15553.0,85740.65,7734.855547024348,8431.333333333334,6079.637576917448,926,1.7829829264851136,11.411885712467805,8.866017398810255
10527,10795,658.46,9222,2018-06-01,2,0,2,False,False,True,False,True,False,False,False,False,False,False,True,22,0,0.45454545454545453,7086.0,90388.71,5287.0,69314.59,5773.0,70156.17,3656.431912853477,7020.166666666667,4979.024057650922,268,0.8759498480243161,10.983377500188658,9.261793653565098
15866,17292,1342.26,3077,2018-07-01,2,0,2,False,False,True,False,True,False,False,False,False,False,False,True,26,0,0.5454545454545454,10527.0,58886.11,48.0,71402.08,8654.0,74842.84,5341.400659003218,7812.5,5117.20833072096,1426,0.19392449738450873,11.36164374906078,9.671996759734089
13056,14836,941.99,13763,2018-08-01,2,0,1,False,False,True,False,True,False,False,False,False,False,True,False,31,0,0.6363636363636364,15866.0,85959.55,7086.0,90388.71,15273.0,52818.06,4424.059259699551,9014.5,6105.91551693929,1780,1.0540706134640423,11.23739921028846,9.477079667408038
9574,10701,848.74,10784,2018-09-01,2,0,1,False,False,True,False,True,False,False,False,False,False,True,False,35,0,0.7272727272727273,13056.0,75916.25,10527.0,58886.11,5287.0,69314.59,2670.7321717711307,8645.0,5705.378865596919,1127,1.126266318537859,11.061953656221503,9.166910814048848
8350,9313,894.28,12835,2018-10-01,2,0,2,False,False,True,False,True,False,False,False,False,False,False,True,40,1,0.8181818181818182,9574.0,63699.88,15866.0,85959.55,48.0,71402.08,3151.9752537099666,9359.5,5464.074587704673,963,1.5369416836307028,11.656477520133004,9.03013657115323
10631,11842,714.4,11855,2018-11-01,2,0,1,False,False,True,False,True,False,False,False,False,False,True,False,44,1,0.9090909090909091,8350.0,115435.69,13056.0,75916.25,7086.0,90388.71,2441.616131445183,10743.166666666666,3228.2630882049657,1211,1.1150300978179082,11.208010963431278,9.271623600393081
12282,13313,1074.06,8224,2018-12-01,2,0,1,False,False,True,False,True,False,False,False,False,False,True,False,48,1,1.0,10631.0,73717.64,9574.0,63699.88,10527.0,58886.11,1141.518433199104,11334.0,2707.457183410293,1031,0.6695432711878205,11.608748604097512,9.415971471539095
7244,7617,513.96,9176,2019-01-01,2,0,0,False,False,True,False,True,False,False,False,False,True,False,False,1,0,0.0,12282.0,110055.44,8350.0,115435.69,15866.0,85959.55,1974.3938310276408,11626.5,2697.6189315765114,373,1.266528640441684,11.604997589746477,8.888066854754783
17194,18978,1065.17,7419,2019-02-01,2,0,1,False,False,True,False,True,False,False,False,False,False,True,False,5,0,0.09090909090909091,7244.0,109643.39,10631.0,73717.64,13056.0,75916.25,2568.3656930689094,10189.5,2246.28010274765,1784,0.4314626344867694,11.475171571510755,9.752373922866367
2562,2597,137.58,9450,2019-03-01,2,0,0,False,False,True,False,True,False,False,False,False,True,False,False,9,0,0.18181818181818182,17194.0,96293.99,12282.0,110055.44,9574.0,63699.88,4975.13296304732,10879.166666666666,3555.874824381008,35,3.687085446742099,11.023573294115801,7.848933726364071
9166,9644,650.33,4507,2019-04-01,2,0,1,False,False,True,False,True,False,False,False,False,False,True,False,14,0,0.2727272727272727,2562.0,61301.34,7244.0,109643.39,8350.0,115435.69,7472.383020161641,9710.5,4949.713921026143,478,0.49165484891458494,11.444833330554957,9.123365357961776
10704,11117,903.95,7620,2019-05-01,2,0,1,False,False,True,False,True,False,False,False,False,False,True,False,18,0,0.36363636363636365,9166.0,93416.44,17194.0,96293.99,10631.0,73717.64,7327.539650751359,9846.5,4915.951250775377,413,0.711816907986922,10.993686212352841,9.278466201023782
17397,17726,913.34,13303,2019-06-01,2,0,0,False,False,True,False,True,False,False,False,False,True,False,False,22,0,0.45454545454545453,10704.0,59496.3,2562.0,61301.34,12282.0,110055.44,4325.706570415213,9858.666666666666,4918.370895598121,329,0.7646281181745028,10.98683373830328,9.764110536067486
13064,14557,1169.88,5097,2019-07-01,2,0,1,False,False,True,False,True,False,False,False,False,False,True,False,27,0,0.5454545454545454,17397.0,59089.99,9166.0,93416.44,7244.0,109643.39,4376.281793181666,10711.166666666666,5788.700179372452,1493,0.39012629161882895,11.657314598409124,9.477692177954713
16904,17438,1473.18,12959,2019-08-01,2,0,2,False,False,True,False,True,False,False,False,False,False,False,True,31,0,0.6363636363636364,13064.0,115532.36,10704.0,59496.3,17194.0,96293.99,3394.6216774971167,11681.166666666666,5575.202755655319,534,0.7665779355220349,11.106030785511697,9.735364715141987
9845,11013,652.72,13201,2019-09-01,2,0,2,False,False,True,False,True,False,False,False,False,False,False,True,35,0,0.7272727272727273,16904.0,66570.43,17397.0,59089.99,2562.0,61301.34,2372.1838742671994,11632.833333333334,5518.823585390881,1168,1.34074751167987,11.067650194017443,9.194820560318146
11057,11592,1149.38,7278,2019-10-01,2,0,0,False,False,True,False,True,False,False,False,False,True,False,False,40,1,0.8181818181818182,9845.0,64063.79,13064.0,115532.36,9166.0,93416.44,3534.049660092513,12846.666666666666,3587.8420069265408,535,0.6581660336408031,11.386098405140677,9.310909426897878
10931,11121,739.48,12632,2019-11-01,2,0,0,False,False,True,False,True,False,False,False,False,True,False,False,44,1,0.9090909090909091,11057.0,88087.6,16904.0,66570.43,10704.0,59496.3,3774.6044825915214,13161.833333333334,3268.720570294541,190,1.155506769118185,11.677669946089747,9.299449547047958
4442,4537,326.49,6836,2019-12-01,2,0,0,False,False,True,False,True,False,False,False,False,True,False,False,48,1,1.0,10931.0,117908.18,9845.0,64063.79,17397.0,59089.99,666.3602629208973,13199.666666666666,3235.7303760768864,95,1.5386000450146298,11.254950144979867,8.399085102935908
6748,7252,434.23,13283,2020-01-01,2,0,1,False,False,True,False,True,False,False,False,False,False,True,False,1,0,0.0,4442.0,77260.43,11057.0,88087.6,13064.0,115532.36,3783.3235389006854,11040.5,4085.50778973679,504,1.9681434286560973,11.199147572559605,8.817149624743406
9721,10412,969.67,12691,2020-02-01,2,0,0,False,False,True,False,True,False,False,False,False,True,False,False,5,0,0.09090909090909091,6748.0,73067.13,10931.0,117908.18,16904.0,66570.43,3289.4337405294154,9987.833333333334,4269.408175223663,691,1.3053898374819997,10.833658506876265,9.1821466376054
7976,9096,851.84,12169,2020-03-01,2,0,1,False,False,True,False,True,False,False,False,False,False,True,False,9,0,0.18181818181818182,9721.0,50697.85,4442.0,77260.43,9845.0,64063.79,2646.5136185807437,8790.666666666666,2637.340377476265,1120,1.5255108436755673,11.178649913867753,8.984317679911129
13035,14421,1390.18,7981,2020-04-01,2,0,1,False,False,True,False,True,False,False,False,False,False,True,False,14,0,0.2727272727272727,7976.0,71584.65,6748.0,73067.13,11057.0,88087.6,1493.9733375577168,8479.166666666666,2597.9873299665355,1386,0.6122276772015955,11.58676227893532,9.475470039957452
9728,10431,1047.71,14589,2020-05-01,2,0,1,False,False,True,False,True,False,False,False,False,False,True,False,18,0,0.36363636363636365,13035.0,107662.11,9721.0,50697.85,10931.0,117908.18,2569.7309197657273,8808.833333333334,3072.6536685195506,703,1.4995374653098983,11.36701664418764,9.182866394975427
17072,18648,875.79,10789,2020-06-01,2,0,2,False,False,True,False,True,False,False,False,False,False,False,True,23,0,0.45454545454545453,9728.0,86422.65,7976.0,71584.65,4442.0,77260.43,2569.0216685215687,8608.333333333334,2942.9943028600396,1576,0.6319334621917648,10.873698694904384,9.745253547271233
20003,22003,1041.16,10041,2020-07-01,2,0,1,False,False,True,False,True,False,False,False,False,False,True,False,27,0,0.5454545454545454,17072.0,52769.03,13035.0,107662.11,6748.0,73067.13,3678.04191565748,10713.333333333334,3768.1626114947135,2000,0.5019496100779844,11.154837809338357,9.903687532538795
9384,10068,834.71,10515,2020-08-01,2,0,1,False,False,True,False,True,False,False,False,False,False,True,False,31,0,0.6363636363636364,20003.0,69900.18,9728.0,86422.65,9721.0,50697.85,5293.088606853281,12922.5,4738.919317734793,684,1.1204049014384656,11.52977009424973,9.14686794902061
7584,8336,671.18,13866,2020-09-01,2,0,0,False,False,True,False,True,False,False,False,False,True,False,False,36,0,0.7272727272727273,9384.0,101697.73,17072.0,52769.03,7976.0,71584.65,5484.20863327913,12866.333333333334,4786.214231171299,752,1.8280817402768623,11.294575655294548,8.933927891782632
18392,19806,1895.3,8649,2020-10-01,2,0,1,False,False,True,False,True,False,False,False,False,False,True,False,40,1,0.8181818181818182,7584.0,80383.42,20003.0,69900.18,13035.0,107662.11,6711.119156544111,12801.0,4868.291445671674,1414,0.47023324090686675,11.138162194909597,9.819725436430797
10833,11738,1135.84,4395,2020-11-01,2,0,0,False,False,True,False,True,False,False,False,False,True,False,False,44,1,0.9090909090909091,18392.0,68744.2,9384.0,101697.73,9728.0,86422.65,5790.75308861752,13693.833333333334,5383.733366973765,905,0.40566734354808937,11.126122333863973,9.290444616217844
13238,14552,945.19,8395,2020-12-01,2,0,2,False,False,True,False,True,False,False,False,False,False,False,True,49,1,1.0,10833.0,67921.48,7584.0,80383.42,17072.0,52769.03,5545.378646524811,13878.0,5237.861281095558,1314,0.6341113377143289,11.32104835898657,9.490922297937656
13269,13345,702.59,9004,2021-01-01,2,0,0,False,False,True,False,True,False,False,False,False,True,False,False,53,0,0.0,13238.0,82539.83,18392.0,68744.2,20003.0,69900.18,3861.9127816838827,13239.0,4998.679665671726,76,0.6785229841748305,11.445754254679118,9.493261127326253
10591,11638,672.0,7536,2021-02-01,2,0,0,False,False,True,False,True,False,False,False,False,True,False,False,5,0,0.09090909090909091,13269.0,93502.51,10833.0,67921.48,9384.0,101697.73,1397.562282452323,12116.666666666666,3784.8488300943613,1047,0.7114803625377644,11.448174121187524,9.26785427817679
5611,6402,484.79,9523,2021-03-01,2,0,2,False,False,True,False,True,False,False,False,False,False,False,True,9,0,0.18181818181818182,10591.0,93729.05,13238.0,82539.83,7584.0,80383.42,1537.2732353098502,12317.833333333334,3639.8567783178855,791,1.6968995010691377,11.630230164019673,8.632662441222351
10226,10533,734.74,5636,2021-04-01,2,0,1,False,False,True,False,True,False,False,False,False,False,True,False,13,0,0.2727272727272727,5611.0,112445.2,13269.0,93502.51,18392.0,68744.2,3886.2374262689286,11989.0,4199.200733472977,307,0.5510902512955901,11.07862050761187,9.232786560806012
17149,17698,1800.64,10928,2021-05-01,2,0,0,False,False,True,False,True,False,False,False,False,True,False,False,17,0,0.36363636363636365,10226.0,64770.47,10591.0,93729.05,10833.0,67921.48,2775.8437155815072,10628.0,2798.6521041387005,549,0.6372011661807581,10.957572378798547,9.749753452594087
5982,6153,401.09,7527,2021-06-01,2,0,1,False,False,True,False,True,False,False,False,False,False,True,False,22,0,0.45454545454545453,17149.0,57385.96,5611.0,112445.2,13238.0,82539.83,5807.3458940667,11680.666666666666,3872.8553118683185,171,1.2580645161290323,11.271100624924689,8.696677393390031
15021,16617,1018.42,5413,2021-07-01,2,0,2,False,False,True,False,True,False,False,False,False,False,False,True,26,0,0.5454545454545454,5982.0,78518.37,10226.0,64770.47,13269.0,93502.51,5636.803970336383,10471.333333333334,4387.929656075476,1596,0.3603381706829983,11.082770351768293,9.617271072245957
9993,9998,861.9,7559,2021-08-01,2,0,1,False,False,True,False,True,False,False,False,False,False,True,False,30,0,0.6363636363636364,15021.0,65039.82,17149.0,57385.96,10591.0,93729.05,5929.218526360229,10763.333333333334,4661.128132401709,5,0.7563538122873724,11.11105050456255,9.20974019190415
11865,12433,1276.08,14079,2021-09-01,2,0,0,False,False,True,False,True,False,False,False,False,True,False,False,35,0,0.7272727272727273,9993.0,66905.44,5982.0,78518.37,5611.0,112445.2,4529.025391847567,10663.666666666666,4671.930892753728,568,1.186499241530423,11.12217905344309,9.381432446818588
11296,11690,1011.56,4172,2021-10-01,2,0,0,False,False,True,False,True,False,False,False,False,True,False,False,39,1,0.8181818181818182,11865.0,67654.17,15021.0,65039.82,10226.0,64770.47,2541.177679738278,11706.0,3963.072040727999,394,0.3693015844914579,11.665883262167252,9.33229248272693
11027,11391,1176.03,11693,2021-11-01,2,0,2,False,False,True,False,True,False,False,False,False,False,False,True,44,1,0.9090909090909091,11296.0,116526.58,9993.0,66905.44,17149.0,57385.96,959.6834547564866,11884.333333333334,3906.8294903497717,364,1.0603010518679725,11.254131160605436,9.308192772143688
12810,13469,674.45,9138,2021-12-01,2,0,0,False,False,True,False,True,False,False,False,False,True,False,False,48,1,1.0,11027.0,77197.18,11865.0,67654.17,5982.0,78518.37,427.8562842824859,10864.0,2935.5887995426033,659,0.7132932636015924,11.274033937640187,9.458059455856434
7872,7975,671.88,6760,2022-01-01,2,0,1,False,False,True,False,True,False,False,False,False,False,True,False,52,0,0.0,12810.0,78749.03,11296.0,116526.58,15021.0,65039.82,961.2184975332182,12002.0,1747.6347444474754,103,0.8586307633684745,11.6311388080311,8.971194463184467
6205,6305,447.69,5540,2022-02-01,2,0,2,False,False,True,False,True,False,False,False,False,False,False,True,5,0,0.09090909090909091,7872.0,112547.42,11027.0,77197.18,9993.0,66905.44,2500.565202775833,10810.5,1714.3886082215963,100,0.8926844988720593,11.601204987523262,8.733271845008325
10627,11394,680.66,5380,2022-03-01,2,0,2,False,False,True,False,True,False,False,False,False,False,False,True,9,0,0.18181818181818182,6205.0,109228.34,12810.0,78749.03,11865.0,67654.17,3434.840073909312,10179.166666666666,2563.063590055199,767,0.5062100112909296,11.442672514202448,9.271247306879705
5774,6197,290.14,6691,2022-04-01,2,0,1,False,False,True,False,True,False,False,False,False,False,True,False,13,0,0.2727272727272727,10627.0,93214.8,7872.0,112547.42,11296.0,116526.58,2233.196438590506,9972.833333333334,2447.4294610195907,423,1.1586147186147187,11.308598270433562,8.661293535389994
17889,19907,1169.94,13275,2022-05-01,2,0,0,False,False,True,False,True,False,False,False,False,True,False,False,17,0,0.36363636363636365,5774.0,81518.56,6205.0,109228.34,11027.0,77197.18,2686.120312520144,9052.5,2854.7120870588633,2018,0.7420346562325322,11.612537560071958,9.791997176502765
4608,4831,474.16,10514,2022-06-01,2,0,0,False,False,True,False,True,False,False,False,False,True,False,False,22,0,0.45454545454545453,17889.0,110473.23,10627.0,93214.8,12810.0,78749.03,6097.287347665354,10196.166666666666,4627.8320374303385,223,2.2811889780863526,11.18871508358983,8.435766192720509
1519,1626,75.87,14355,2022-07-01,2,0,0,False,False,True,False,True,False,False,False,False,True,False,False,26,0,0.5454545454545454,4608.0,72308.81,5774.0,81518.56,7872.0,112547.42,7354.338198188422,8829.166666666666,4904.43666150014,107,9.444078947368421,11.668323994480554,7.326465613840322
11575,12476,1036.54,5346,2022-08-01,2,0,2,False,False,True,False,True,False,False,False,False,False,False,True,31,0,0.6363636363636364,1519.0,116811.34,17889.0,110473.23,6205.0,109228.34,8697.737081179985,7770.333333333333,5763.039047817275,901,0.46181755355908777,11.400755260365253,9.35668926831132
8801,9121,885.82,9906,2022-09-01,2,0,1,False,False,True,False,True,False,False,False,False,False,True,False,35,0,0.7272727272727273,11575.0,89388.21,4608.0,72308.81,10627.0,93214.8,5151.11874580011,8665.333333333334,5886.971468137641,320,1.125426039536469,11.69038614348102,9.082734247371036
6826,7781,717.75,3060,2022-10-01,2,0,0,False,False,True,False,True,False,False,False,False,True,False,False,39,1,0.8181818181818182,8801.0,119417.11,1519.0,116811.34,5774.0,81518.56,5193.677823405425,8361.0,5812.00003441156,955,0.448220301743079,11.575169104881047,8.82864061741828
8583,8668,768.61,3725,2022-11-01,2,0,2,False,False,True,False,True,False,False,False,False,False,False,True,44,1,0.9090909090909091,6826.0,106421.16,11575.0,89388.21,17889.0,110473.23,2385.6760746868663,8536.333333333334,5733.688644028959,85,0.43394687791239517,11.68120370773833,9.057655284310535
13911,14029,724.07,9683,2022-12-01,2,0,1,False,False,True,False,True,False,False,False,False,False,True,False,48,1,1.0,8583.0,118325.58,8801.0,119417.11,4608.0,72308.81,1082.8356292623507,6985.333333333333,3534.7454033730123,118,0.6960178263369753,11.682631192457585,9.54050705603412
16007,16938,1145.3,8937,2023-01-01,2,0,2,False,False,True,False,True,False,False,False,False,False,False,True,52,0,0.0,13911.0,118494.61,6826.0,106421.16,1519.0,116811.34,3689.4411952670202,8535.833333333334,4251.140290165292,931,0.5582833583208395,11.242666589908026,9.68084387626357
4924,5240,321.29,4724,2023-02-01,2,0,1,False,False,True,False,True,False,False,False,False,False,True,False,5,0,0.09090909090909091,16007.0,76317.19,8583.0,118325.58,11575.0,89388.21,3827.4572934695643,10950.5,3520.217592706448,316,0.9591878172588832,10.949173986845382,8.502079553606189
13992,15052,904.58,8901,2023-03-01,2,0,1,False,False,True,False,True,False,False,False,False,False,True,False,9,0,0.18181818181818182,4924.0,56906.02,13911.0,118494.61,8801.0,119417.11,5887.731226881881,9842.0,4254.779148204991,1060,0.6361037661687987,11.46521144155357,9.546312483555713
14542,16097,992.49,9672,2023-04-01,2,0,1,False,False,True,False,True,False,False,False,False,False,True,False,13,0,0.2727272727272727,13992.0,95339.64,16007.0,76317.19,6826.0,106421.16,5903.695706927993,10707.166666666666,4520.253683883975,1555,0.6650622292511862,11.14397838258221,9.58486505717771
11531,12204,617.49,13491,2023-05-01,2,0,0,False,False,True,False,True,False,False,False,False,True,False,False,18,0,0.36363636363636365,14542.0,69145.2,4924.0,56906.02,8583.0,118325.58,5401.188881471685,11993.166666666666,4286.797938632826,673,1.1698751300728407,11.35967754420003,9.352881058758292
7500,8072,788.62,7735,2023-06-01,2,0,2,False,False,True,False,True,False,False,False,False,False,False,True,22,0,0.45454545454545453,11531.0,85790.7,13992.0,95339.64,13911.0,118494.61,1603.3892228651268,12484.5,3975.401702972918,572,1.0311958405545927,11.627577114060317,8.922791623969637
4551,5027,376.14,14096,2023-07-01,2,0,1,False,False,True,False,True,False,False,False,False,False,True,False,26,0,0.5454545454545454,7500.0,112147.27,14542.0,69145.2,16007.0,76317.19,3533.2903928208366,11416.0,4358.423522330061,476,3.0966608084358525,11.355536530986278,8.423321975806166
12771,14425,1287.32,12301,2023-08-01,2,0,0,False,False,True,False,True,False,False,False,False,True,False,False,31,0,0.6363636363636364,4551.0,85436.17,11531.0,85790.7,4924.0,56906.02,3503.949248110385,9506.666666666666,4453.243746603889,1654,0.9631224553711243,11.238585588251034,9.455010553834672
7649,8709,796.26,11347,2023-09-01,2,0,1,False,False,True,False,True,False,False,False,False,False,True,False,35,0,0.7272727272727273,12771.0,76006.37,7500.0,112147.27,13992.0,95339.64,4164.301502052896,10814.5,3963.5683291700648,1060,1.4832679738562091,11.554768697849033,8.942460926820582
5341,5892,282.81,14303,2023-10-01,2,0,0,False,False,True,False,True,False,False,False,False,True,False,False,39,1,0.8181818181818182,7649.0,104272.1,4551.0,85436.17,14542.0,69145.2,4151.322841376389,9757.333333333334,3788.605161093809,551,2.6774616248596033,11.687040103616852,8.583355393669907
6610,7068,456.09,13491,2023-11-01,2,0,0,False,False,True,False,True,False,False,False,False,True,False,False,44,1,0.9090909090909091,5341.0,119018.2,12771.0,76006.37,11531.0,85790.7,3802.7763541917643,8223.833333333334,3294.5068472635853,458,2.040689759491756,11.149973288941256,8.796490207333578
8570,9786,538.62,13352,2023-12-01,2,0,0,False,False,True,False,True,False,False,False,False,True,False,False,48,1,1.0,6610.0,69560.97,7649.0,104272.1,7500.0,112147.27,1155.9084450480193,7403.666666666667,2894.8210077078425,1216,1.557811223894528,11.00449546939422,9.056139690898883
9756,10011,482.92,7794,2024-01-01,2,0,1,False,False,True,False,True,False,False,False,False,False,True,False,1,0,0.0,8570.0,60142.91,5341.0,119018.2,4551.0,85436.17,1626.7760550651499,7582.0,2934.627063188776,255,0.7988111099723275,11.446066814412731,9.18574025510795
10257,11190,1093.91,12859,2024-02-01,2,0,0,False,False,True,False,True,False,False,False,False,True,False,False,5,0,0.09090909090909091,9756.0,93531.74,6610.0,69560.97,12771.0,76006.37,1588.7894762994902,8449.5,2610.9062602858767,933,1.2535581984792357,11.4024171666301,9.235813167949214
13546,15290,1180.53,12541,2024-03-01,2,0,0,False,False,True,False,True,False,False,False,False,True,False,False,9,0,0.18181818181818182,10257.0,89536.89,8570.0,60142.91,7649.0,104272.1,866.3684743418069,8030.5,1877.3644025601375,1744,0.9257400162397579,11.694445033590956,9.513920399580737
11345,11782,935.96,3265,2024-04-01,2,0,1,False,False,True,False,True,False,False,False,False,False,True,False,14,0,0.2727272727272727,13546.0,119902.8,9756.0,93531.74,5341.0,119018.2,2058.8274170831714,9013.333333333334,2901.7896317043123,437,0.28776661378459367,10.890310370698119,9.336620537886512
15342,15732,1010.27,4333,2024-05-01,2,0,1,False,False,True,False,True,False,False,False,False,False,True,False,18,0,0.36363636363636365,11345.0,53652.95,10257.0,89536.89,6610.0,69560.97,1675.5927309462863,10014.0,2368.3137461071283,390,0.2824089161180995,10.820019055422616,9.638414622945206
8995,9523,623.35,5102,2024-06-01,2,0,0,False,False,True,False,True,False,False,False,False,True,False,False,22,0,0.45454545454545453,15342.0,50011.04,13546.0,119902.8,8570.0,60142.91,2001.9168314393196,11469.333333333334,2535.2296674397467,528,0.5671409515340151,11.421358490622795,9.104535313079205
11767,12485,866.64,12566,2024-07-01,2,0,0,False,False,True,False,True,False,False,False,False,True,False,False,27,0,0.5454545454545454,8995.0,91249.02,11345.0,53652.95,9756.0,93531.74,3208.917730325917,11540.166666666666,2442.2544844193962,718,1.0678110129163834,11.132240136384995,9.373139262281274
7408,8406,630.05,5791,2024-08-01,2,0,0,False,False,True,False,True,False,False,False,False,True,False,False,31,0,0.6363636363636364,11767.0,68338.29,15342.0,50011.04,10257.0,89536.89,3181.9547975000164,11875.333333333334,2281.105755257009,998,0.7816169523552436,11.415254751296732,8.910450756416656
5699,5706,488.12,14632,2024-09-01,2,0,2,False,False,True,False,True,False,False,False,False,False,False,True,35,0,0.7272727272727273,7408.0,90693.75,8995.0,91249.02,13546.0,119902.8,2206.1819961190913,11400.5,2898.3609678575203,7,2.567017543859649,11.677634664075345,8.648221453822641
11501,12292,583.1,10750,2024-10-01,2,0,0,False,False,True,False,True,False,False,False,False,True,False,False,40,1,0.8181818181818182,5699.0,117904.02,11767.0,68338.29,11345.0,53652.95,3128.9557896099045,10092.666666666666,3453.8050128324626,791,0.9346200660754651,11.42467856139551,9.3502762122737
11790,12054,617.21,11653,2024-11-01,2,0,1,False,False,True,False,True,False,False,False,False,False,True,False,44,1,0.9090909090909091,11501.0,91552.48,7408.0,90693.75,15342.0,50011.04,2981.513430010561,10118.666666666666,3465.6847327283895,264,0.9882961580866763,11.414356832169357,9.375091807576673
12805,13581,847.05,14903,2024-12-01,2,0,2,False,False,True,False,True,False,False,False,False,False,False,True,48,1,1.0,11790.0,90612.35,5699.0,117904.02,8995.0,91249.02,3436.2529495561516,9526.666666666666,2586.97558292819,776,1.1637513665469312,11.487459338294958,9.457669090078747
4241,4551,377.87,5982,2025-01-01,2,0,2,False,False,True,False,True,False,False,False,False,False,False,True,1,0,0.0,12805.0,97484.54,11501.0,91552.48,11767.0,68338.29,684.8554592029153,10161.666666666666,2881.2380440822044,310,1.4101838755304101,11.051849386290433,8.352790135124629
6699,7150,449.17,13608,2025-02-01,2,0,2,False,False,True,False,True,False,False,False,False,False,False,True,5,0,0.09090909090909091,4241.0,63059.47,11790.0,90612.35,7408.0,90693.75,4679.026287594463,8907.333333333334,3592.9027076538882,451,2.031044776119403,11.149016417889563,8.809862805379057
5209,5621,464.12,4024,2025-03-01,2,0,0,False,False,True,False,True,False,False,False,False,True,False,False,9,0,0.18181818181818182,6699.0,69494.44,12805.0,97484.54,5699.0,117904.02,4409.593632070874,8789.166666666666,3663.0507731488847,412,0.7723608445297505,11.083922348709379,8.558335134747413
11544,11617,730.74,3389,2025-04-01,2,0,2,False,False,True,False,True,False,False,False,False,False,False,True,14,0,0.2727272727272727,5209.0,65114.79,4241.0,63059.47,11501.0,91552.48,1238.203537387932,8707.5,3750.150703638452,73,0.29354699003897794,11.41942588504023,9.354007721788596
9413,10180,655.14,3615,2025-05-01,2,0,2,False,False,True,False,True,False,False,False,False,False,False,True,18,0,0.36363636363636365,11544.0,91072.84,6699.0,69494.44,11790.0,90612.35,3312.2587962496737,8714.666666666666,3756.5924275420994,767,0.3840025493945188,10.949664667049888,9.149953221961088
14633,14680,1310.39,13347,2025-06-01,2,0,2,False,False,True,False,True,False,False,False,False,False,False,True,22,0,0.45454545454545453,9413.0,56933.95,5209.0,65114.79,12805.0,97484.54,3223.533309894596,8318.5,3482.764404894476,47,0.9120541205412054,11.529848361584044,9.591102867443976
15454,16515,1128.91,14639,2025-07-01,2,0,2,False,False,True,False,True,False,False,False,False,False,False,True,27,0,0.5454545454545454,14633.0,101705.69,11544.0,91072.84,4241.0,63059.47,2624.6105107869557,8623.166666666666,3995.8863055230486,1061,0.9472015528955031,11.404254141297754,9.645687854566217
9888,10918,1033.79,4124,2025-08-01,2,0,1,False,False,True,False,True,False,False,False,False,False,True,False,31,0,0.6363636363636364,15454.0,89701.52,9413.0,56933.95,6699.0,69494.44,3276.5866894274864,10492.0,4155.411122861368,1030,0.4170290221458186,10.831075628425817,9.19917830726999
7166,7176,452.53,8064,2025-09-01,2,0,2,False,False,True,False,True,False,False,False,False,False,False,True,36,0,0.7272727272727273,9888.0,50567.07,14633.0,101705.69,5209.0,65114.79,3004.7024811119063,11023.5,3758.1969480057824,10,1.1251569694432817,11.106463009676663,8.877242435993919
10175,11339,665.44,4027,2025-10-01,2,0,0,False,False,True,False,True,False,False,False,False,True,False,False,40,1,0.8181818181818182,7166.0,66599.21,15454.0,89701.52,11544.0,91072.84,4224.54305221287,11349.666666666666,3195.4282759383987,1164,0.39573506289308175,11.031672235586418,9.227787285579904
12586,14301,919.41,3139,2025-11-01,2,0,0,False,False,True,False,True,False,False,False,False,True,False,False,44,1,0.9090909090909091,10175.0,61799.84,9888.0,50567.07,9413.0,56933.95,1660.609024825938,11121.5,3227.4920759004162,1715,0.24938428537379836,11.576809991049643,9.440419814291506
11972,12429,854.8,13057,2025-12-01,2,0,1,False,False,True,False,True,False,False,False,False,False,True,False,49,1,1.0,12586.0,106595.93,7166.0,66599.21,14633.0,101705.69,2715.4926502079434,11650.333333333334,3150.59757294813,457,1.0905370416771067,11.58016299674947,9.390409393716844
4405,4472,222.67,4928,2015-07-01,3,0,2,False,False,False,True,True,False,False,False,False,False,False,True,27,0,0.5454545454545454,12581.0,64907.49,8239.0,93810.19,6367.0,104962.32,2784.4881636188243,9160.333333333334,3185.2261248876293,67,1.118474807081253,11.013717757760851,8.39072252736229
13321,13388,703.35,13521,2015-08-01,3,0,1,False,False,False,True,True,False,False,False,False,False,True,False,31,0,0.6363636363636364,4405.0,60700.14,13430.0,84483.76,8629.0,72624.21,4983.613180548158,8833.333333333334,3602.7000245186478,67,1.0149376970424862,11.406378467943899,9.497172082973124
14984,15332,797.9,14353,2015-09-01,3,0,1,False,False,False,True,True,False,False,False,False,False,True,False,36,0,0.7272727272727273,13321.0,89892.28,12581.0,64907.49,5716.0,116775.0,4947.888977466383,9615.333333333334,4033.0011984459743,348,0.9578244911578245,11.04669024633766,9.614804979750764
6202,6819,326.54,5579,2015-10-01,3,0,0,False,False,False,True,True,False,False,False,False,True,False,False,40,1,0.8181818181818182,14984.0,62734.97,4405.0,60700.14,8239.0,93810.19,5688.817481105659,11160.0,4015.6519769521856,617,0.8994035144285023,11.657710249985444,8.732788324973118
9861,10429,995.47,14399,2015-11-01,3,0,0,False,False,False,True,True,False,False,False,False,True,False,False,44,1,0.9090909090909091,6202.0,115578.08,13321.0,89892.28,13430.0,84483.76,4664.92683043725,10820.5,4381.444179719741,568,1.4600486716690326,11.488390017528769,9.196444266784072
9618,10530,480.42,14246,2015-12-01,3,0,2,False,False,False,True,True,False,False,False,False,False,False,True,49,1,1.0,9861.0,97575.31,14984.0,62734.97,12581.0,64907.49,4411.2910808515,10225.666666666666,4194.602611293073,912,1.4810271337976921,11.654797961167649,9.171495588152615
5993,6503,530.38,5401,2016-01-01,3,0,0,False,False,False,True,True,False,False,False,False,True,False,False,53,0,0.0,9618.0,115241.97,6202.0,115578.08,4405.0,60700.14,2045.987373698413,9731.833333333334,4033.15982409161,510,0.9010677344010677,11.495408433708322,8.69851424787661
13985,14888,1216.69,11481,2016-02-01,3,0,1,False,False,False,True,True,False,False,False,False,False,True,False,5,0,0.09090909090909091,5993.0,98262.55,9861.0,97575.31,13321.0,89892.28,2166.452476592396,9996.5,3647.336603605431,903,0.8208923208923209,11.118563488331727,9.545812108263812
13927,15011,862.78,7094,2016-03-01,3,0,0,False,False,False,True,True,False,False,False,False,True,False,False,9,0,0.18181818181818182,13985.0,67410.0,9618.0,115241.97,14984.0,62734.97,4001.736664666146,10107.166666666666,3776.1798377019422,1084,0.5093337162550259,11.333125486324228,9.541656481448024
10136,10238,699.38,9480,2016-04-01,3,0,2,False,False,False,True,True,False,False,False,False,False,False,True,13,0,0.2727272727272727,13927.0,83542.73,5993.0,98262.55,6202.0,115578.08,4597.531656588493,9931.0,3519.0648189540366,102,0.9351879254217224,11.571439248770085,9.2239473753824
16123,16490,1066.54,8517,2016-05-01,3,0,2,False,False,False,True,True,False,False,False,False,False,False,True,17,0,0.36363636363636365,10136.0,106024.96,13985.0,67410.0,9861.0,97575.31,2205.668681677585,10586.666666666666,3015.8341245278516,367,0.5282188042669312,10.902196077027568,9.688064124237057
13984,15294,1174.66,4456,2016-06-01,3,0,2,False,False,False,True,True,False,False,False,False,False,False,True,22,0,0.45454545454545453,16123.0,54294.47,13927.0,83542.73,9618.0,115241.97,3028.70340795089,11630.333333333334,3716.5906778480025,1310,0.3186271004647837,11.248136272740512,9.54574060563606
3897,4361,277.66,8771,2016-07-01,3,0,2,False,False,False,True,True,False,False,False,False,False,False,True,26,0,0.5454545454545454,13984.0,76735.77,10136.0,106024.96,5993.0,98262.55,3033.880738152595,12358.0,3670.9263136162253,464,2.250128270908158,10.942178909240013,8.268218880067506
3749,4159,379.59,10850,2016-08-01,3,0,2,False,False,False,True,True,False,False,False,False,False,False,True,31,0,0.6363636363636364,3897.0,56509.34,16123.0,54294.47,13985.0,67410.0,6529.394637585733,12008.666666666666,4420.895686019596,410,2.8933333333333335,11.684285496492889,8.229511118964457
14749,16340,918.13,11777,2016-09-01,3,0,1,False,False,False,True,True,False,False,False,False,False,True,False,35,0,0.7272727272727273,3749.0,118690.8,13984.0,76735.77,13927.0,83542.73,5866.9227879698565,10302.666666666666,5377.270261635235,1591,0.7984406779661017,11.62909885027875,9.598998361767967
13801,15648,939.85,5874,2016-10-01,3,0,2,False,False,False,True,True,False,False,False,False,False,False,True,39,1,0.8181818181818182,14749.0,112318.06,3897.0,56509.34,10136.0,106024.96,6308.563069352639,10439.666666666666,5497.211135354606,1847,0.4255904941312853,11.050478968528646,9.532568788180548
9155,10186,623.46,7257,2016-11-01,3,0,1,False,False,False,True,True,False,False,False,False,False,True,False,44,1,0.9090909090909091,13801.0,62973.11,3749.0,118690.8,16123.0,54294.47,6095.646096463715,11050.5,5657.990729932315,1031,0.7925950196592398,10.914570875743348,9.122164681072457
5224,5657,460.76,13003,2016-12-01,3,0,0,False,False,False,True,True,False,False,False,False,True,False,False,48,1,1.0,9155.0,54970.54,14749.0,112318.06,13984.0,76735.77,2993.795138838549,9889.166666666666,5095.778425978378,433,2.4886124401913876,11.384186456221983,8.561210076833012
9893,10008,1015.02,3792,2017-01-01,3,0,2,False,False,False,True,True,False,False,False,False,False,False,True,52,0,0.0,5224.0,87919.34,13801.0,62973.11,3897.0,56509.34,4293.46414138203,8429.166666666666,4940.4718162000145,115,0.38326258338386904,11.271223389642314,9.199683791787654
4224,4356,216.06,3628,2017-02-01,3,0,1,False,False,False,True,True,False,False,False,False,False,True,False,5,0,0.09090909090909091,9893.0,78528.01,9155.0,54970.54,3749.0,118690.8,2509.879346369728,9428.5,4419.3116998012265,132,0.858698224852071,11.235992084464558,8.348774539791274
16322,16958,1194.77,6486,2017-03-01,3,0,0,False,False,False,True,True,False,False,False,False,True,False,False,9,0,0.18181818181818182,4224.0,75809.5,5224.0,87919.34,14749.0,112318.06,3025.9191991855964,9507.666666666666,4299.862214846736,636,0.39735342767873555,11.214040203833228,9.700330435154035
10057,10390,998.66,5102,2017-04-01,3,0,0,False,False,False,True,True,False,False,False,False,True,False,False,13,0,0.2727272727272727,16322.0,74163.45,9893.0,78528.01,13801.0,62973.11,6052.9773114834425,9769.833333333334,4711.586799228756,333,0.5072579041558958,10.872865868097579,9.21612361673191
7766,8156,413.54,11414,2017-05-01,3,0,0,False,False,False,True,True,False,False,False,False,True,False,False,18,0,0.36363636363636365,10057.0,52725.1,4224.0,75809.5,9155.0,54970.54,6050.285365170803,9145.833333333334,4300.956982657078,390,1.4695506630616713,11.68264950520462,8.957639268419648
16693,18316,1652.61,14580,2017-06-01,3,0,1,False,False,False,True,True,False,False,False,False,False,True,False,22,0,0.45454545454545453,7766.0,118496.78,16322.0,74163.45,5224.0,87919.34,4429.146682300478,8914.333333333334,4337.590513945119,1623,0.8733676770097041,11.137783042028024,9.722804652410682
10101,10186,740.91,4264,2017-07-01,3,0,1,False,False,False,True,True,False,False,False,False,False,True,False,26,0,0.5454545454545454,16693.0,68718.14,10057.0,52725.1,9893.0,78528.01,4636.386991325608,10825.833333333334,4879.335176708675,85,0.4220946347257969,11.343058427662841,9.220488703027998
15856,16458,1393.74,9427,2017-08-01,3,0,2,False,False,False,True,True,False,False,False,False,False,False,True,31,0,0.6363636363636364,10101.0,84376.7,7766.0,118496.78,4224.0,75809.5,4629.579138539483,10860.5,4872.115628759237,602,0.5945008513590212,10.83367152483829,9.671366322189568
12388,12794,626.21,10943,2017-09-01,3,0,1,False,False,False,True,True,False,False,False,False,False,True,False,35,0,0.7272727272727273,15856.0,50698.51,16693.0,68718.14,16322.0,74163.45,3588.7569342786815,12799.166666666666,3925.52852067931,406,0.8832835579949956,11.42597477704807,9.424564261115739
16216,18254,1454.58,9431,2017-10-01,3,0,1,False,False,False,True,True,False,False,False,False,False,True,False,39,1,0.8181818181818182,12388.0,91671.23,10101.0,84376.7,10057.0,52725.1,2897.625982305742,12143.5,3527.8373403545725,2038,0.5815502250724548,11.57305838945275,9.693815353719375
9790,10499,499.29,13317,2017-11-01,3,0,1,False,False,False,True,True,False,False,False,False,False,True,False,44,1,0.9090909090909091,16216.0,106196.77,15856.0,50698.51,7766.0,118496.78,2113.8514611958867,13170.0,3691.5509477724986,709,1.3601266469206414,11.596136655388868,9.189218875354072
7076,7794,378.92,7647,2017-12-01,3,0,1,False,False,False,True,True,False,False,False,False,False,True,False,48,1,1.0,9790.0,108676.13,12388.0,91671.23,16693.0,68718.14,3232.559976241738,13507.333333333334,3152.020410255413,718,1.0805426027977956,11.40317432461107,8.864605368075784
5479,5576,552.28,3806,2018-01-01,3,0,2,False,False,False,True,True,False,False,False,False,False,False,True,1,0,0.0,7076.0,89604.71,16216.0,106196.77,10101.0,84376.7,4693.947734405798,11904.5,3618.709479911316,97,0.6945255474452555,11.683855551301328,8.608860379942062
4922,5477,258.4,8141,2018-02-01,3,0,1,False,False,False,True,True,False,False,False,False,False,True,False,5,0,0.09090909090909091,5479.0,118639.78,9790.0,108676.13,15856.0,50698.51,2179.484877977666,11134.166666666666,4471.000980392052,555,1.6536664635384928,11.375863045601863,8.5016733797582
1627,1708,115.19,4936,2018-03-01,3,0,0,False,False,False,True,True,False,False,False,False,True,False,False,9,0,0.18181818181818182,4922.0,87190.58,7076.0,89604.71,12388.0,91671.23,1118.061864716493,9311.833333333334,4389.058232316664,81,3.031941031941032,11.259594061103808,7.395107546562485
5716,6185,362.68,10965,2018-04-01,3,0,2,False,False,False,True,True,False,False,False,False,False,False,True,13,0,0.2727272727272727,1627.0,77620.06,5479.0,118639.78,16216.0,106196.77,2081.873275041812,7518.333333333333,5032.159960361621,469,1.9179639671156201,11.038533018942028,8.651199471263972
9784,10643,487.24,3684,2018-05-01,3,0,1,False,False,False,True,True,False,False,False,False,False,True,False,18,0,0.36363636363636365,5716.0,62225.3,4922.0,87190.58,9790.0,108676.13,2168.232075524509,5768.333333333333,2677.206354890611,859,0.3764946346448646,11.38392334255519,9.188605879830176
11743,12765,841.97,8775,2018-06-01,3,0,2,False,False,False,True,True,False,False,False,False,False,False,True,22,0,0.45454545454545453,9784.0,87896.21,1627.0,77620.06,7076.0,89604.71,4078.504505330353,5767.333333333333,2675.404243598838,1022,0.7471900544959128,11.657169608128196,9.371097750854297
16120,16882,1112.28,4163,2018-07-01,3,0,1,False,False,False,True,True,False,False,False,False,False,True,False,26,0,0.5454545454545454,11743.0,115515.61,5716.0,62225.3,5479.0,118639.78,3074.384328609549,6545.166666666667,3637.43796739775,762,0.25823460083121397,11.258308016289876,9.687878048875998
8810,9800,572.21,5169,2018-08-01,3,0,0,False,False,False,True,True,False,False,False,False,True,False,False,31,0,0.6363636363636364,16120.0,77520.3,9784.0,87896.21,4922.0,87190.58,3243.986898863802,8318.666666666666,5250.213011551692,990,0.5866530473272046,11.64319817886383,9.08375621986673
10028,10999,500.9,6744,2018-09-01,3,0,0,False,False,False,True,True,False,False,False,False,True,False,False,35,0,0.7272727272727273,8810.0,113912.9,11743.0,115515.61,1627.0,77620.06,3678.6935633908574,8966.666666666666,4980.126972946241,971,0.6724498953036195,11.359085586839118,9.213236175088209
11286,12014,1168.1,7185,2018-10-01,3,0,1,False,False,False,True,True,False,False,False,False,False,True,False,40,1,0.8181818181818182,10028.0,85739.93,16120.0,77520.3,5716.0,62225.3,3916.462859945607,10366.833333333334,3449.6737478588752,728,0.6365730486400284,10.97405781307903,9.331406899955626
8468,8695,909.46,4694,2018-11-01,3,0,1,False,False,False,True,True,False,False,False,False,False,True,False,44,1,0.9090909090909091,11286.0,58339.85,8810.0,113912.9,9784.0,87896.21,1238.053849125036,11295.166666666666,2590.1754702465055,227,0.5542567009091982,11.257468539813184,9.0441677169216
8427,9430,601.69,11899,2018-12-01,3,0,0,False,False,False,True,True,False,False,False,False,True,False,False,48,1,1.0,8468.0,77455.25,10028.0,85739.93,11743.0,115515.61,1411.6944900839267,11075.833333333334,2791.617768725995,1003,1.411841480778358,11.660228121949569,9.03931477492408
15450,16585,1575.9,9231,2019-01-01,3,0,1,False,False,False,True,True,False,False,False,False,False,True,False,1,0,0.0,8427.0,115869.46,11286.0,58339.85,16120.0,77520.3,1638.9369522142447,10523.166666666666,2956.491597597853,1135,0.5974370590900265,11.373743394436891,9.645429005150419
5243,5387,369.63,5709,2019-02-01,3,0,1,False,False,False,True,True,False,False,False,False,False,True,False,5,0,0.09090909090909091,15450.0,87005.96,8468.0,77455.25,8810.0,113912.9,4042.9472335578803,10411.5,2704.7565324812576,144,1.0886727688787186,11.542023772851003,8.56483984488359
12106,13118,813.52,9151,2019-03-01,3,0,2,False,False,False,True,True,False,False,False,False,False,False,True,9,0,0.18181818181818182,5243.0,102951.58,8427.0,115869.46,10028.0,85739.93,5222.439308726653,9817.0,3423.639817504177,1012,0.7558437267696374,10.89346954117878,9.40153907670774
7556,7991,776.38,12381,2019-04-01,3,0,1,False,False,False,True,True,False,False,False,False,False,True,False,14,0,0.2727272727272727,12106.0,53822.72,15450.0,87005.96,11286.0,58339.85,5203.619797794608,10163.333333333334,3551.9534719174885,435,1.6383485510123064,11.215706460204327,8.93022956502072
5490,5540,339.28,7910,2019-05-01,3,0,2,False,False,False,True,True,False,False,False,False,False,False,True,18,0,0.36363636363636365,7556.0,74287.13,5243.0,102951.58,8468.0,77455.25,3491.7340009418417,9541.666666666666,3641.4518350057438,50,1.4405390639227826,11.503991374569768,8.610865667278873
11949,13109,625.53,14789,2019-06-01,3,0,2,False,False,False,True,True,False,False,False,False,False,False,True,22,0,0.45454545454545453,5490.0,99109.57,12106.0,53822.72,8427.0,115869.46,3384.826731163648,9045.333333333334,4002.1499055715917,1160,1.237573221757322,10.985046760438184,9.388486557359657
9864,11217,616.99,12107,2019-07-01,3,0,1,False,False,False,True,True,False,False,False,False,False,True,False,27,0,0.5454545454545454,11949.0,58984.49,7556.0,74287.13,15450.0,87005.96,3298.623096586411,9632.333333333334,4148.916710018014,1353,1.2272681196147999,11.07938505818476,9.196748418456716
13167,15140,1111.95,10954,2019-08-01,3,0,1,False,False,False,True,True,False,False,False,False,False,True,False,31,0,0.6363636363636364,9864.0,64820.01,5490.0,99109.57,5243.0,102951.58,3296.4066800077917,8701.333333333334,3068.4004736453,1973,0.831865127582017,11.079079246369277,9.485544922916851
3533,4017,189.72,9396,2019-09-01,3,0,1,False,False,False,True,True,False,False,False,False,False,True,False,35,0,0.7272727272727273,13167.0,64800.19,11949.0,58984.49,12106.0,53822.72,1670.3571474388323,10022.0,2986.3875836870266,484,2.6587436332767402,11.204761462548442,8.170185652879642
16370,17561,856.97,5068,2019-10-01,3,0,0,False,False,False,True,True,False,False,False,False,True,False,False,40,1,0.8181818181818182,3533.0,73478.48,9864.0,64820.01,7556.0,74287.13,4895.6668936247415,8593.166666666666,3744.52215465027,1191,0.30957180379940136,11.009699391334285,9.703266755854342
15281,16012,1528.86,5142,2019-11-01,3,0,1,False,False,False,True,True,False,False,False,False,False,True,False,44,1,0.9090909090909091,16370.0,60456.71,13167.0,64800.19,5490.0,99109.57,6681.588309177192,10062.166666666666,4828.309990738655,731,0.3364742834707499,11.638807349567566,9.634430944207512
6711,7115,474.13,4479,2019-12-01,3,0,0,False,False,False,True,True,False,False,False,False,True,False,False,48,1,1.0,15281.0,113413.82,3533.0,73478.48,11949.0,58984.49,7117.935023586545,11694.0,4624.22144798452,404,0.6673122765196663,10.88905618194012,8.811652248147043
12259,13450,1066.53,9114,2020-01-01,3,0,2,False,False,False,True,True,False,False,False,False,False,False,True,1,0,0.0,6711.0,53585.7,16370.0,60456.71,9864.0,64820.01,5290.3544619744835,10821.0,5042.01566836122,1191,0.7433931484502447,10.859997729434046,9.414097209490203
9917,10003,1020.46,4882,2020-02-01,3,0,0,False,False,False,True,True,False,False,False,False,True,False,False,5,0,0.09090909090909091,12259.0,52050.96,15281.0,113413.82,13167.0,64800.19,4346.601891132887,11220.166666666666,5045.901323516614,86,0.4922363379713652,11.132546062912784,9.202106567049078
14135,15310,947.75,3109,2020-03-01,3,0,1,False,False,False,True,True,False,False,False,False,False,True,False,9,0,0.18181818181818182,9917.0,68359.2,6711.0,53585.7,3533.0,73478.48,2785.190119183966,10678.5,4968.969058064263,1175,0.21993491794001133,11.63616195900994,9.556480013999533
4408,5007,439.7,8397,2020-04-01,3,0,0,False,False,False,True,True,False,False,False,False,True,False,False,14,0,0.2727272727272727,14135.0,113114.19,12259.0,52050.96,16370.0,60456.71,2113.285909036761,12445.5,3622.3957679966516,599,1.904513495123611,11.419898466722088,8.391403185357937
14336,15361,1253.68,3888,2020-05-01,3,0,2,False,False,False,True,True,False,False,False,False,False,False,True,18,0,0.36363636363636365,4408.0,91115.89,9917.0,68359.2,15281.0,113413.82,4877.757920739131,10451.833333333334,4265.21326156931,1025,0.2711864406779661,11.692079510492839,9.570598887246268
4677,5097,472.14,14177,2020-06-01,3,0,0,False,False,False,True,True,False,False,False,False,True,False,False,23,0,0.45454545454545453,14336.0,119619.5,14135.0,113114.19,6711.0,53585.7,5674.799761518756,10294.333333333334,4063.9213411022993,420,3.030568619067978,10.915496926237182,8.450625947144124
9320,9944,676.63,7317,2020-07-01,3,0,1,False,False,False,True,True,False,False,False,False,False,True,False,27,0,0.5454545454545454,4677.0,55021.47,4408.0,91115.89,12259.0,52050.96,5655.879330395937,9955.333333333334,4485.574953856719,624,0.7850016092693917,10.829684257844033,9.140025198061156
5817,6517,310.63,13929,2020-08-01,3,0,1,False,False,False,True,True,False,False,False,False,False,True,False,31,0,0.6363636363636364,9320.0,50496.76,14336.0,119619.5,9917.0,68359.2,4830.7001907936,9465.5,4341.867374759395,700,2.3941216913028533,11.11674581326985,8.668711839055147
13042,14469,852.95,11391,2020-09-01,3,0,0,False,False,False,True,True,False,False,False,False,True,False,False,36,0,0.7272727272727273,5817.0,67287.58,4677.0,55021.47,14135.0,113114.19,2419.643844315384,8782.166666666666,4573.075438549719,1427,0.8733420225408265,11.274240519396605,9.476006870370282
8208,8804,522.03,14566,2020-10-01,3,0,0,False,False,False,True,True,False,False,False,False,True,False,False,40,1,0.8181818181818182,13042.0,78765.3,9320.0,50496.76,4408.0,91115.89,3613.0531410429044,8600.0,4332.651428398093,596,1.774393957851139,11.22325020744417,9.012986392348266
14412,14627,719.88,3944,2020-11-01,3,0,0,False,False,False,True,True,False,False,False,False,True,False,False,44,1,0.9090909090909091,8208.0,74849.66,5817.0,67287.58,14336.0,119619.5,3680.694273276895,9233.333333333334,3847.9468638049966,215,0.27364185110663986,11.43272552827019,9.575885856083103
10150,10756,887.62,3153,2020-12-01,3,0,1,False,False,False,True,True,False,False,False,False,False,True,False,49,1,1.0,14412.0,92292.18,13042.0,78765.3,4677.0,55021.47,3259.1939698847823,9246.0,3868.1751253013404,606,0.31060979213870554,11.348082778816533,9.225327501784431
6006,6007,389.19,11101,2021-01-01,3,0,1,False,False,False,True,True,False,False,False,False,False,True,False,53,0,0.0,10150.0,84801.71,8208.0,74849.66,9320.0,50496.76,3173.4740164893947,10158.166666666666,3154.7760881981335,1,1.8480106542367238,10.975279195122551,8.700680734850161
10720,11921,744.5,13054,2021-02-01,3,0,2,False,False,False,True,True,False,False,False,False,False,False,True,5,0,0.09090909090909091,6006.0,58411.15,14412.0,92292.18,5817.0,67287.58,4203.138034056618,9605.833333333334,3590.8381426439582,1201,1.2176102975468706,11.181921470225516,9.27995971385624
10254,11098,1053.6,10827,2021-03-01,3,0,1,False,False,False,True,True,False,False,False,False,False,True,False,9,0,0.18181818181818182,10720.0,71819.23,10150.0,84801.71,13042.0,78765.3,2572.9176693655268,10423.0,3077.340865097666,844,1.0557776694295467,11.087565204285553,9.235520670506482
9651,10024,1004.67,5653,2021-04-01,3,0,1,False,False,False,True,True,False,False,False,False,False,True,False,13,0,0.2727272727272727,10254.0,65352.43,6006.0,58411.15,8208.0,74849.66,2597.5775894731873,9958.333333333334,2800.8585588470396,373,0.5856817239950269,11.625770729876988,9.174920426744922
2210,2460,193.6,3476,2021-05-01,3,0,1,False,False,False,True,True,False,False,False,False,False,True,False,17,0,0.36363636363636365,9651.0,111944.87,10720.0,71819.23,14412.0,92292.18,535.9611304314266,10198.833333333334,2679.842862308669,250,1.572139303482587,11.127506777967529,7.701200180857446
3639,4038,228.17,9358,2021-06-01,3,0,0,False,False,False,True,True,False,False,False,False,True,False,False,22,0,0.45454545454545453,2210.0,68015.58,10254.0,65352.43,10150.0,84801.71,4480.290652773917,8165.166666666667,3381.2326992779854,399,2.570879120879121,11.111758705710509,8.199738960630786
12772,13460,910.0,9301,2021-07-01,3,0,2,False,False,False,True,True,False,False,False,False,False,False,True,26,0,0.5454545454545454,3639.0,66952.84,9651.0,111944.87,6006.0,58411.15,3948.726925647471,7080.0,3650.8841121021646,688,0.7281766225632192,10.982018895180994,9.455088847042777
9567,10635,1016.02,8181,2021-08-01,3,0,1,False,False,False,True,True,False,False,False,False,False,True,False,30,0,0.6363636363636364,12772.0,58806.16,2210.0,68015.58,10720.0,71819.23,5730.177047875571,8207.666666666666,4248.7732190206025,1068,0.8550376254180602,11.444241402939586,9.166179476190413
11529,11639,1239.94,5960,2021-09-01,3,0,1,False,False,False,True,True,False,False,False,False,False,True,False,35,0,0.7272727272727273,9567.0,93361.16,3639.0,66952.84,10254.0,65352.43,4633.661223409987,8015.5,4137.022347051079,110,0.5169124024284475,11.611606230689619,9.352707613263105
14193,15440,941.0,10909,2021-10-01,3,0,0,False,False,False,True,True,False,False,False,False,True,False,False,39,1,0.8181818181818182,11529.0,110370.39,12772.0,58806.16,9651.0,111944.87,1615.8856188893276,8228.0,4304.36132312333,1247,0.768564182048753,11.484468890052902,9.560574619084928
6204,6702,532.3,4093,2021-11-01,3,0,2,False,False,False,True,True,False,False,False,False,False,False,True,44,1,0.9090909090909091,14193.0,97193.45,9567.0,93361.16,2210.0,68015.58,2321.860460923527,8985.0,4954.909363449551,498,0.6596293311845286,11.30763865384325,8.733110697638708
5022,5211,269.68,13255,2021-12-01,3,0,2,False,False,False,True,True,False,False,False,False,False,False,True,48,1,1.0,6204.0,81440.37,11529.0,110370.39,3639.0,66952.84,4067.6906224539753,9650.666666666666,4047.9697956712466,189,2.6388612383038024,11.03732299140596,8.521782643750045
17648,18986,1175.36,10387,2022-01-01,3,0,1,False,False,False,True,True,False,False,False,False,False,True,False,52,0,0.0,5022.0,62150.05,14193.0,97193.45,12772.0,58806.16,4988.795546021102,9881.166666666666,3657.7570950880154,1338,0.5885319281545697,11.58243427000724,9.778434403532566
10571,11285,548.63,10938,2022-02-01,3,0,0,False,False,False,True,True,False,False,False,False,True,False,False,5,0,0.09090909090909091,17648.0,107197.15,6204.0,81440.37,9567.0,93361.16,6973.4990738748465,10693.833333333334,4793.749155584462,714,1.0346197502837684,10.835969299640796,9.26596427572418
7888,8484,545.46,9060,2022-03-01,3,0,1,False,False,False,True,True,False,False,False,False,False,True,False,9,0,0.18181818181818182,10571.0,50815.14,5022.0,62150.05,11529.0,110370.39,6328.391133086936,10861.166666666666,4763.979152627217,596,1.1484345290911395,11.32060472252973,8.97322466309509
7487,8565,798.49,5066,2022-04-01,3,0,2,False,False,False,True,True,False,False,False,False,False,False,True,13,0,0.2727272727272727,7888.0,82503.22,17648.0,107197.15,14193.0,97193.45,5042.1559211644135,10254.333333333334,4892.069609752782,1078,0.6765491452991453,11.584625375784423,8.921057018157429
10895,11979,573.62,7033,2022-05-01,3,0,0,False,False,False,True,True,False,False,False,False,True,False,False,17,0,0.36363636363636365,7487.0,107432.29,10571.0,50815.14,6204.0,81440.37,1676.819708058482,9136.666666666666,4567.530871999303,1084,0.6454662261380323,11.24737063606086,9.296151028389293
7479,7535,465.57,5960,2022-06-01,3,0,2,False,False,False,True,True,False,False,False,False,False,False,True,22,0,0.45454545454545453,10895.0,76677.04,7888.0,82503.22,5022.0,62150.05,1862.6734371148727,9918.5,4362.0021435116305,56,0.7967914438502673,11.61868423131572,8.919988070968524
9098,10351,612.75,13563,2022-07-01,3,0,2,False,False,False,True,True,False,False,False,False,False,False,True,26,0,0.5454545454545454,7479.0,111154.37,7487.0,107432.29,17648.0,107197.15,1969.9231795512565,10328.0,3901.40026144461,1253,1.4906033630069238,11.581178516190976,9.11591979635669
3869,4285,262.9,5653,2022-08-01,3,0,2,False,False,False,True,True,False,False,False,False,False,False,True,31,0,0.6363636363636364,9098.0,107062.62,10895.0,76677.04,10571.0,50815.14,1708.7727564931904,8903.0,1539.569420325059,416,1.4607235142118864,11.532713484316576,8.261009786023827
1726,1857,119.87,12838,2022-09-01,3,0,1,False,False,False,True,True,False,False,False,False,False,True,False,35,0,0.7272727272727273,3869.0,101997.51,7479.0,111154.37,7888.0,82503.22,2676.929273128694,7786.0,2320.524423487073,131,7.43370005790388,10.852812206470889,7.454141078146678
16170,16386,836.8,3240,2022-10-01,3,0,2,False,False,False,True,True,False,False,False,False,False,False,True,39,1,0.8181818181818182,1726.0,51678.28,9098.0,107062.62,7487.0,107432.29,3792.125041890537,6759.0,3385.527728434666,216,0.20035866674911879,11.078783992157966,9.690974793577944
10470,10759,689.45,4011,2022-11-01,3,0,2,False,False,False,True,True,False,False,False,False,False,False,True,44,1,0.9090909090909091,16170.0,64781.06,3869.0,101997.51,10895.0,76677.04,7794.615513288644,8206.166666666666,5153.254871114633,289,0.3830579696304078,11.166424872051941,9.256364810287462
4639,4898,233.11,10287,2022-12-01,3,0,0,False,False,False,True,True,False,False,False,False,True,False,False,48,1,1.0,10470.0,70714.84,1726.0,51678.28,7479.0,111154.37,7275.262561126804,8135.333333333333,5111.657095958872,259,2.2170258620689656,11.202382052125131,8.442469645220301
6048,6284,307.54,5011,2023-01-01,3,0,2,False,False,False,True,True,False,False,False,False,False,False,True,52,0,0.0,4639.0,73303.85,16170.0,64781.06,9098.0,107062.62,5765.624019421779,7662.0,5312.146421174779,236,0.8284013886592825,11.360172224935662,8.707648248106914
10316,11826,858.81,9844,2023-02-01,3,0,1,False,False,False,True,True,False,False,False,False,False,True,False,5,0,0.09090909090909091,6048.0,85833.15,10470.0,70714.84,3869.0,101997.51,3042.4750341347626,7153.666666666667,5293.1461595790715,1510,0.9541533391489774,11.200759014912334,9.241548299100376
11124,11921,730.85,5289,2023-03-01,3,0,0,False,False,False,True,True,False,False,False,False,True,False,False,9,0,0.18181818181818182,10316.0,73184.97,4639.0,73303.85,1726.0,51678.28,2956.051251247175,8228.166666666666,5145.3084811959225,797,0.4754157303370787,11.092025855398038,9.31695010703444
9117,9938,965.49,13085,2023-04-01,3,0,2,False,False,False,True,True,False,False,False,False,False,False,True,13,0,0.2727272727272727,11124.0,65644.6,6048.0,85833.15,16170.0,64781.06,2727.467201147126,9794.5,4092.8785835888248,821,1.4350734810265409,11.197082161219518,9.118005760773388
4303,4516,223.33,8748,2023-05-01,3,0,2,False,False,False,True,True,False,False,False,False,False,False,True,18,0,0.36363636363636365,9117.0,72916.37,10316.0,73184.97,10470.0,70714.84,1009.8278731216257,8619.0,2656.2936584647473,213,2.032527881040892,10.938863582865377,8.36730010184162
6650,7220,428.92,14341,2023-06-01,3,0,0,False,False,False,True,True,False,False,False,False,True,False,False,22,0,0.45454545454545453,4303.0,56322.3,11124.0,65644.6,4639.0,73303.85,3505.440676053916,7591.166666666667,2971.278742674048,570,2.156217110208991,11.631616532685136,8.802522498284421
8712,9269,565.84,10816,2023-07-01,3,0,1,False,False,False,True,True,False,False,False,False,False,True,False,26,0,0.5454545454545454,6650.0,112601.2,9117.0,72916.37,6048.0,85833.15,2407.2492600476567,7926.333333333333,2669.7930007149766,557,1.241363479857684,11.434256105488874,9.072571442231286
582,636,29.51,9681,2023-08-01,3,0,2,False,False,False,True,True,False,False,False,False,False,False,True,31,0,0.6363636363636364,8712.0,92433.55,4303.0,56322.3,10316.0,73184.97,2206.0346778779317,8370.333333333334,2511.7839609860343,54,16.60548885077187,11.566962601577439,6.368187186350492
16468,17844,1143.7,9284,2023-09-01,3,0,1,False,False,False,True,True,False,False,False,False,False,True,False,35,0,0.7272727272727273,582.0,105551.38,6650.0,112601.2,11124.0,65644.6,4226.294042460051,6748.0,3811.194510911241,1376,0.5637257878438278,11.605576931709006,9.709235104874208
11110,11165,689.93,7016,2023-10-01,3,0,2,False,False,False,True,True,False,False,False,False,False,False,True,39,1,0.8181818181818182,16468.0,109706.93,8712.0,92433.55,9117.0,72916.37,7943.733714905941,7638.666666666667,5351.547801026043,55,0.6314463144631446,10.939814956497132,9.315690887584008
11986,12577,595.1,5504,2023-11-01,3,0,0,False,False,False,True,True,False,False,False,False,True,False,False,44,1,0.9090909090909091,11110.0,56375.91,582.0,105551.38,4303.0,56322.3,8081.995875607296,7970.833333333333,5520.833213081762,591,0.4591640944356386,11.377998355929396,9.3915780082071
12121,13346,649.08,6173,2023-12-01,3,0,1,False,False,False,True,True,False,False,False,False,False,True,False,48,1,1.0,11986.0,87376.96,16468.0,109706.93,6650.0,112601.2,2874.133608585384,9251.333333333334,5389.405854699266,1225,0.5092393994390365,11.071527484830751,9.402777262511231
8771,9978,926.22,8603,2024-01-01,3,0,2,False,False,False,True,True,False,False,False,False,False,False,True,1,0,0.0,12121.0,64312.67,11110.0,56375.91,8712.0,92433.55,548.8961650440199,10163.166666666666,5323.680847559022,1207,0.980734154126767,11.308477310551734,9.079320109537779
15966,16719,1389.04,7669,2024-02-01,3,0,0,False,False,False,True,True,False,False,False,False,True,False,False,5,0,0.09090909090909091,8771.0,81508.7,11986.0,87376.96,582.0,105551.38,1896.35395781836,10173.0,5320.517869531131,753,0.48030312519571616,11.590106852198744,9.678279371339702
8819,10002,768.58,10965,2024-03-01,3,0,2,False,False,False,True,True,False,False,False,False,False,False,True,9,0,0.18181818181818182,15966.0,108022.8,12121.0,64312.67,16468.0,109706.93,3600.3367898017586,12737.0,2955.217217058697,1183,1.2431972789115646,11.513509194566952,9.084777149000837
10275,10781,520.94,9848,2024-04-01,3,0,1,False,False,False,True,True,False,False,False,False,False,True,False,14,0,0.2727272727272727,8819.0,100057.39,8771.0,81508.7,11110.0,56375.91,4140.248341987875,11462.166666666666,2658.7856940089737,506,0.958349552355002,11.469446088569597,9.237566358229774
14312,14795,714.88,7740,2024-05-01,3,0,0,False,False,False,True,True,False,False,False,False,True,False,False,18,0,0.36363636363636365,10275.0,95744.23,15966.0,108022.8,11986.0,87376.96,3776.8378749071767,11323.0,2702.4006364712304,483,0.5407671347725843,11.331123813002336,9.568923494184217
9127,10395,766.67,14035,2024-06-01,3,0,0,False,False,False,True,True,False,False,False,False,True,False,False,22,0,0.45454545454545453,14312.0,83375.67,8819.0,100057.39,12121.0,64312.67,2845.767441892144,11710.666666666666,2970.1072483442053,1268,1.5375766871165644,11.432068384118185,9.119101891541911
15734,17751,1619.03,3725,2024-07-01,3,0,1,False,False,False,True,True,False,False,False,False,False,True,False,27,0,0.5454545454545454,9127.0,92231.55,10275.0,95744.23,8771.0,81508.7,2723.340412067508,11211.666666666666,3134.3464815917805,2017,0.2367333968859231,11.680116294129594,9.663642809498507
8278,9039,699.08,4362,2024-08-01,3,0,0,False,False,False,True,True,False,False,False,False,True,False,False,31,0,0.6363636363636364,15734.0,118196.98,14312.0,83375.67,15966.0,108022.8,3477.5172657131943,12372.166666666666,3332.708293065387,761,0.5268752264766277,11.142994185648346,9.021477467138807
9132,9780,483.54,13778,2024-09-01,3,0,0,False,False,False,True,True,False,False,False,False,True,False,False,35,0,0.7272727272727273,8278.0,69077.18,9127.0,92231.55,8819.0,100057.39,4081.772204978293,11090.833333333334,3147.392407480639,648,1.508595204204533,11.676777250820207,9.11964950669168
15430,15790,1534.51,5328,2024-10-01,3,0,0,False,False,False,True,True,False,False,False,False,True,False,False,40,1,0.8181818181818182,9132.0,117802.97,15734.0,118196.98,10275.0,95744.23,4080.5975052680733,11143.0,3104.5085923540473,360,0.3452789838636511,11.564543816520974,9.644133752071205
6773,7002,434.83,6466,2024-11-01,3,0,1,False,False,False,True,True,False,False,False,False,False,True,False,44,1,0.9090909090909091,15430.0,105296.38,8278.0,69077.18,14312.0,83375.67,3906.089775380663,12002.166666666666,3503.878103853899,229,0.9545320342485976,11.324202543087528,8.820847033377717
10873,12142,1141.66,13826,2024-12-01,3,0,0,False,False,False,True,True,False,False,False,False,True,False,False,48,1,1.0,6773.0,82800.59,9132.0,117802.97,9127.0,92231.55,4475.3646778782195,10745.666666666666,3845.046406308611,1269,1.2714732389185213,11.118556071117114,9.294129897705867
2006,2257,204.31,4236,2025-01-01,3,0,2,False,False,False,True,True,False,False,False,False,False,False,True,1,0,0.0,10873.0,67409.5,15430.0,105296.38,15734.0,118196.98,4330.509939179607,11036.666666666666,3763.242095144394,251,2.110612855007474,11.54337920644,7.604396348796338
12396,12952,892.51,10335,2025-02-01,3,0,2,False,False,False,True,True,False,False,False,False,False,False,True,5,0,0.09090909090909091,2006.0,103091.22,6773.0,82800.59,8278.0,69077.18,4437.679160702509,8748.666666666666,4447.207918083741,556,0.8336694361539082,11.22714132364053,9.425209786838147
17079,18904,1747.18,3904,2025-03-01,3,0,2,False,False,False,True,True,False,False,False,False,False,False,True,9,0,0.18181818181818182,12396.0,75141.48,10873.0,67409.5,9132.0,117802.97,5610.931562583882,9435.0,4672.119090947925,1825,0.22857142857142856,11.623931186427534,9.745663467342562
7767,8911,385.63,3421,2025-04-01,3,0,2,False,False,False,True,True,False,False,False,False,False,False,True,14,0,0.2727272727272727,17079.0,111739.13,2006.0,103091.22,15430.0,105296.38,7714.466043306779,10759.5,5602.795900262662,1144,0.44039649845520085,11.508961920495222,8.957768009971161
6900,7400,435.73,3049,2025-05-01,3,0,0,False,False,False,True,True,False,False,False,False,True,False,False,18,0,0.36363636363636365,7767.0,99603.43,12396.0,75141.48,6773.0,82800.59,4656.026095287701,9482.333333333334,5182.878878255476,500,0.44182002608317633,11.504201219167498,8.839421607620602
8313,8403,539.93,13199,2025-06-01,3,0,1,False,False,False,True,True,False,False,False,False,False,True,False,22,0,0.45454545454545453,6900.0,99130.37,17079.0,111739.13,10873.0,67409.5,5643.241887426058,9503.5,5169.844049872304,90,1.5875631464998796,11.405544131056121,9.025696119812583
5648,6470,288.05,4114,2025-07-01,3,0,1,False,False,False,True,True,False,False,False,False,False,True,False,27,0,0.5454545454545454,8313.0,89817.31,7767.0,99603.43,2006.0,103091.22,712.5510508026762,9076.833333333334,5139.765185946409,822,0.7282704903522748,11.521964093220138,8.639233817325263
8051,8372,702.85,13593,2025-08-01,3,0,1,False,False,False,True,True,False,False,False,False,False,True,False,31,0,0.6363636363636364,5648.0,100906.96,6900.0,99130.37,12396.0,75141.48,1333.3102914675667,9683.833333333334,4281.015086012515,321,1.6881520119225037,11.213739610351011,8.993675786759683
13798,14822,995.53,11766,2025-09-01,3,0,0,False,False,False,True,True,False,False,False,False,True,False,False,36,0,0.7272727272727273,8051.0,74141.16,8313.0,89817.31,17079.0,111739.13,1468.85885412225,8959.666666666666,4093.8794152572113,1024,0.85267048336836,11.663091014704206,9.532351404751555
9273,9297,653.75,6578,2025-10-01,3,0,2,False,False,False,True,True,False,False,False,False,False,False,True,40,1,0.8181818181818182,13798.0,116201.66,5648.0,100906.96,7767.0,99603.43,4187.778209663607,8412.833333333334,2810.372887477161,24,0.7092948026741428,10.865709890602652,9.134970064951407
15743,16485,1622.32,11977,2025-11-01,3,0,1,False,False,False,True,True,False,False,False,False,False,True,False,44,1,0.9090909090909091,9273.0,52349.14,8051.0,74141.16,6900.0,99130.37,3027.5655236509747,8663.833333333334,2808.4073363147872,742,0.7607342479674797,10.93181846137541,9.664214619292034
9701,10572,685.38,3889,2025-12-01,3,0,2,False,False,False,True,True,False,False,False,False,False,False,True,49,1,1.0,15743.0,55926.89,13798.0,116201.66,8313.0,89817.31,3319.6272381097247,10137.666666666666,3831.6091484736216,871,0.40084518655947227,11.111088766216067,9.180087328805161
10192,10427,1056.4,3621,2015-07-01,0,1,0,True,False,False,False,False,True,False,False,False,True,False,False,27,0,0.5454545454545454,6240.0,62062.39,11229.0,106478.43,8795.0,87988.73,2748.4294302989383,13528.0,7171.887784955925,235,0.35524379476111057,11.334764958984215,9.229456489168413
10516,11614,922.78,4830,2015-08-01,0,1,1,True,False,False,False,False,True,False,False,False,False,True,False,31,0,0.6363636363636364,10192.0,83679.81,10733.0,93409.28,18761.0,91362.51,2452.8226597126854,13760.833333333334,7008.312362235766,1098,0.45925644195112675,11.648993288133408,9.260748274520028
8761,8999,562.46,13712,2015-09-01,0,1,0,True,False,False,False,False,True,False,False,False,True,False,False,36,0,0.7272727272727273,10516.0,114574.96,6240.0,62062.39,25410.0,73659.66,2380.7371407472406,12386.666666666666,6629.924333404316,238,1.5649395115270486,11.416567746689006,9.078179468373843
12482,13992,655.3,13190,2015-10-01,0,1,2,True,False,False,False,False,True,False,False,False,False,False,True,40,1,0.8181818181818182,8761.0,90812.91,10192.0,83679.81,11229.0,106478.43,933.8774009472629,9611.833333333334,1850.380006016784,1510,1.056637026355844,11.473309409679542,9.432122997651051
7717,7976,549.84,9961,2015-11-01,0,1,1,True,False,False,False,False,True,False,False,False,False,True,False,44,1,0.9090909090909091,12482.0,96114.84,10516.0,114574.96,10733.0,93409.28,1861.4967991735434,9820.666666666666,2120.40049676156,259,1.2906193314330137,11.380413095822021,8.951310542097564
12833,14663,900.88,14323,2015-12-01,0,1,2,True,False,False,False,False,True,False,False,False,False,False,True,49,1,1.0,7717.0,87588.21,8761.0,90812.91,6240.0,62062.39,2504.6956568280602,9318.0,2216.190876255926,1830,1.1160199470157395,11.011638371107415,9.45985317831046
11696,12851,1012.29,11630,2016-01-01,0,1,1,True,False,False,False,False,True,False,False,False,False,True,False,53,0,0.0,12833.0,60574.05,12482.0,96114.84,10192.0,83679.81,2857.792912954567,10416.833333333334,2009.678722250566,1155,0.9942720355646747,11.34893133024503,9.367087677650707
11385,11623,724.09,11456,2016-02-01,0,1,2,True,False,False,False,False,True,False,False,False,False,False,True,5,0,0.09090909090909091,11696.0,84873.7,7717.0,87588.21,10516.0,114574.96,2686.3440459727694,10667.5,2068.949371057687,238,1.006147900930968,10.8609039128291,9.340139809511028
15568,16533,782.29,11173,2016-03-01,0,1,0,True,False,False,False,False,True,False,False,False,True,False,False,9,0,0.18181818181818182,11385.0,52098.15,12833.0,60574.05,8761.0,90812.91,762.2547693083661,10812.333333333334,2086.564225387435,965,0.7176440362258334,10.97734648926927,9.653037036689675
8734,9416,434.95,12063,2016-04-01,0,1,2,True,False,False,False,False,True,False,False,False,False,False,True,13,0,0.2727272727272727,15568.0,58532.03,11696.0,84873.7,12482.0,96114.84,2330.4718406365732,11946.833333333334,2547.728668180083,682,1.3809959931310818,11.447341063757383,9.075093222568157
364,393,36.04,5894,2016-05-01,0,1,1,True,False,False,False,False,True,False,False,False,False,True,False,17,0,0.36363636363636365,8734.0,93651.0,11385.0,52098.15,7717.0,87588.21,3445.500592560296,11322.166666666666,2833.6990254200714,29,16.147945205479452,11.08314404721086,5.8998973535824915
7667,8535,408.27,11741,2016-06-01,0,1,0,True,False,False,False,False,True,False,False,False,True,False,False,22,0,0.45454545454545453,364.0,65064.13,15568.0,58532.03,12833.0,60574.05,7614.920354146851,10096.666666666666,5257.800668213533,868,1.531168492436098,11.317382002754309,8.944811104165534
12523,13718,1252.93,7918,2016-07-01,0,1,0,True,False,False,False,False,True,False,False,False,True,False,False,26,0,0.5454545454545454,7667.0,82237.76,8734.0,93651.0,11696.0,84873.7,4555.750907735557,9235.666666666666,5141.792942803772,1195,0.6322261258383903,11.56168334290418,9.435402082446297
13615,13742,1204.93,8510,2016-08-01,0,1,0,True,False,False,False,False,True,False,False,False,True,False,False,31,0,0.6363636363636364,12523.0,104995.61,364.0,65064.13,11385.0,52098.15,6120.400667712315,9373.5,5231.2427873307515,127,0.625,11.36066188677944,9.519000850813155
8273,9112,869.91,3835,2016-09-01,0,1,2,True,False,False,False,False,True,False,False,False,False,False,True,35,0,0.7272727272727273,13615.0,85875.19,7667.0,82237.76,15568.0,58532.03,3166.2781516053437,9745.166666666666,5476.219112368192,839,0.46350012086052694,11.194897992990358,9.020873347021357
15259,15497,1577.02,10826,2016-10-01,0,1,2,True,False,False,False,False,True,False,False,False,False,False,True,39,1,0.8181818181818182,8273.0,72757.28,12523.0,104995.61,8734.0,93651.0,2822.290086673117,8529.333333333334,4676.264777219815,238,0.7094364351245085,11.25047946716266,9.632990304838447
6535,7194,453.86,12467,2016-11-01,0,1,1,True,False,False,False,False,True,False,False,False,False,True,False,44,1,0.9090909090909091,15259.0,76915.79,13615.0,85875.19,364.0,65064.13,3652.485363876678,9616.833333333334,5431.166519880115,659,1.9074357405140758,11.145878055377683,8.785080636539838
3988,4307,399.0,12486,2016-12-01,0,1,1,True,False,False,False,False,True,False,False,False,False,True,False,48,1,1.0,6535.0,69276.68,8273.0,72757.28,7667.0,82237.76,4617.5934569138235,10645.333333333334,3606.209847841175,319,3.1301077964402104,11.616373713409994,8.291295851905407
11109,11947,723.2,10497,2017-01-01,0,1,2,True,False,False,False,False,True,False,False,False,False,False,True,52,0,0.0,3988.0,110897.84,15259.0,76915.79,12523.0,104995.61,5910.877346046018,10032.166666666666,4432.0993859193495,838,0.9448244824482448,11.307811892307166,9.315600882633676
5991,6294,374.74,7963,2017-02-01,0,1,0,True,False,False,False,False,True,False,False,False,True,False,False,5,0,0.09090909090909091,11109.0,81454.48,6535.0,69276.68,13615.0,85875.19,3608.2619546442784,9796.5,4309.051206472256,303,1.3289385847797062,10.846496746021147,8.698180525197055
12354,13672,802.39,6114,2017-03-01,0,1,2,True,False,False,False,False,True,False,False,False,False,False,True,9,0,0.18181818181818182,5991.0,51352.93,3988.0,110897.84,8273.0,72757.28,3672.296602037116,8525.833333333334,4075.60883386356,1318,0.49486038041278835,11.684195005945593,9.42181611842271
10795,12043,740.0,13510,2017-04-01,0,1,0,True,False,False,False,False,True,False,False,False,True,False,False,13,0,0.2727272727272727,12354.0,118680.06,11109.0,81454.48,15259.0,76915.79,3372.2326432202176,9206.0,4355.87217443304,1248,1.2513894034827715,11.47029506543753,9.286930974137896
7895,8081,667.92,13456,2017-05-01,0,1,0,True,False,False,False,False,True,False,False,False,True,False,False,18,0,0.36363636363636365,10795.0,95825.55,5991.0,51352.93,6535.0,69276.68,3316.541019395561,8462.0,3389.1889295228175,186,1.7041540020263424,11.180052841959446,8.974111581113318
8663,8673,431.42,11980,2017-06-01,0,1,2,True,False,False,False,False,True,False,False,False,False,False,True,22,0,0.45454545454545453,7895.0,71685.15,12354.0,118680.06,3988.0,110897.84,2262.8581484485526,8688.666666666666,3278.1977162255916,10,1.3827331486611265,11.294169772906026,9.066931788680826
11311,11485,978.97,9037,2017-07-01,0,1,2,True,False,False,False,False,True,False,False,False,False,False,True,26,0,0.5454545454545454,8663.0,80350.8,10795.0,95825.55,11109.0,81454.48,1502.5116749407787,9467.833333333334,2366.2074648404514,174,0.7988861386138614,11.257931919888646,9.333619388136354
8032,8297,513.24,3824,2017-08-01,0,1,2,True,False,False,False,False,True,False,False,False,False,False,True,31,0,0.6363636363636364,11311.0,77491.15,7895.0,71685.15,5991.0,51352.93,1792.1488033456778,9501.5,2395.484230797608,265,0.4760363500560189,11.219056828467092,8.991313336173812
3857,4289,411.35,14971,2017-09-01,0,1,2,True,False,False,False,False,True,False,False,False,False,False,True,35,0,0.7272727272727273,8032.0,74536.44,8663.0,80350.8,12354.0,118680.06,1739.823075296263,9841.666666666666,1888.5583567013934,432,3.8805080352514256,11.575595522867033,8.257904193465674
13281,13948,894.48,12803,2017-10-01,0,1,0,True,False,False,False,False,True,False,False,False,True,False,False,39,1,0.8181818181818182,3857.0,106466.55,11311.0,77491.15,10795.0,95825.55,3735.964444870072,8425.5,2657.2358382349184,667,0.9639361541936455,10.909475650898255,9.494165014100659
10882,11790,961.42,5101,2017-11-01,0,1,0,True,False,False,False,False,True,False,False,False,True,False,False,44,1,0.9090909090909091,13281.0,54691.16,8032.0,74536.44,7895.0,71685.15,4722.188793345731,8839.833333333334,3232.2075686234457,908,0.46871267113847287,11.600565027943055,9.294957217696062
15890,16945,810.39,13014,2017-12-01,0,1,1,True,False,False,False,False,True,False,False,False,False,True,False,48,1,1.0,10882.0,109158.46,3857.0,106466.55,8663.0,80350.8,4897.577666561298,9337.666666666666,3287.1426903416705,1055,0.8189541249764017,11.131290158313544,9.673508190212637
8115,9095,511.24,4016,2018-01-01,0,1,0,True,False,False,False,False,True,False,False,False,True,False,False,1,0,0.0,15890.0,68273.4,13281.0,54691.16,11311.0,77491.15,2504.733718382058,10542.166666666666,4190.453694609529,980,0.4948250369640217,11.197852462742421,9.001592700945706
12334,14166,878.8,10914,2018-02-01,0,1,1,True,False,False,False,False,True,False,False,False,False,True,False,5,0,0.09090909090909091,8115.0,72972.56,10882.0,109158.46,8032.0,74536.44,3940.959654703409,10009.5,4275.4448072685955,1832,0.8847993514389947,10.855239439272415,9.420196028963456
12088,13305,823.19,14910,2018-03-01,0,1,0,True,False,False,False,False,True,False,False,False,True,False,False,9,0,0.18181818181818182,12334.0,51803.87,15890.0,68273.4,3857.0,106466.55,3892.208499040103,10726.5,4238.051474439637,1217,1.23335263462652,11.141080028813388,9.400051227201992
7151,7932,625.35,9678,2018-04-01,0,1,1,True,False,False,False,False,True,False,False,False,False,True,False,13,0,0.2727272727272727,12088.0,68945.08,8115.0,72972.56,13281.0,54691.16,2368.0232966196395,12098.333333333334,2575.9461692097952,781,1.3531879194630871,11.193382928818565,8.87514731685335
14920,15842,942.2,4445,2018-05-01,0,1,2,True,False,False,False,False,True,False,False,False,False,False,True,18,0,0.36363636363636365,7151.0,72647.13,12334.0,51803.87,10882.0,109158.46,2923.980563090895,11076.666666666666,3162.0273032765936,922,0.2979022853696133,11.656437670656599,9.610524895640422
15384,15892,800.74,5218,2018-06-01,0,1,2,True,False,False,False,False,True,False,False,False,False,False,True,22,0,0.45454545454545453,14920.0,115431.09,12088.0,68945.08,15890.0,68273.4,3931.7416412238163,11749.666666666666,3521.585589853898,508,0.33916152096197594,11.44888346054783,9.641148287756142
11901,12643,762.26,9235,2018-07-01,0,1,0,True,False,False,False,False,True,False,False,False,True,False,False,26,0,0.5454545454545454,15384.0,93795.56,7151.0,72647.13,8115.0,72972.56,4625.201725330477,11665.333333333334,3406.792372109963,742,0.7759200134431188,11.389652022074527,9.384461732204798
4082,4522,298.19,3590,2018-08-01,0,1,2,True,False,False,False,False,True,False,False,False,False,False,True,31,0,0.6363636363636364,11901.0,88401.19,14920.0,115431.09,12334.0,51803.87,1891.249410663054,12296.333333333334,2935.7410421674817,440,0.8792554494244428,11.15777050812275,8.314587291319576
14916,15947,991.17,11512,2018-09-01,0,1,2,True,False,False,False,False,True,False,False,False,False,False,True,35,0,0.7272727272727273,4082.0,70105.48,15384.0,93795.56,12088.0,68945.08,5787.96530166978,10921.0,4454.603910562641,1031,0.7717369444258229,11.58998492718877,9.61025678115393
15214,15983,1506.19,6693,2018-10-01,0,1,1,True,False,False,False,False,True,False,False,False,False,True,False,40,1,0.8181818181818182,14916.0,108009.63,11901.0,88401.19,7151.0,72647.13,5591.69834069519,11392.333333333334,4743.051450982441,769,0.43989484061781137,11.589216466865377,9.630037062331072
7160,7549,360.86,8628,2018-11-01,0,1,2,True,False,False,False,False,True,False,False,False,False,False,True,44,1,0.9090909090909091,15214.0,107926.66,4082.0,70105.48,14920.0,115431.09,6342.788345830248,12736.166666666666,4433.13850073135,389,1.2048596564725598,11.586926945739659,8.87640491500694
10896,10897,1173.5,5908,2018-12-01,0,1,1,True,False,False,False,False,True,False,False,False,False,True,False,48,1,1.0,7160.0,107679.84,14916.0,108009.63,15384.0,93795.56,4566.3854414624275,11442.833333333334,4786.477302428857,1,0.5421675690557034,10.873310520496238,9.296242800976886
12370,13923,777.45,9058,2019-01-01,0,1,2,True,False,False,False,False,True,False,False,False,False,False,True,1,0,0.0,10896.0,52748.55,15214.0,107926.66,11901.0,88401.19,4030.5031943914905,10694.833333333334,4380.891069938472,1553,0.7321962654595425,11.109284691750752,9.423110302862831
10886,11220,574.78,3765,2019-02-01,0,1,1,True,False,False,False,False,True,False,False,False,False,True,False,5,0,0.09090909090909091,12370.0,66787.4,7160.0,107679.84,4082.0,70105.48,2685.5934167330706,10773.0,4410.798521809853,334,0.3458252962248553,11.569880869316256,9.29532469588118
7660,8197,491.77,3325,2019-03-01,0,1,2,True,False,False,False,False,True,False,False,False,False,False,True,9,0,0.18181818181818182,10886.0,105859.86,10896.0,52748.55,14916.0,108009.63,853.915686704494,11907.0,2993.4351504584088,537,0.4340164469390419,11.434031380709511,8.94389780251682
8852,9314,594.85,8321,2019-04-01,0,1,2,True,False,False,False,False,True,False,False,False,False,False,True,14,0,0.2727272727272727,7660.0,92412.78,12370.0,66787.4,15214.0,107926.66,2408.091637237533,10697.666666666666,3000.3758209042167,462,0.939907376030724,11.632395077555815,9.08851166361105
10109,10873,699.04,8567,2019-05-01,0,1,2,True,False,False,False,False,True,False,False,False,False,False,True,18,0,0.36363636363636365,8852.0,112688.9,10886.0,105859.86,7160.0,107679.84,1631.2110020881244,9637.333333333334,2062.7483284847613,764,0.8473788328387735,11.19268838212486,9.221280312014517
8068,8161,536.12,5935,2019-06-01,0,1,0,True,False,False,False,False,True,False,False,False,True,False,False,22,0,0.45454545454545453,10109.0,72596.69,7660.0,92412.78,10896.0,52748.55,1224.6437577244017,10128.833333333334,1667.9633589101006,93,0.735531044739125,11.481997590977496,8.995784837848506
9721,9856,663.46,8075,2019-07-01,0,1,0,True,False,False,False,False,True,False,False,False,True,False,False,27,0,0.5454545454545454,8068.0,96953.55,8852.0,112688.9,12370.0,66787.4,1029.5942566532424,9657.5,1802.0026359581193,135,0.8305904134951656,11.003295126565986,9.1821466376054
13675,14416,1474.85,8694,2019-08-01,0,1,2,True,False,False,False,False,True,False,False,False,False,False,True,31,0,0.6363636363636364,9721.0,60070.76,10109.0,72596.69,10886.0,105859.86,1083.8691495440503,9216.0,1242.0072463556812,741,0.6357121965486985,11.37867335554888,9.523397750759193
6149,6221,388.31,14856,2019-09-01,0,1,1,True,False,False,False,False,True,False,False,False,False,True,False,35,0,0.7272727272727273,13675.0,87435.96,8068.0,96953.55,7660.0,92412.78,2881.1159296356004,9680.833333333334,2168.4220453285097,72,2.415609756097561,11.200472853558562,8.724207360800564
11179,12250,736.14,13484,2019-10-01,0,1,1,True,False,False,False,False,True,False,False,False,False,True,False,40,1,0.8181818181818182,6149.0,73164.03,9721.0,60070.76,8852.0,112688.9,3764.615429673175,9429.0,2510.770001413912,1071,1.20608228980322,11.104938880610996,9.32188174670909
9433,9586,833.41,5017,2019-11-01,0,1,2,True,False,False,False,False,True,False,False,False,False,False,True,44,1,0.9090909090909091,11179.0,66497.78,13675.0,87435.96,10109.0,72596.69,3833.4404043017735,9816.833333333334,2582.51477569184,153,0.5317998728005088,11.620131067408073,9.152075463844207
11220,12431,577.27,5087,2019-12-01,0,1,0,True,False,False,False,False,True,False,False,False,True,False,False,48,1,1.0,9433.0,111315.31,6149.0,73164.03,8068.0,96953.55,2553.888277378896,9704.166666666666,2581.965020418882,1211,0.45334640406380894,10.93365146431034,9.325542301664866
12934,14720,1119.44,8498,2020-01-01,0,1,1,True,False,False,False,False,True,False,False,False,False,True,False,1,0,0.0,11220.0,56029.5,11179.0,66497.78,9721.0,60070.76,1020.0952569899259,10229.5,2501.902296253792,1786,0.6569771936606107,11.676661543441575,9.46769209462013
16816,19209,892.93,3664,2020-02-01,0,1,0,True,False,False,False,False,True,False,False,False,True,False,False,5,0,0.09090909090909091,12934.0,117789.34,9433.0,111315.31,13675.0,87435.96,1750.6268401156608,10765.0,2706.7604991945595,2393,0.2178747695784028,11.138439993899818,9.73014555852275
5487,6060,280.66,8042,2020-03-01,0,1,1,True,False,False,False,False,True,False,False,False,False,True,False,9,0,0.18181818181818182,16816.0,68763.3,11220.0,56029.5,6149.0,73164.03,2867.139573395991,11288.5,3553.4476076058822,573,1.4653790087463556,11.398738555494194,8.610319169405722
11669,12273,1179.74,3759,2020-04-01,0,1,2,True,False,False,False,False,True,False,False,False,False,False,True,14,0,0.2727272727272727,5487.0,89208.12,12934.0,117789.34,11179.0,66497.78,5757.226965591451,11178.166666666666,3749.7960166743255,604,0.32210796915167095,11.576277376114545,9.364776725280601
11711,13448,816.84,8782,2020-05-01,0,1,0,True,False,False,False,False,True,False,False,False,True,False,False,18,0,0.36363636363636365,11669.0,106539.17,16816.0,68763.3,9433.0,111315.31,5672.374194285847,11259.833333333334,3755.1498194701417,1737,0.7498292349726776,10.893644727398184,9.368369236201092
7905,8286,707.89,14180,2020-06-01,0,1,2,True,False,False,False,False,True,False,False,False,False,False,True,23,0,0.45454545454545453,11711.0,53832.15,5487.0,89208.12,11220.0,56029.5,3581.3652890110693,11639.5,3647.111226710801,381,1.7935745003794585,11.321584434740878,8.97537724385663
4471,4759,373.55,3372,2020-07-01,0,1,1,True,False,False,False,False,True,False,False,False,False,True,False,27,0,0.5454545454545454,7905.0,82584.09,11669.0,106539.17,12934.0,117789.34,2185.3716693810547,11087.0,3960.9613479558184,288,0.7540250447227191,11.32599835889691,8.405591014834934
16161,17831,1374.49,10109,2020-08-01,0,1,2,True,False,False,False,False,True,False,False,False,False,False,True,31,0,0.6363636363636364,4471.0,82949.42,11711.0,53832.15,16816.0,68763.3,3621.5924674098833,9676.5,4623.182010260899,1670,0.6254795198614033,10.983565469332047,9.690418086793393
10184,11425,508.69,12193,2020-09-01,0,1,2,True,False,False,False,False,True,False,False,False,False,False,True,36,0,0.7272727272727273,16161.0,58897.18,7905.0,82584.09,5487.0,89208.12,6008.466138153176,9567.333333333334,4424.338037115459,1241,1.197152675503191,11.38423058610579,9.228671328660907
5067,5275,251.58,13964,2020-10-01,0,1,1,True,False,False,False,False,True,False,False,False,False,True,False,40,1,0.8181818181818182,10184.0,87923.22,4471.0,82949.42,11669.0,106539.17,5845.496813787516,10350.166666666666,3947.8608089276217,208,2.755327545382794,11.627535561062494,8.53070154144103
8319,9154,836.06,10165,2020-11-01,0,1,0,True,False,False,False,False,True,False,False,False,True,False,False,44,1,0.9090909090909091,5067.0,112142.61,16161.0,58897.18,11711.0,53832.15,5552.552776276271,9249.833333333334,4400.821578599464,835,1.2217548076923077,11.677997093557565,9.026417533815254
10327,11623,698.62,4354,2020-12-01,0,1,2,True,False,False,False,False,True,False,False,False,False,False,True,49,1,1.0,8319.0,117946.76,10184.0,87923.22,7905.0,82584.09,2589.640193797843,8684.5,4236.216507687022,1296,0.4215724244771495,11.69261731711982,9.242613932526478
7808,8183,420.46,8256,2021-01-01,0,1,1,True,False,False,False,False,True,False,False,False,False,True,False,53,0,0.0,10327.0,119683.85,5067.0,112142.61,4471.0,82949.42,2654.4041390363545,9088.166666666666,4262.397373153598,375,1.057241644256627,11.533809370219744,8.963032193662675
9838,11170,669.97,8094,2021-02-01,0,1,0,True,False,False,False,False,True,False,False,False,True,False,False,5,0,0.09090909090909091,7808.0,102109.35,8319.0,117946.76,16161.0,58897.18,1331.574631779983,9644.333333333334,3723.0317574077553,1332,0.8226445777009859,10.998450523871664,9.194109358865765
7552,8187,475.78,7961,2021-03-01,0,1,2,True,False,False,False,False,True,False,False,False,False,False,True,9,0,0.18181818181818182,9838.0,59780.44,10327.0,119683.85,10184.0,87923.22,1335.7508500215638,8590.5,2010.5721325035895,635,1.0540182708857408,10.944734817786706,8.929700114313448
11991,12463,1241.07,10023,2021-04-01,0,1,2,True,False,False,False,False,True,False,False,False,False,False,True,13,0,0.2727272727272727,7552.0,56653.96,7808.0,102109.35,5067.0,112142.61,1252.4796738204302,8151.833333333333,1875.98885035778,472,0.8358072048032021,10.977350076980743,9.391995039782433
10336,11854,513.18,11460,2021-05-01,0,1,2,True,False,False,False,False,True,False,False,False,False,False,True,17,0,0.36363636363636365,11991.0,58532.24,9838.0,59780.44,8319.0,117946.76,2219.8320507041367,9305.833333333334,1722.1718168251061,1518,1.1086388700783594,11.1386729364907,9.243484970568485
6712,7512,483.26,7619,2021-06-01,0,1,1,True,False,False,False,False,True,False,False,False,False,True,False,22,0,0.45454545454545453,10336.0,68779.32,7552.0,56653.96,10327.0,119683.85,2243.3012132420677,9642.0,1687.5268294163548,800,1.1349620140026813,11.045933615758358,8.811801223938751
8967,9082,473.46,3263,2021-07-01,0,1,1,True,False,False,False,False,True,False,False,False,False,True,False,26,0,0.5454545454545454,6712.0,62687.52,11991.0,58532.24,7808.0,102109.35,2700.0074691254713,9039.5,2008.7992184387233,115,0.3638492417484389,11.04839562715608,9.101417964751995
10980,11716,716.44,4357,2021-08-01,0,1,2,True,False,False,False,False,True,False,False,False,False,False,True,30,0,0.6363636363636364,8967.0,62842.05,10336.0,68779.32,9838.0,59780.44,1829.9618393106814,9232.666666666666,1920.4767810798153,736,0.396776249886167,11.564488163065342,9.303921785597714
7479,7809,516.05,6383,2021-09-01,0,1,1,True,False,False,False,False,True,False,False,False,False,True,False,35,0,0.7272727272727273,10980.0,105290.52,6712.0,62687.52,7552.0,56653.96,2135.1431645988832,9423.0,2045.0202932978486,330,0.8533422459893049,10.840943512356166,8.919988070968524
8427,9515,604.22,5073,2021-10-01,0,1,2,True,False,False,False,False,True,False,False,False,False,False,True,39,1,0.8181818181818182,7479.0,51068.54,8967.0,62842.05,11991.0,58532.24,1757.0483772508942,9410.833333333334,2058.5503070526806,1088,0.601922164214523,10.913110691529125,9.03931477492408
9950,10746,614.91,12697,2021-11-01,0,1,0,True,False,False,False,False,True,False,False,False,True,False,False,44,1,0.9090909090909091,8427.0,54890.33,10980.0,105290.52,10336.0,68779.32,1810.77856183466,8816.833333333334,1635.958363365857,796,1.2759521656114963,11.003256005921493,9.205428327615163
4856,4919,259.31,3693,2021-12-01,0,1,0,True,False,False,False,False,True,False,False,False,True,False,False,48,1,1.0,9950.0,60068.41,7479.0,51068.54,6712.0,62687.52,1246.6003101769754,8752.5,1570.5518456899242,63,0.7603458925262507,11.480130025464797,8.488176242345745
8808,8820,560.19,9943,2022-01-01,0,1,0,True,False,False,False,False,True,False,False,False,True,False,False,52,0,0.0,4856.0,96772.65,8427.0,54890.33,8967.0,62842.05,2614.7149621580793,8443.166666666666,2134.3905375227605,12,1.1287319786581904,10.998830168311615,9.083529205109796
7392,7575,738.46,14183,2022-02-01,0,1,2,True,False,False,False,False,True,False,False,False,False,False,True,5,0,0.09090909090909091,8808.0,59803.14,9950.0,60068.41,10980.0,105290.52,2673.053933861666,8416.666666666666,2127.5621416698264,183,1.918436358717706,11.682169380970851,8.9082888855571
9544,10884,496.77,12504,2022-03-01,0,1,1,True,False,False,False,False,True,False,False,False,False,True,False,9,0,0.18181818181818182,7392.0,118439.9,4856.0,96772.65,7479.0,51068.54,2002.2760382458064,7818.666666666667,1730.1007677781963,1340,1.3100052383446832,11.244715769209467,9.163772736159848
17279,19696,894.19,11243,2022-04-01,0,1,2,True,False,False,False,False,True,False,False,False,False,False,True,13,0,0.2727272727272727,9544.0,76473.74,8808.0,59803.14,8427.0,54890.33,1093.7592666274118,8162.833333333333,1850.2400294736628,2417,0.650636574074074,10.921015049082595,9.757305042358047
3048,3163,152.7,7216,2022-05-01,0,1,0,True,False,False,False,False,True,False,False,False,True,False,False,17,0,0.36363636363636365,17279.0,55325.93,7392.0,118439.9,9950.0,60068.41,5199.584887277062,9638.166666666666,4173.535691313384,115,2.366677599212857,11.525104300959262,8.022568946988255
12159,12521,1015.88,11051,2022-06-01,0,1,1,True,False,False,False,False,True,False,False,False,False,True,False,22,0,0.45454545454545453,3048.0,101224.33,9544.0,76473.74,4856.0,96772.65,7124.483630411401,8487.833333333334,4949.453643248586,362,0.9087993421052631,11.357316956360114,9.405907155520158
10399,10848,737.81,9387,2022-07-01,0,1,1,True,False,False,False,False,True,False,False,False,False,True,False,26,0,0.5454545454545454,12159.0,85588.42,17279.0,55325.93,8808.0,59803.14,7208.167612738576,9705.0,4772.49913567305,449,0.9025961538461539,11.02227217139371,9.249561085129464
15457,17551,1388.81,13322,2022-08-01,0,1,0,True,False,False,False,False,True,False,False,False,True,False,False,31,0,0.6363636363636364,10399.0,61221.63,3048.0,101224.33,7392.0,118439.9,4832.961859288083,9970.166666666666,4756.8663389532685,2094,0.8618191227843188,10.956178059290277,9.645881947666817
1940,2079,122.22,6262,2022-09-01,0,1,2,True,False,False,False,False,True,False,False,False,False,False,True,35,0,0.7272727272727273,15457.0,57306.0,12159.0,85588.42,9544.0,76473.74,2567.6762516589506,11314.333333333334,5015.10875920619,139,3.226172076249356,11.349471627994383,7.57095858316901
10502,11504,551.35,5380,2022-10-01,0,1,1,True,False,False,False,False,True,False,False,False,False,True,False,39,1,0.8181818181818182,1940.0,84919.57,10399.0,61221.63,17279.0,55325.93,6829.437922210973,10047.0,6338.1988293205195,1002,0.5122345996381986,11.538496910785724,9.259416209622776
8418,8979,448.26,13721,2022-11-01,0,1,0,True,False,False,False,False,True,False,False,False,True,False,False,44,1,0.9090909090909091,10502.0,102589.12,15457.0,57306.0,3048.0,101224.33,6838.240002612758,8917.5,5312.521087016975,561,1.6297660054638319,11.694966649130116,9.038246335337664
14684,16136,982.36,6498,2022-12-01,0,1,1,True,False,False,False,False,True,False,False,False,False,True,False,48,1,1.0,8418.0,119965.36,1940.0,84919.57,12159.0,85588.42,4464.96330705341,9812.5,4518.998152245695,1452,0.4424923391215526,11.213657737250898,9.59458184363272
6659,7582,696.2,12357,2023-01-01,0,1,0,True,False,False,False,False,True,False,False,False,True,False,False,52,0,0.0,14684.0,74135.09,10502.0,102589.12,10399.0,61221.63,3191.001305755507,10233.333333333334,4884.046832972291,923,1.8554054054054054,11.262313461359911,8.803874763534434
13110,13634,822.0,12447,2023-02-01,0,1,2,True,False,False,False,False,True,False,False,False,False,False,True,5,0,0.09090909090909091,6659.0,77831.43,8418.0,119965.36,15457.0,57306.0,4218.1643321868505,9610.0,5092.871763553448,524,0.9493555030127374,11.675808903026686,9.481206851499401
13511,14683,674.87,12853,2023-03-01,0,1,1,True,False,False,False,False,True,False,False,False,False,True,False,9,0,0.18181818181818182,13110.0,117688.95,14684.0,74135.09,1940.0,84919.57,4252.322933801401,9218.833333333334,4622.363828893901,1172,0.9512285375962107,11.495240809188076,9.511333458487636
15354,16517,1377.25,13937,2023-04-01,0,1,0,True,False,False,False,False,True,False,False,False,True,False,False,13,0,0.2727272727272727,13511.0,98246.08,6659.0,77831.43,10502.0,102589.12,3845.4758266479002,11147.333333333334,3160.944268200033,1163,0.9076522305437968,11.370999277304858,9.639196432874924
9500,10397,803.7,7251,2023-05-01,0,1,0,True,False,False,False,False,True,False,False,False,True,False,False,18,0,0.36363636363636365,15354.0,86767.53,13110.0,117688.95,8418.0,119965.36,1196.7306853813743,11956.0,3558.476696565535,897,0.7631828228607515,11.600756289454365,9.15915233520675
7959,8183,561.11,14452,2023-06-01,0,1,1,True,False,False,False,False,True,False,False,False,False,True,False,22,0,0.45454545454545453,9500.0,109179.34,13511.0,98246.08,14684.0,74135.09,2993.161260829988,12136.333333333334,3365.5060045506716,224,1.815577889447236,11.155828431964437,8.982184278838428
12374,13714,779.56,3105,2023-07-01,0,1,0,True,False,False,False,False,True,False,False,False,True,False,False,26,0,0.5454545454545454,7959.0,69969.46,15354.0,86767.53,6659.0,77831.43,3901.4959096907114,11015.5,3465.6906238151123,1340,0.2509090909090909,10.932286097179308,9.423433587436891
9162,9238,974.38,3958,2023-08-01,0,1,2,True,False,False,False,False,True,False,False,False,False,False,True,31,0,0.6363636363636364,12374.0,55953.05,9500.0,109179.34,13110.0,117688.95,2240.787882271177,11968.0,2737.8075169741137,76,0.4319546000218269,11.155090419802779,9.122928914965213
13194,14916,965.8,11383,2023-09-01,0,1,2,True,False,False,False,False,True,False,False,False,False,False,True,35,0,0.7272727272727273,9162.0,69917.84,7959.0,69969.46,13511.0,98246.08,2282.410202687796,11310.0,2879.223436970458,1722,0.8626752557787041,11.227403058759567,9.487593248937424
8910,9887,451.74,13499,2023-10-01,0,1,2,True,False,False,False,False,True,False,False,False,False,False,True,39,1,0.8181818181818182,13194.0,75161.15,12374.0,55953.05,15354.0,86767.53,2130.9766149194033,11257.166666666666,2833.300013529567,977,1.5148692627090112,11.689013718363922,9.09504174761272
5019,5386,422.35,7675,2023-11-01,0,1,0,True,False,False,False,False,True,False,False,False,True,False,False,44,1,0.9090909090909091,8910.0,119253.33,9162.0,69917.84,9500.0,109179.34,2403.9267875707064,10183.166666666666,2094.8621354797233,367,1.5288844621513944,11.660317528144063,8.521185212685776
9504,10285,642.95,3613,2023-12-01,0,1,0,True,False,False,False,False,True,False,False,False,True,False,False,48,1,1.0,5019.0,115879.82,13194.0,75161.15,7959.0,69969.46,4089.074100575827,9436.333333333334,2993.2449727121702,781,0.38011572856391374,10.970346669761373,9.15957325492253
13920,14976,950.04,8000,2024-01-01,0,1,1,True,False,False,False,False,True,False,False,False,False,True,False,1,0,0.0,9504.0,58123.74,8910.0,119253.33,12374.0,55953.05,2436.115145061908,9693.833333333334,2905.918265654882,1056,0.5746713598161052,11.263256838756664,9.541153770388567
5081,5645,259.89,4692,2024-02-01,0,1,2,True,False,False,False,False,True,False,False,False,False,False,True,5,0,0.09090909090909091,13920.0,77904.89,5019.0,115879.82,9162.0,69917.84,4450.544573420202,9951.5,3240.3902079842187,564,0.9232585596221959,11.450411878933714,8.53346016388011
11335,11881,829.72,4675,2024-03-01,0,1,2,True,False,False,False,False,True,False,False,False,False,False,True,9,0,0.18181818181818182,5081.0,93939.03,9504.0,58123.74,13194.0,75161.15,4419.500461967771,9271.333333333334,3816.368518194579,546,0.4124029640084686,10.870949611360109,9.335738781370516
5616,6095,282.2,11941,2024-04-01,0,1,2,True,False,False,False,False,True,False,False,False,False,False,True,14,0,0.2727272727272727,11335.0,52624.16,13920.0,77904.89,8910.0,119253.33,4544.642670221721,8961.5,3496.248546656834,479,2.1258679010147765,11.27384966676529,8.633552992532433
10084,10225,682.18,10123,2024-05-01,0,1,1,True,False,False,False,False,True,False,False,False,False,True,False,18,0,0.36363636363636365,5616.0,78734.52,5081.0,93939.03,5019.0,115879.82,3466.643477486544,8412.5,3754.998841544434,141,1.003767972235994,11.036292228360958,9.218804450388312
6370,7253,406.09,6269,2024-06-01,0,1,1,True,False,False,False,False,True,False,False,False,False,True,False,22,0,0.45454545454545453,10084.0,62086.02,11335.0,52624.16,9504.0,58123.74,3006.5203031633337,9256.666666666666,3391.2371587175508,883,0.9839899544812432,11.588395024029358,8.759511722116487
5162,5789,322.88,9773,2024-07-01,0,1,2,True,False,False,False,False,True,False,False,False,False,False,True,27,0,0.5454545454545454,6370.0,107838.04,5616.0,78734.52,13920.0,77904.89,2391.8380658676147,8734.333333333334,3581.539482773672,627,1.892891729614565,11.29721013100957,8.54927308487965
4363,4926,309.55,7347,2024-08-01,0,1,1,True,False,False,False,False,True,False,False,False,False,True,False,31,0,0.6363636363636364,5162.0,80595.47,10084.0,62086.02,5081.0,93939.03,2565.1232588967987,7274.666666666667,2728.508432581206,563,1.6835472043996333,11.539819944354669,8.381144346952961
11553,12716,1194.0,14878,2024-09-01,0,1,2,True,False,False,False,False,True,False,False,False,False,False,True,35,0,0.7272727272727273,4363.0,102724.94,6370.0,107838.04,11335.0,52624.16,1010.4218590931804,7155.0,2856.69389329695,1163,1.2876925740003462,11.254705361592848,9.354786976341211
11301,11831,1169.65,8874,2024-10-01,0,1,2,True,False,False,False,False,True,False,False,False,False,False,True,40,1,0.8181818181818182,11553.0,77241.52,5162.0,80595.47,5616.0,78734.52,3940.799030653555,7191.333333333333,2921.1498877439944,530,0.7851707662360644,11.409699780049925,9.33273498018979
12742,14279,1299.68,4610,2024-11-01,0,1,0,True,False,False,False,False,True,False,False,False,True,False,False,44,1,0.9090909090909091,11301.0,90191.34,4363.0,102724.94,10084.0,62086.02,4080.3481877571844,8138.833333333333,3215.1743602278743,1537,0.36176724476183003,11.074373059797997,9.452737380212278
10495,10613,689.52,8261,2024-12-01,0,1,2,True,False,False,False,False,True,False,False,False,False,False,True,48,1,1.0,12742.0,64495.94,11553.0,77241.52,6370.0,107838.04,769.600112612615,8581.833333333334,3685.504221496253,118,0.7870617378048781,10.862895243483688,9.25874951118387
15910,17075,1147.91,11659,2025-01-01,0,1,2,True,False,False,False,False,True,False,False,False,False,False,True,1,0,0.0,10495.0,52202.0,11301.0,90191.34,5162.0,80595.47,1138.355978300878,9269.333333333334,3573.423270012479,1165,0.7327634969517943,11.129073256390988,9.674765972907856
17456,19595,1764.8,6883,2025-02-01,0,1,1,True,False,False,False,False,True,False,False,False,False,True,False,5,0,0.09090909090909091,15910.0,68122.21,12742.0,64495.94,4363.0,102724.94,2720.5225600976028,11060.666666666666,3790.0339136565276,2139,0.394283095606347,11.587543856837643,9.76749599332478
12262,13318,1083.35,13681,2025-03-01,0,1,2,True,False,False,False,False,True,False,False,False,False,False,True,9,0,0.18181818181818182,17456.0,107746.29,10495.0,52202.0,11553.0,77241.52,3655.312617729617,13242.833333333334,2803.291880391077,1056,1.115632390116611,11.579830745621607,9.414341877762027
8438,9651,749.29,9480,2025-04-01,0,1,1,True,False,False,False,False,True,False,False,False,False,True,False,14,0,0.2727272727272727,12262.0,106918.42,15910.0,68122.21,11301.0,90191.34,2666.947568538487,13361.0,2731.847140672382,1213,1.1233558478492713,11.458603905803256,9.040619097157967
3900,4093,419.44,5472,2025-05-01,0,1,2,True,False,False,False,False,True,False,False,False,False,False,True,18,0,0.36363636363636365,8438.0,94711.75,17456.0,107746.29,12742.0,64495.94,4526.310786206946,12883.833333333334,3344.881009343464,193,1.4027172519866702,11.384776248131914,8.268988209506656
9808,10413,979.82,6245,2025-06-01,0,1,0,True,False,False,False,False,True,False,False,False,True,False,False,22,0,0.45454545454545453,3900.0,87971.21,12262.0,106918.42,10495.0,52202.0,4186.077400144437,11410.166666666666,4971.923749080087,605,0.6366602100112142,11.514198953739077,9.191055610564316
10582,10871,1095.24,13356,2025-07-01,0,1,2,True,False,False,False,False,True,False,False,False,False,False,True,27,0,0.5454545454545454,9808.0,100126.43,8438.0,94711.75,15910.0,68122.21,3092.324045115584,11295.666666666666,5005.014991652532,289,1.2620240007559294,11.181474978230165,9.267004219093725
9563,10105,700.01,12059,2025-08-01,0,1,0,True,False,False,False,False,True,False,False,False,True,False,False,31,0,0.6363636363636364,10582.0,71787.17,3900.0,87971.21,17456.0,107746.29,3654.9661193140137,10407.666666666666,4466.248074913285,542,1.2608741112505228,11.536087247901966,9.165761328578215
13486,13929,877.94,9635,2025-09-01,0,1,0,True,False,False,False,False,True,False,False,False,True,False,False,36,0,0.7272727272727273,9563.0,102342.21,9808.0,100126.43,12262.0,106918.42,531.893159697828,9092.166666666666,2842.1145942179496,443,0.7143916363905983,11.487594836390935,9.509481537516857
15394,15397,1604.82,14664,2025-10-01,0,1,2,True,False,False,False,False,True,False,False,False,False,False,True,40,1,0.8181818181818182,13486.0,97497.75,10582.0,71787.17,8438.0,94711.75,2035.579606238316,9296.166666666666,3143.1292952512554,3,0.9525170509905814,11.398619390173696,9.641798060358601
8454,8870,424.81,8575,2025-11-01,0,1,0,True,False,False,False,False,True,False,False,False,True,False,False,44,1,0.9090909090909091,15394.0,89197.49,9563.0,102342.21,3900.0,87971.21,2972.960197065096,10455.5,3944.0869032007845,416,1.0141927853341217,11.584549604965238,9.042513261332681
8406,8796,583.8,13617,2025-12-01,0,1,2,True,False,False,False,False,True,False,False,False,False,False,True,49,1,1.0,8454.0,107424.15,13486.0,97497.75,9808.0,100126.43,3585.2728394549463,11214.5,2659.099227182005,390,1.6197216605209943,11.167602980182943,9.036819971135296
10194,10821,509.19,7774,2015-07-01,1,1,1,False,True,False,False,False,True,False,False,False,False,True,False,27,0,0.5454545454545454,8922.0,104855.71,10279.0,90283.19,7597.0,80810.67,1582.6285097899633,7968.5,3375.3764086394867,627,0.7625306522805296,11.684923079460281,9.229652683008556
8920,9986,750.62,11667,2015-08-01,1,1,1,False,True,False,False,False,True,False,False,False,False,True,False,31,0,0.6363636363636364,10194.0,118766.5,12077.0,76240.94,2324.0,52582.09,1587.3299383976014,8401.333333333334,3483.0044310432145,1066,1.3078130254455778,11.010319632633152,9.096163326913784
13742,13797,867.81,11062,2015-09-01,1,1,1,False,True,False,False,False,True,False,False,False,False,True,False,36,0,0.7272727272727273,8920.0,60494.22,8922.0,104855.71,6612.0,72184.54,734.9675729808306,9500.666666666666,1829.7776549806983,55,0.8049188677872371,11.090401427182845,9.528284882554852
20240,21254,1262.98,3901,2015-10-01,1,1,0,False,True,False,False,False,True,False,False,False,True,False,False,40,1,0.8181818181818182,13742.0,65538.05,10194.0,118766.5,10279.0,90283.19,2498.7684966799143,10689.0,1892.7296690230205,1014,0.1927276320339904,11.551808140225907,9.915465529295535
9802,10703,880.71,5780,2015-11-01,1,1,0,False,True,False,False,False,True,False,False,False,True,False,False,44,1,0.9090909090909091,20240.0,103963.85,8920.0,60494.22,12077.0,76240.94,5680.640926280532,12349.166666666666,4299.504828078073,901,0.5896154238498419,11.029931910782192,9.190443740261726
10531,11077,522.86,13458,2015-12-01,1,1,2,False,True,False,False,False,True,False,False,False,False,False,True,49,1,1.0,9802.0,61692.38,13742.0,65538.05,8922.0,104855.71,5270.981059853406,11970.0,4426.738935153054,546,1.2778199772123053,11.445343276573267,9.2621735206162
10238,11326,674.17,12620,2016-01-01,1,1,0,False,True,False,False,False,True,False,False,False,True,False,False,53,0,0.0,10531.0,93464.09,20240.0,103963.85,10194.0,118766.5,5827.3488254379745,12238.166666666666,4250.388801823506,1088,1.2325422404531692,11.617004720164314,9.233959237574817
8713,9816,567.22,13419,2016-02-01,1,1,2,False,True,False,False,False,True,False,False,False,False,False,True,5,0,0.09090909090909091,10238.0,110967.84,9802.0,61692.38,8920.0,60494.22,366.83011508509054,12245.5,4246.192447357985,1103,1.5399357355978884,11.574941212839615,9.072686206677387
15537,17431,1391.34,3218,2016-03-01,1,1,1,False,True,False,False,False,True,False,False,False,False,True,False,9,0,0.18181818181818182,8713.0,106396.91,10531.0,93464.09,13742.0,65538.05,976.0975019604041,12211.0,4279.327423789864,1894,0.20710516153945166,11.515618036743163,9.651043915510366
14910,17133,1290.46,11767,2016-04-01,1,1,0,False,True,False,False,False,True,False,False,False,True,False,False,13,0,0.2727272727272727,15537.0,100268.62,10238.0,110967.84,20240.0,103963.85,3581.7128583961066,12510.166666666666,4466.419748150262,2223,0.789148950439273,11.475532376692696,9.609854474590907
7546,8329,390.51,14960,2016-05-01,1,1,0,False,True,False,False,False,True,False,False,False,True,False,False,17,0,0.36363636363636365,14910.0,96328.74,8713.0,106396.91,9802.0,61692.38,3771.889756253931,11621.833333333334,2864.2132194839583,783,1.9822446005035113,10.903410174026513,8.928905412284868
7425,8516,483.37,11976,2016-06-01,1,1,2,False,True,False,False,False,True,False,False,False,False,False,True,22,0,0.45454545454545453,7546.0,54360.43,15537.0,100268.62,10531.0,93464.09,4443.679143832657,11245.833333333334,3270.197389557191,1091,1.612712092647455,11.430985316627492,8.912742634737025
18246,20097,1154.97,12900,2016-07-01,1,1,0,False,True,False,False,False,True,False,False,False,True,False,False,26,0,0.5454545454545454,7425.0,92131.71,14910.0,96328.74,10238.0,110967.84,4286.963999537825,10728.166666666666,3631.82771709599,1851,0.7069655285800406,11.574492983296473,9.811755961936536
3539,3599,357.26,6011,2016-08-01,1,1,2,False,True,False,False,False,True,False,False,False,False,False,True,31,0,0.6363636363636364,18246.0,106349.23,7546.0,54360.43,8713.0,106396.91,6212.872148477976,12062.833333333334,4723.143166014202,60,1.6980225988700566,11.011856754013408,8.17188200612782
5973,6395,307.31,7293,2016-09-01,1,1,2,False,True,False,False,False,True,False,False,False,False,False,True,35,0,0.7272727272727273,3539.0,60587.28,7425.0,92131.71,15537.0,100268.62,7621.142587127822,11200.5,5805.3948272275165,422,1.2207900903916973,11.58539104628104,8.695171998776056
10280,10378,892.82,4379,2016-10-01,1,1,0,False,True,False,False,False,True,False,False,False,True,False,False,39,1,0.8181818181818182,5973.0,107514.58,18246.0,106349.23,14910.0,96328.74,7882.964057594919,9606.5,5688.401418676431,98,0.4259313296371948,11.591710304936706,9.238052810542719
9605,10521,835.63,13484,2016-11-01,1,1,0,False,True,False,False,False,True,False,False,False,True,False,False,44,1,0.9090909090909091,10280.0,108196.15,3539.0,60587.28,7546.0,54360.43,3413.592584555653,8834.833333333334,5109.661962074077,916,1.403706017072663,11.643349070924549,9.17014318222477
9327,9705,969.54,7167,2016-12-01,1,1,1,False,True,False,False,False,True,False,False,False,False,True,False,48,1,1.0,9605.0,113930.09,5973.0,107514.58,7425.0,92131.71,2316.5095150534876,9178.0,5074.814518778005,378,0.7683319039451115,11.675471264107012,9.140775908590273
2425,2452,214.25,11485,2017-01-01,1,1,1,False,True,False,False,False,True,False,False,False,False,True,False,52,0,0.0,9327.0,117649.22,10280.0,108196.15,18246.0,106349.23,490.08808732037335,9495.0,5002.298871518976,27,4.734130255564716,11.350932279597728,7.793999089503996
12488,13372,786.74,11133,2017-02-01,1,1,2,False,True,False,False,False,True,False,False,False,False,False,True,5,0,0.09090909090909091,2425.0,85043.7,9605.0,113930.09,3539.0,60587.28,4067.498985863427,6858.166666666667,3370.5349377608795,884,0.8914244535190968,11.622783581242128,9.432603535863086
6659,6793,344.6,5902,2017-03-01,1,1,0,False,True,False,False,False,True,False,False,False,True,False,False,9,0,0.18181818181818182,12488.0,111610.97,9327.0,117649.22,5973.0,107514.58,5146.090652135853,8349.666666666666,3581.431315363553,134,0.8861861861861862,11.670411063483643,8.803874763534434
17905,19292,1815.57,7236,2017-04-01,1,1,2,False,True,False,False,False,True,False,False,False,False,False,True,13,0,0.2727272727272727,6659.0,117055.39,2425.0,85043.7,10280.0,108196.15,5052.523560888493,8464.0,3500.417917906381,1387,0.40411035407126106,11.543603446522145,9.792891131194102
5633,6297,577.1,3302,2017-05-01,1,1,0,False,True,False,False,False,True,False,False,False,True,False,False,18,0,0.36363636363636365,17905.0,103114.34,12488.0,111610.97,9605.0,113930.09,5624.257669535895,9734.833333333334,5242.311490808867,664,0.5860844870429535,11.52694749519345,8.636574948436317
5509,6002,404.09,4270,2017-06-01,1,1,2,False,True,False,False,False,True,False,False,False,False,False,True,22,0,0.45454545454545453,5633.0,101411.08,6659.0,117055.39,9327.0,117649.22,6808.41606640879,9072.833333333334,5506.1395702131185,493,0.7749546279491834,11.613925698398774,8.61431990214696
8884,8977,776.91,13580,2017-07-01,1,1,1,False,True,False,False,False,True,False,False,False,False,True,False,26,0,0.5454545454545454,5509.0,110626.69,17905.0,103114.34,2425.0,85043.7,7121.308119533472,8436.5,5688.491038931154,93,1.5284186831738886,11.050830797271699,9.092119740588751
14385,15358,1048.67,13590,2017-08-01,1,1,1,False,True,False,False,False,True,False,False,False,False,True,False,31,0,0.6363636363636364,8884.0,62995.27,5633.0,101411.08,12488.0,111610.97,1913.766007988791,9513.0,4876.549230757342,973,0.9446684276379814,11.048378123078425,9.574010790427302
11041,11651,546.53,6114,2017-09-01,1,1,1,False,True,False,False,False,True,False,False,False,False,True,False,35,0,0.7272727272727273,14385.0,62840.95,5509.0,110626.69,6659.0,117055.39,4480.234406069993,9829.166666666666,5161.194684050069,610,0.5537040391233472,11.293091929504353,9.30946146284399
11545,12554,735.99,3623,2017-10-01,1,1,0,False,True,False,False,False,True,False,False,False,True,False,False,39,1,0.8181818181818182,11041.0,80264.24,8884.0,62995.27,17905.0,103114.34,2771.7619546659016,10559.5,4927.634635400642,1009,0.3137883249610255,11.424092174758725,9.354094335620879
9026,10314,586.24,9951,2017-11-01,1,1,2,False,True,False,False,False,True,False,False,False,False,False,True,44,1,0.9090909090909091,11545.0,91498.81,14385.0,62840.95,5633.0,101411.08,1802.8658667059335,9499.5,3512.2971258138214,1288,1.1023595879029577,11.039482487942823,9.107975365298154
7124,7492,523.61,11014,2017-12-01,1,1,1,False,True,False,False,False,True,False,False,False,False,True,False,48,1,1.0,9026.0,62284.41,11041.0,80264.24,5509.0,110626.69,1332.891718532808,10065.0,3001.226216065697,368,1.5458245614035089,10.86107894835005,8.871365005136852
6192,6352,430.03,14259,2018-01-01,1,1,2,False,True,False,False,False,True,False,False,False,False,False,True,1,0,0.0,7124.0,52107.27,11545.0,91498.81,8884.0,62995.27,2217.664161529726,10334.166666666666,2549.2914636554765,160,2.302438236718876,11.404885808060834,8.731174900938061
14802,15759,1083.51,6014,2018-02-01,1,1,0,False,True,False,False,False,True,False,False,False,True,False,False,5,0,0.09090909090909091,6192.0,89758.2,9026.0,62284.41,14385.0,62840.95,1444.4020677544527,9885.5,3044.3779495982467,957,0.40626899952712286,11.24548814428542,9.602585141913492
8163,8605,713.85,3680,2018-03-01,1,1,1,False,True,False,False,False,True,False,False,False,False,True,False,9,0,0.18181818181818182,14802.0,76532.83,7124.0,52107.27,11041.0,80264.24,4724.9763315103855,9955.0,3169.8162722782563,442,0.4507594316511514,11.272036516310457,9.007489523929735
10049,10153,874.26,7091,2018-04-01,1,1,0,False,True,False,False,False,True,False,False,False,True,False,False,13,0,0.2727272727272727,8163.0,78591.89,6192.0,89758.2,11545.0,91498.81,4510.97295491782,9475.333333333334,3190.299776927977,104,0.7055721393034826,10.938314458608845,9.215327913487222
14415,14504,1515.74,6027,2018-05-01,1,1,1,False,True,False,False,False,True,False,False,False,False,True,False,18,0,0.36363636363636365,10049.0,56291.38,14802.0,76532.83,9026.0,62284.41,3421.1188715584467,9226.0,3051.6432950133662,89,0.41807713651498335,11.34887713123568,9.57609397984812
7300,7781,746.79,3654,2018-06-01,1,1,2,False,True,False,False,False,True,False,False,False,False,False,True,22,0,0.45454545454545453,14415.0,84869.1,8163.0,78591.89,7124.0,52107.27,3206.93145129941,10124.166666666666,3704.2714488366923,481,0.5004793863854267,11.462452465627631,8.895766604056085
13262,13406,676.36,12389,2018-07-01,1,1,1,False,True,False,False,False,True,False,False,False,False,True,False,26,0,0.5454545454545454,7300.0,95076.96,10049.0,56291.38,6192.0,89758.2,3587.993450384213,10153.5,3676.3538866654303,144,0.9341023901078187,11.151138333180997,9.492733482494353
18499,19682,1259.78,4053,2018-08-01,1,1,0,False,True,False,False,False,True,False,False,False,True,False,False,31,0,0.6363636363636364,13262.0,69642.06,14415.0,84869.1,14802.0,76532.83,3818.771137421043,11331.833333333334,3262.402882334839,1183,0.21908108108108107,11.441219451955465,9.825526011066415
14770,16435,1083.38,6755,2018-09-01,1,1,0,False,True,False,False,False,True,False,False,False,True,False,False,35,0,0.7272727272727273,18499.0,93079.45,7300.0,95076.96,8163.0,78591.89,5603.409884466185,11948.0,4248.873168264733,1665,0.45731500913953016,11.579061833868879,9.6004210780406
15011,15779,983.97,9106,2018-10-01,1,1,2,False,True,False,False,False,True,False,False,False,False,False,True,40,1,0.8181818181818182,14770.0,106836.24,13262.0,69642.06,10049.0,56291.38,2695.8509479074205,13049.166666666666,3914.7584046358015,768,0.6065814015454303,11.303362281608374,9.616605160254911
7319,8008,500.62,14256,2018-11-01,1,1,1,False,True,False,False,False,True,False,False,False,False,True,False,44,1,0.9090909090909091,15011.0,81092.84,18499.0,93079.45,14415.0,84869.1,2086.8503380293796,13876.166666666666,3670.7188078994322,689,1.9475409836065574,11.057883430776627,8.898365606955357
16676,17802,850.48,10616,2018-12-01,1,1,1,False,True,False,False,False,True,False,False,False,False,True,False,48,1,1.0,7319.0,63441.13,14770.0,106836.24,7300.0,95076.96,4373.0680686828255,12693.5,4509.651283636018,1126,0.6365653294957127,11.536919492143204,9.721785803621579
17693,18854,918.27,7164,2019-01-01,1,1,1,False,True,False,False,False,True,False,False,False,False,True,False,1,0,0.0,16676.0,102427.42,15011.0,81092.84,13262.0,69642.06,4991.535134605385,14256.166666666666,3841.970193359993,1161,0.40488301119023395,11.14726440945519,9.780980878043332
8446,8703,723.4,9784,2019-02-01,1,1,0,False,True,False,False,False,True,False,False,False,True,False,False,5,0,0.09090909090909091,17693.0,69372.79,7319.0,63441.13,18499.0,93079.45,5718.502338899583,14994.666666666666,4033.728729930486,257,1.1582810465253937,11.550561076359374,9.041566627727496
8810,9203,909.19,5729,2019-03-01,1,1,0,False,True,False,False,False,True,False,False,False,True,False,False,9,0,0.18181818181818182,8446.0,103834.28,16676.0,102427.42,14770.0,106836.24,5070.736271325233,13319.166666666666,4361.5529077000365,393,0.6502099648167063,11.557940607942951,9.08375621986673
7640,7897,386.2,3109,2019-04-01,1,1,2,False,True,False,False,False,True,False,False,False,False,False,True,14,0,0.2727272727272727,8810.0,104603.37,17693.0,69372.79,15011.0,81092.84,5236.843737723451,12325.833333333334,4635.150889309501,257,0.406883915717838,11.354119633384336,8.941283763647567
7617,8126,800.93,14848,2019-05-01,1,1,1,False,True,False,False,False,True,False,False,False,False,True,False,18,0,0.36363636363636365,7640.0,85315.2,8446.0,103834.28,7319.0,63441.13,598.7531489130772,11097.333333333334,4756.359097741325,509,1.9490679968495668,11.521808890248334,8.938269147038548
12163,13001,780.86,8628,2019-06-01,1,1,0,False,True,False,False,False,True,False,False,False,True,False,False,22,0,0.45454545454545453,7617.0,100891.3,8810.0,104603.37,16676.0,102427.42,682.2362738328455,11147.0,4710.34767294305,838,0.7093061492929957,10.89410827477328,9.406236048797256
7642,8425,504.37,6713,2019-07-01,1,1,1,False,True,False,False,False,True,False,False,False,False,True,False,27,0,0.5454545454545454,12163.0,53857.11,7640.0,85315.2,17693.0,69372.79,2618.0200533991315,10394.833333333334,3949.804117505915,783,0.8783200314012822,11.42473797845303,8.941545475242885
7614,7924,778.91,4060,2019-08-01,1,1,1,False,True,False,False,False,True,False,False,False,False,True,False,31,0,0.6363636363636364,7642.0,91557.92,7617.0,100891.3,8446.0,103834.28,2617.4472933248007,8719.666666666666,1759.6884572749545,310,0.5331582403151675,11.58168546934574,8.937875265329263
10984,11720,553.59,4974,2019-09-01,1,1,0,False,True,False,False,False,True,False,False,False,True,False,False,35,0,0.7272727272727273,7614.0,107116.91,12163.0,53857.11,8810.0,104603.37,2618.320899609772,8581.0,1817.4021019026156,736,0.452799271734183,11.556559023338059,9.30428598481871
6836,7478,495.27,12813,2019-10-01,1,1,0,False,True,False,False,False,True,False,False,False,True,False,False,40,1,0.8181818181818182,10984.0,104458.95,7642.0,91557.92,7640.0,85315.2,1937.6380811011443,8943.333333333334,2071.1835907680197,642,1.874067573497148,11.123209485704905,8.830104317913793
9749,11099,988.55,11428,2019-11-01,1,1,1,False,True,False,False,False,True,False,False,False,False,True,False,44,1,0.9090909090909091,6836.0,67723.92,7614.0,107116.91,7617.0,100891.3,2204.846479916457,8809.333333333334,2194.6957571988673,1350,1.1721025641025642,11.386667329397229,9.185022563991893
8432,8904,559.04,11486,2019-12-01,1,1,1,False,True,False,False,False,True,False,False,False,False,True,False,48,1,1.0,9749.0,88137.73,10984.0,104458.95,12163.0,53857.11,2129.8160327439846,9164.666666666666,2134.8157453669637,472,1.3620301197675797,11.012045716601936,9.039907859574642
9540,10207,473.66,11606,2020-01-01,1,1,2,False,True,False,False,False,True,False,False,False,False,False,True,1,0,0.0,8432.0,60598.73,6836.0,67723.92,7642.0,91557.92,1458.7251283226706,8542.833333333334,1550.0921800546932,667,1.2164343360234777,10.890994894889259,9.163353580751846
10803,12231,572.02,9745,2020-02-01,1,1,1,False,True,False,False,False,True,False,False,False,False,True,False,5,0,0.09090909090909091,9540.0,53689.69,9749.0,88137.73,7614.0,107116.91,707.7939907440051,8859.166666666666,1522.9162047423054,1428,0.9019807478711588,11.36285182935838,9.287671714912506
19103,19643,1283.72,6223,2020-03-01,1,1,1,False,True,False,False,False,True,False,False,False,False,True,False,9,0,0.18181818181818182,10803.0,86063.46,8432.0,60598.73,10984.0,104458.95,1186.3441041002081,9390.666666666666,1557.5277418610242,540,0.32574329983249584,11.574478408703683,9.857653016192328
7600,8624,665.76,13307,2020-04-01,1,1,2,False,True,False,False,False,True,False,False,False,False,False,True,14,0,0.2727272727272727,19103.0,106347.68,9540.0,53689.69,6836.0,67723.92,5195.128134448017,10743.833333333334,4311.236732849019,1024,1.7506906985922905,11.63283042552855,8.936035096566041
7844,7845,695.37,9867,2020-05-01,1,1,0,False,True,False,False,False,True,False,False,False,True,False,False,18,0,0.36363636363636365,7600.0,112737.97,10803.0,86063.46,9749.0,88137.73,5936.724938886759,10871.166666666666,4182.08213294128,1,1.2577437858508604,11.30801259530846,8.967631665167133
4355,4949,271.1,13908,2020-06-01,1,1,0,False,True,False,False,False,True,False,False,False,True,False,False,23,0,0.45454545454545453,7844.0,81470.83,19103.0,106347.68,8432.0,60598.73,6571.955898614455,10553.666666666666,4353.129847209556,594,3.1928374655647382,11.455013049295268,8.37930948405285
462,528,39.09,4517,2020-07-01,1,1,2,False,True,False,False,False,True,False,False,False,False,False,True,27,0,0.5454545454545454,4355.0,94372.26,7600.0,112737.97,9540.0,53689.69,1947.7629048047208,9874.166666666666,5017.9751859357275,66,9.755939524838013,11.461092235370208,6.137727054086234
11092,11149,926.74,5195,2020-08-01,1,1,2,False,True,False,False,False,True,False,False,False,False,False,True,31,0,0.6363636363636364,462.0,94947.72,7844.0,81470.83,10803.0,86063.46,3692.8420401275384,8361.166666666666,6334.707172921785,57,0.46831335076174163,11.348411959392145,9.314069557738659
6496,6966,415.09,11996,2020-09-01,1,1,1,False,True,False,False,False,True,False,False,False,False,True,False,36,0,0.7272727272727273,11092.0,84829.63,4355.0,94372.26,19103.0,106347.68,5378.034306324197,8409.333333333334,6358.043021769096,470,1.846390641834693,11.626961132449289,8.77909581088053
7703,8579,801.88,3642,2020-10-01,1,1,2,False,True,False,False,False,True,False,False,False,False,False,True,40,1,0.8181818181818182,6496.0,112078.21,462.0,94947.72,7600.0,112737.97,5331.18610942568,6308.166666666667,3603.9002437174554,876,0.4727414330218069,11.434119999929607,8.949494953477961
5000,5740,359.25,6905,2020-11-01,1,1,1,False,True,False,False,False,True,False,False,False,False,True,False,44,1,0.9090909090909091,7703.0,92420.97,11092.0,84829.63,7844.0,81470.83,2382.764011255272,6325.333333333333,3611.5216552952766,740,1.3807238552289542,11.39954969055455,8.517393171418904
9295,9857,652.51,14537,2020-12-01,1,1,1,False,True,False,False,False,True,False,False,False,False,True,False,49,1,1.0,5000.0,89280.51,6496.0,112078.21,4355.0,94372.26,1354.0724992899452,5851.333333333333,3558.5825080594577,562,1.5637908777969018,11.487681602969817,9.137339479091693
11739,13015,732.51,14882,2021-01-01,1,1,0,False,True,False,False,False,True,False,False,False,True,False,False,53,0,0.0,9295.0,97506.21,7703.0,92420.97,462.0,94947.72,2171.3167280093703,6674.666666666667,3711.336884017231,1276,1.2676320272572401,11.631901921549822,9.370757093382087
10739,11406,913.35,6327,2021-02-01,1,1,1,False,True,False,False,False,True,False,False,False,False,True,False,5,0,0.09090909090909091,11739.0,112633.34,5000.0,89280.51,11092.0,84829.63,3411.604754364137,8554.166666666666,2635.3455497650993,667,0.5891061452513966,11.495457687788864,9.281730368062856
6907,6946,620.59,6782,2021-03-01,1,1,2,False,True,False,False,False,True,False,False,False,False,False,True,9,0,0.18181818181818182,10739.0,98267.39,9295.0,97506.21,6496.0,112078.21,1228.7033816181938,8495.333333333334,2570.5003922712626,39,0.9817602779386219,10.978739944320312,8.84043543926657
11164,11825,1192.32,7954,2021-04-01,1,1,2,False,True,False,False,False,True,False,False,False,False,False,True,13,0,0.2727272727272727,6907.0,58613.65,11739.0,112633.34,7703.0,92420.97,2550.5701323429603,8563.833333333334,2511.3612576980468,661,0.7124048365427675,11.343987506931395,9.320539164274258
14405,15427,741.14,13729,2021-05-01,1,1,1,False,True,False,False,False,True,False,False,False,False,True,False,17,0,0.36363636363636365,11164.0,84455.13,10739.0,98267.39,5000.0,89280.51,2344.742274394633,9140.666666666666,2666.7616816406207,1022,0.9530056920727474,11.442952255966585,9.575400065449308
8537,9533,919.43,7483,2021-06-01,1,1,2,False,True,False,False,False,True,False,False,False,False,False,True,22,0,0.45454545454545453,14405.0,93240.88,6907.0,58613.65,9295.0,97506.21,3760.4550699793394,10708.166666666666,2505.3477536395426,996,0.8764347622394003,11.436055327702219,9.052282067317908
10432,11531,744.84,4831,2021-07-01,1,1,2,False,True,False,False,False,True,False,False,False,False,False,True,26,0,0.5454545454545454,8537.0,92600.01,11164.0,84455.13,11739.0,112633.34,2939.348964198248,10581.833333333334,2607.8727282340105,1099,0.46304993769769004,11.566373715770432,9.25272913846797
15900,17859,1597.95,8613,2021-08-01,1,1,0,False,True,False,False,False,True,False,False,False,True,False,False,30,0,0.6363636363636364,10432.0,105489.24,14405.0,93240.88,10739.0,98267.39,2994.6946978504025,10364.0,2545.7300721011325,1959,0.5416640462863971,11.394313535876577,9.674137279312397
6586,7232,452.46,11269,2021-09-01,1,1,2,False,True,False,False,False,True,False,False,False,False,False,True,35,0,0.7272727272727273,15900.0,88814.24,8537.0,92600.01,6907.0,58613.65,3823.258165491833,11224.166666666666,3419.680067881599,646,1.710793988158494,11.278925571248305,8.792853288640693
6769,7697,354.36,7958,2021-10-01,1,1,1,False,True,False,False,False,True,False,False,False,False,True,False,39,1,0.8181818181818182,6586.0,79135.19,10432.0,105489.24,11164.0,84455.13,4680.479605054733,11170.666666666666,3502.243490488161,928,1.175480059084195,10.939755178465186,8.820256365906321
11766,12421,610.66,5442,2021-11-01,1,1,2,False,True,False,False,False,True,False,False,False,False,False,True,44,1,0.9090909090909091,6769.0,56372.54,15900.0,88814.24,14405.0,93240.88,5325.398983487839,10438.166666666666,3936.593319948951,655,0.462479816435795,11.307435419518718,9.37305428246393
13787,14126,914.08,4526,2021-12-01,1,1,2,False,True,False,False,False,True,False,False,False,False,False,True,48,1,1.0,11766.0,81423.82,6586.0,79135.19,8537.0,92600.01,2939.271394977556,9998.333333333334,3531.3025736499426,339,0.3282564548883087,11.573913785346205,9.531553927636756
4738,5389,497.49,3052,2022-01-01,1,1,0,False,True,False,False,False,True,False,False,False,True,False,False,52,0,0.0,13787.0,106287.65,6769.0,56372.54,10432.0,105489.24,3612.634634169359,10873.333333333334,3740.995571591432,651,0.6440177252584933,10.991699949313649,8.463581421967588
10944,11395,561.43,9651,2022-02-01,1,1,0,False,True,False,False,False,True,False,False,False,True,False,False,5,0,0.09090909090909091,4738.0,59378.24,11766.0,81423.82,15900.0,88814.24,4749.765362625819,9924.333333333334,4517.060401042553,451,0.881772498857926,10.925509611309122,9.300638009956963
12358,13043,1091.83,12159,2022-03-01,1,1,0,False,True,False,False,False,True,False,False,False,True,False,False,9,0,0.18181818181818182,10944.0,55575.16,13787.0,106287.65,6586.0,79135.19,4627.481064250828,9098.333333333334,3556.8706845578054,685,0.9838174609596245,11.531311304783111,9.422139821589736
6584,6812,570.83,3069,2022-04-01,1,1,1,False,True,False,False,False,True,False,False,False,False,True,False,13,0,0.2727272727272727,12358.0,101854.59,4738.0,59378.24,6769.0,56372.54,4053.3572915958584,10060.333333333334,3521.86284041084,228,0.4660592255125285,11.569844594628446,8.792549614177382
12541,13898,1335.62,11787,2022-05-01,1,1,2,False,True,False,False,False,True,False,False,False,False,False,True,17,0,0.36363636363636365,6584.0,105856.02,10944.0,55575.16,11766.0,81423.82,3009.653136160375,10029.5,3557.074739164197,1357,0.939802264391644,10.93613559308969,9.436838291102966
2499,2699,182.93,6191,2022-06-01,1,1,0,False,True,False,False,False,True,False,False,False,True,False,False,22,0,0.45454545454545453,12541.0,56168.86,12358.0,101854.59,13787.0,106287.65,3387.6839187464516,10158.666666666666,3645.7097891448666,200,2.4764,11.620549247506263,7.824046010856292
14915,16926,1009.0,5235,2022-07-01,1,1,1,False,True,False,False,False,True,False,False,False,False,True,False,26,0,0.5454545454545454,2499.0,111361.87,6584.0,105856.02,4738.0,59378.24,5049.997326731964,8277.333333333334,4259.699504268666,2011,0.3509654062751408,11.44746641360802,9.610189741298711
8566,9022,553.79,4534,2022-08-01,1,1,0,False,True,False,False,False,True,False,False,False,True,False,False,31,0,0.6363636363636364,14915.0,93662.74,12541.0,56168.86,10944.0,55575.16,6590.835758839692,9973.5,4582.467664915928,456,0.5292401073888175,11.56524548709242,9.055672891964043
14414,16505,1009.7,13158,2022-09-01,1,1,1,False,True,False,False,False,True,False,False,False,False,True,False,35,0,0.7272727272727273,8566.0,105370.29,2499.0,111361.87,12358.0,101854.59,6208.533723835281,9577.166666666666,4584.577512341427,2091,0.912799167533819,11.298579104651383,9.576024610072503
20841,23735,1069.14,14164,2022-10-01,1,1,2,False,True,False,False,False,True,False,False,False,False,False,True,39,1,0.8181818181818182,14414.0,80705.88,14915.0,93662.74,6584.0,105856.02,3529.8702997891182,9919.833333333334,4899.982751670326,2894,0.6795892908550043,11.463474577571269,9.944725460552373
13850,15576,1373.23,7476,2022-11-01,1,1,1,False,True,False,False,False,True,False,False,False,False,True,False,44,1,0.9090909090909091,20841.0,95174.19,8566.0,105370.29,12541.0,56168.86,6139.775484494526,12296.0,6234.0395250591755,1726,0.5397444227853585,10.876399042628236,9.536112711175099
13091,14830,1404.01,6991,2022-12-01,1,1,1,False,True,False,False,False,True,False,False,False,False,True,False,48,1,1.0,13850.0,52911.72,14414.0,80705.88,2499.0,111361.87,3883.6946756063767,12514.166666666666,6267.145360263051,1739,0.5339902230369692,11.523206038317044,9.47975663562107
10952,11106,1085.89,5992,2023-01-01,1,1,2,False,True,False,False,False,True,False,False,False,False,False,True,52,0,0.0,13091.0,101032.36,20841.0,95174.19,14915.0,93662.74,4272.248861353154,14279.5,3942.494578309526,154,0.547064731123893,11.540548024971983,9.301368670323747
6474,7133,580.72,6124,2023-02-01,1,1,1,False,True,False,False,False,True,False,False,False,False,True,False,5,0,0.09090909090909091,10952.0,102799.76,13850.0,52911.72,8566.0,105370.29,1502.7644526006027,13619.0,4141.6700013400405,659,0.9457915057915058,11.520474102183535,8.775703886567738
7479,7943,528.39,13469,2023-03-01,1,1,2,False,True,False,False,False,True,False,False,False,False,False,True,9,0,0.18181818181818182,6474.0,100756.72,13091.0,101032.36,14414.0,80705.88,3376.6969560997513,13270.333333333334,4702.253870928991,464,1.800668449197861,11.10182631541497,8.919988070968524
8269,9395,419.24,9008,2023-04-01,1,1,1,False,True,False,False,False,True,False,False,False,False,True,False,13,0,0.2727272727272727,7479.0,66291.12,10952.0,102799.76,20841.0,95174.19,2349.6183378015517,12114.5,5191.759268302029,1126,1.0892382103990326,11.230883987741827,9.020389788017736
9249,10571,782.47,4911,2023-05-01,1,1,0,False,True,False,False,False,True,False,False,False,True,False,False,18,0,0.36363636363636365,8269.0,75423.24,6474.0,100756.72,13850.0,52911.72,899.6434478910652,10019.166666666666,3068.0729728392535,1322,0.530918918918919,11.6135041056662,9.132378830506472
10935,11562,560.97,9465,2023-06-01,1,1,1,False,True,False,False,False,True,False,False,False,False,True,False,22,0,0.45454545454545453,9249.0,110580.06,7479.0,66291.12,13091.0,101032.36,886.6979944340258,9252.333333333334,2427.139523526964,627,0.8654901243599122,11.656333534745453,9.299815378403785
15066,15174,989.84,5722,2023-07-01,1,1,0,False,True,False,False,False,True,False,False,False,True,False,False,26,0,0.5454545454545454,10935.0,115419.07,8269.0,75423.24,10952.0,102799.76,1348.4900197381226,8893.0,1831.7376449699425,108,0.3797703590628526,11.271505920460775,9.620262200801289
9420,9572,939.64,14634,2023-08-01,1,1,1,False,True,False,False,False,True,False,False,False,False,True,False,31,0,0.6363636363636364,15066.0,78550.2,9249.0,110580.06,6474.0,100756.72,2992.9151341125576,9578.666666666666,3092.63413074788,152,1.5533382868060714,11.35575783873339,9.150696519048667
10987,12070,769.64,14358,2023-09-01,1,1,1,False,True,False,False,False,True,False,False,False,False,True,False,35,0,0.7272727272727273,9420.0,85455.08,10935.0,115419.07,7479.0,66291.12,2922.262308554793,10069.666666666666,2711.518516747893,1083,1.3066982162358938,11.060751537690619,9.304559047215164
8195,8564,524.89,6286,2023-10-01,1,1,2,False,True,False,False,False,True,False,False,False,False,False,True,39,1,0.8181818181818182,10987.0,63623.35,15066.0,78550.2,8269.0,75423.24,2914.648234921896,10654.333333333334,2401.6910431332944,369,0.7669594924353343,11.375714855176435,9.011401509358791
10577,12068,920.2,14723,2023-11-01,1,1,2,False,True,False,False,False,True,False,False,False,False,False,True,44,1,0.9090909090909091,8195.0,87177.66,9420.0,85455.08,9249.0,110580.06,1399.4866916123178,10642.0,2416.53437798845,1491,1.391851011533371,11.39433200100552,9.266531651625925
8304,8654,734.9,12136,2023-12-01,1,1,0,False,True,False,False,False,True,False,False,False,True,False,False,48,1,1.0,10577.0,88815.88,10987.0,63623.35,10935.0,115419.07,1507.6078181454632,10863.333333333334,2322.4141462423736,350,1.4612883804936785,11.432775259852383,9.024613022047395
16404,17098,1358.25,12810,2024-01-01,1,1,2,False,True,False,False,False,True,False,False,False,False,False,True,1,0,0.0,8304.0,92296.77,8195.0,87177.66,15066.0,78550.2,1344.8874798039142,10424.833333333334,2543.988790593759,694,0.7808594940566901,11.335011819047358,9.705341445395202
5737,6391,384.67,6524,2024-02-01,1,1,0,False,True,False,False,False,True,False,False,False,True,False,False,5,0,0.09090909090909091,16404.0,83700.47,10577.0,88815.88,9420.0,85455.08,4177.9272771714595,10647.833333333334,3042.072544609463,654,1.136981526664343,11.335933958188757,8.65486599654131
13755,14448,918.15,12563,2024-03-01,1,1,2,False,True,False,False,False,True,False,False,False,False,False,True,9,0,0.18181818181818182,5737.0,83777.69,8304.0,92296.77,10987.0,63623.35,5567.530541751283,10034.0,3650.177749096615,693,0.9132742076184938,11.164835280595387,9.529230371552156
13127,14901,655.69,8946,2024-04-01,1,1,2,False,True,False,False,False,True,False,False,False,False,False,True,14,0,0.2727272727272727,13755.0,70602.52,16404.0,83700.47,8195.0,87177.66,5554.133805854278,10495.333333333334,3956.7574940431587,1774,0.6814442413162706,10.938316235046635,9.482502632769927
8204,8500,711.29,5659,2024-05-01,1,1,2,False,True,False,False,False,True,False,False,False,False,False,True,18,0,0.36363636363636365,13127.0,56291.48,5737.0,83777.69,10577.0,88815.88,4458.976115657046,11317.333333333334,3895.1169772763806,296,0.6897014015843997,11.363140292434812,9.01249900352419
12547,14095,624.84,14753,2024-06-01,1,1,2,False,True,False,False,False,True,False,False,False,False,False,True,22,0,0.45454545454545453,8204.0,86088.29,13755.0,70602.52,8304.0,92296.77,3039.844129775954,10921.833333333334,4100.388050741867,1548,1.175725215173733,11.09993455895208,9.43731656931057
1492,1661,99.59,9522,2024-07-01,1,1,1,False,True,False,False,False,True,False,False,False,False,True,False,27,0,0.5454545454545454,12547.0,66165.83,13127.0,56291.48,16404.0,83700.47,2690.538298061065,11629.0,3920.54889014281,169,6.377762893503014,11.385927653373821,7.30854279753919
11880,13074,766.26,10781,2024-08-01,1,1,0,False,True,False,False,False,True,False,False,False,True,False,False,31,0,0.6363636363636364,1492.0,88072.56,8204.0,86088.29,5737.0,83777.69,5569.644183727838,9143.666666666666,4893.881309008904,1194,0.9074152007406784,11.039126482474533,9.382695764458287
14493,16180,1280.46,10149,2024-09-01,1,1,2,False,True,False,False,False,True,False,False,False,False,False,True,35,0,0.7272727272727273,11880.0,62262.24,12547.0,66165.83,13755.0,70602.52,6199.038339398566,10167.5,4676.389750651674,1687,0.7002207810128329,11.378892918217522,9.581490049669227
4158,4663,260.08,8565,2024-10-01,1,1,2,False,True,False,False,False,True,False,False,False,False,False,True,40,1,0.8181818181818182,14493.0,87455.16,1492.0,88072.56,13127.0,56291.48,6877.067131658185,10290.5,4797.752088217984,505,2.059389276268334,11.553640925815973,8.33302993974291
5924,6117,307.46,10264,2024-11-01,1,1,0,False,True,False,False,False,True,False,False,False,True,False,False,44,1,0.9090909090909091,4158.0,104154.57,11880.0,62262.24,8204.0,86088.29,5373.845271311781,8795.666666666666,5123.412716799879,193,1.7323206751054852,10.99490166303552,8.686935966003333
5881,6734,587.51,4461,2024-12-01,1,1,0,False,True,False,False,False,True,False,False,False,True,False,False,48,1,1.0,5924.0,59568.66,14493.0,87455.16,12547.0,66165.83,5528.091020717127,8415.666666666666,5258.836170358106,853,0.7584155049302959,11.578708804749484,8.67965211911394
14788,15440,780.81,5949,2025-01-01,1,1,2,False,True,False,False,False,True,False,False,False,False,False,True,1,0,0.0,5881.0,106798.53,4158.0,104154.57,1492.0,88072.56,1007.4169940992639,7304.666666666667,4903.620771090146,652,0.40225843532355127,11.546675181786247,9.601638940166769
9545,10518,597.04,6004,2025-02-01,1,1,1,False,True,False,False,False,True,False,False,False,False,True,False,5,0,0.09090909090909091,14788.0,103431.57,5924.0,59568.66,11880.0,62262.24,5130.090869890448,9520.666666666666,4753.4562443202,973,0.6289545359312801,11.633467269499718,9.163877497565842
4322,4811,224.31,8862,2025-03-01,1,1,0,False,True,False,False,False,True,False,False,False,True,False,False,9,0,0.18181818181818182,9545.0,112809.79,5881.0,106798.53,14493.0,87455.16,4476.7658340964545,9131.5,4615.239224568975,489,2.0499653018736987,11.573678455017697,8.371704884667631
12743,14549,898.38,3295,2025-04-01,1,1,1,False,True,False,False,False,True,False,False,False,False,True,False,14,0,0.2727272727272727,4322.0,106262.64,14788.0,103431.57,4158.0,104154.57,5233.0031849152665,7436.333333333333,4090.140176896962,1806,0.25855304456999373,10.828341713365417,9.452815851589884
7889,8089,422.46,14971,2025-05-01,1,1,1,False,True,False,False,False,True,False,False,False,False,True,False,18,0,0.36363636363636365,12743.0,50429.01,9545.0,112809.79,5924.0,59568.66,4250.885672421688,8867.166666666666,4213.686529236211,200,1.8974651457541192,10.958538159666455,8.97335141383992
10014,10848,863.71,13997,2025-06-01,1,1,0,False,True,False,False,False,True,False,False,False,True,False,False,22,0,0.45454545454545453,7889.0,57441.41,4322.0,106262.64,5881.0,106798.53,4226.85947246889,9194.666666666666,4010.6561391705854,834,1.3976035946080878,11.587538288236608,9.211839248099919
16165,17476,865.64,9152,2025-07-01,1,1,1,False,True,False,False,False,True,False,False,False,False,True,False,27,0,0.5454545454545454,10014.0,107745.69,12743.0,50429.01,14788.0,103431.57,2433.255090066251,9883.5,3667.990880577545,1311,0.5661264382036373,11.651900924235568,9.69066555029379
9675,9787,516.64,12056,2025-08-01,1,1,2,False,True,False,False,False,True,False,False,False,False,False,True,31,0,0.6363636363636364,16165.0,114908.59,7889.0,57441.41,9545.0,112809.79,4298.112027390629,10113.0,4058.519089520219,112,1.2459694088466309,11.671482536663545,9.177403871729918
6508,6909,407.08,13288,2025-09-01,1,1,0,False,True,False,False,False,True,False,False,False,True,False,False,36,0,0.7272727272727273,9675.0,117180.88,10014.0,107745.69,4322.0,106262.64,3653.0768310197527,10134.666666666666,4055.2259945244355,401,2.041481026271317,11.1129981946935,8.780941113572387
7677,8705,482.5,4444,2025-10-01,1,1,2,False,True,False,False,False,True,False,False,False,False,False,True,40,1,0.8181818181818182,6508.0,67035.88,16165.0,114908.59,12743.0,50429.01,4922.865662734797,10499.0,3486.9320039255176,1028,0.5787965616045845,11.694265039777653,8.946114375560743
7803,8201,419.02,12468,2025-11-01,1,1,1,False,True,False,False,False,True,False,False,False,False,True,False,44,1,0.9090909090909091,7677.0,119881.22,9675.0,117180.88,7889.0,57441.41,1601.4812934696772,9654.666666666666,3448.020572251085,398,1.5976422347514094,11.18816825862956,8.962391701743002
16501,18884,1418.26,11849,2025-12-01,1,1,1,False,True,False,False,False,True,False,False,False,False,True,False,49,1,1.0,7803.0,72269.28,6508.0,67035.88,10014.0,107745.69,714.0800608708453,9640.333333333334,3456.9954392024733,2383,0.7180341776754333,11.591814738463475,9.711236864664288
10346,11237,518.33,12543,2015-07-01,2,1,2,False,False,True,False,False,True,False,False,False,False,False,True,27,0,0.5454545454545454,8899.0,75823.95,10387.0,81391.19,11446.0,89289.4,3022.476026924504,8733.333333333334,4608.366594213905,891,1.2122354305595824,11.598451664629794,9.24445190160495
13292,13982,1403.64,8426,2015-08-01,2,1,1,False,False,True,False,False,True,False,False,False,False,True,False,31,0,0.6363636363636364,10346.0,108928.01,14717.0,60529.18,5052.0,112797.72,3028.9870143883636,8550.0,4499.459523098302,690,0.6338674490333258,11.215700941137804,9.4949928598676
11231,12298,768.2,13019,2015-09-01,2,1,1,False,False,True,False,False,True,False,False,False,False,True,False,36,0,0.7272727272727273,13292.0,74286.72,8899.0,75823.95,1899.0,68958.26,2238.718904492776,9923.333333333334,4475.711638015419,1067,1.159099002849003,11.128044149557326,9.326522126265592
10384,10742,1034.25,11355,2015-10-01,2,1,2,False,False,True,False,False,True,False,False,False,False,False,True,40,1,0.8181818181818182,11231.0,68052.14,10346.0,108928.01,10387.0,81391.19,1511.6140380401348,11478.666666666666,2143.159785612511,358,1.0934039480019258,10.975767501662785,9.248117736310213
20107,22594,2111.23,9788,2015-11-01,2,1,1,False,False,True,False,False,True,False,False,False,False,True,False,44,1,0.9090909090909091,10384.0,58439.68,13292.0,74286.72,14717.0,60529.18,1495.6377680886956,11478.166666666666,2143.4657372271345,2487,0.4867714342550229,11.216507209622584,9.908873024812467
12570,12817,1348.13,10399,2015-12-01,2,1,0,False,False,True,False,False,True,False,False,False,True,False,False,49,1,1.0,20107.0,74346.64,11231.0,68052.14,8899.0,75823.95,5385.7452904248385,12376.5,4052.0842414737617,247,0.8272213825471323,10.864327659608154,9.43914785291483
14314,16247,1208.82,10108,2016-01-01,2,1,1,False,False,True,False,False,True,False,False,False,False,True,False,53,0,0.0,12570.0,52276.83,10384.0,58439.68,10346.0,108928.01,5101.007972286784,12988.333333333334,3682.2636878239255,1933,0.7061124694376528,11.283782201322875,9.569063217532216
12554,13295,627.07,10894,2016-02-01,2,1,1,False,False,True,False,False,True,False,False,False,False,True,False,5,0,0.09090909090909091,14314.0,79520.46,20107.0,74346.64,13292.0,74286.72,3945.6041784919744,13649.666666666666,3462.560478412854,741,0.8677021107128634,11.467795349642907,9.437874271591685
5024,5612,266.77,8084,2016-03-01,2,1,0,False,False,True,False,False,True,False,False,False,True,False,False,9,0,0.18181818181818182,12554.0,95586.31,12570.0,52276.83,11231.0,68052.14,1011.549306756716,13526.666666666666,3490.7996600588026,588,1.6087562189054727,11.14529674689747,8.522180732927277
10327,10916,1102.92,12671,2016-04-01,2,1,0,False,False,True,False,False,True,False,False,False,True,False,False,13,0,0.2727272727272727,5024.0,69236.42,14314.0,79520.46,10384.0,58439.68,4934.615824290005,12492.166666666666,4930.162772836882,589,1.2268590240123936,11.621413883635002,9.242613932526478
7577,7866,376.2,13821,2016-05-01,2,1,2,False,False,True,False,False,True,False,False,False,False,False,True,17,0,0.36363636363636365,10327.0,111458.2,12554.0,95586.31,20107.0,74346.64,3868.2950163260975,12482.666666666666,4935.089935013004,289,1.8238321456848772,11.597836395900039,8.933004591578547
13013,14255,1305.85,8538,2016-06-01,2,1,1,False,False,True,False,False,True,False,False,False,False,True,False,22,0,0.45454545454545453,7577.0,108861.01,5024.0,69236.42,12570.0,52276.83,2652.1097890798787,10394.333333333334,3508.3857636620673,1242,0.6560627017058552,11.54519428112507,9.47378098005493
5320,5426,467.63,8957,2016-07-01,2,1,0,False,False,True,False,False,True,False,False,False,True,False,False,26,0,0.5454545454545454,13013.0,103278.51,10327.0,111458.2,14314.0,79520.46,2718.0627905428014,10468.166666666666,3567.4930927286555,106,1.6833302010900206,10.92671353951485,8.579416534596369
11195,12575,592.78,14573,2016-08-01,2,1,1,False,False,True,False,False,True,False,False,False,False,True,False,31,0,0.6363636363636364,5320.0,55642.11,7577.0,108861.01,12554.0,95586.31,3954.4572741823017,8969.166666666666,3517.562077158934,1380,1.3016255805644874,11.2467491438386,9.323311850635344
9469,10122,491.44,7564,2016-09-01,2,1,0,False,False,True,False,False,True,False,False,False,True,False,False,35,0,0.7272727272727273,11195.0,76629.4,13013.0,103278.51,5024.0,69236.42,4020.841495673925,8742.666666666666,3276.0251932283236,653,0.7987328405491024,11.612955850690302,9.155884186180124
8763,9817,566.53,6521,2016-10-01,2,1,0,False,False,True,False,False,True,False,False,False,True,False,False,39,1,0.8181818181818182,9469.0,110519.45,5320.0,55642.11,10327.0,111458.2,3019.627515660387,9483.5,2722.784585676951,1054,0.7440666362391603,11.408058272053172,9.078407700715356
15241,16019,781.86,6734,2016-11-01,2,1,0,False,False,True,False,False,True,False,False,False,True,False,False,44,1,0.9090909090909091,8763.0,90043.41,11195.0,76629.4,7577.0,108861.01,1251.1418784454409,9222.833333333334,2700.6563955206657,778,0.44180553733105893,10.915467119788264,9.631810054226063
9780,10993,509.05,14472,2016-12-01,2,1,0,False,False,True,False,False,True,False,False,False,True,False,False,48,1,1.0,15241.0,55019.83,9469.0,110519.45,13013.0,103278.51,3553.845429015353,10500.166666666666,3469.5188379178267,1213,1.4796033125447297,11.547500306602016,9.188197007290492
8688,9781,548.65,11890,2017-01-01,2,1,0,False,False,True,False,False,True,False,False,False,True,False,False,52,0,0.0,9780.0,103516.95,8763.0,90043.41,5320.0,55642.11,3483.8028551187167,9961.333333333334,3244.998161273234,1093,1.368396823570031,10.825131729119835,9.069813136839207
10407,10950,704.03,6597,2017-02-01,2,1,2,False,False,True,False,False,True,False,False,False,False,False,True,5,0,0.09090909090909091,8688.0,50267.39,15241.0,55019.83,11195.0,76629.4,3510.8592015820464,10522.666666666666,2483.5014529221976,543,0.6338393543428132,11.238787916579822,9.250330020192342
15936,17128,1314.72,7284,2017-03-01,2,1,0,False,False,True,False,False,True,False,False,False,True,False,False,9,0,0.18181818181818182,10407.0,76021.75,9780.0,103516.95,9469.0,110519.45,869.9189617429837,10391.333333333334,2461.5748346671626,1192,0.45704963292966055,10.836600395947599,9.676398728859633
3096,3247,205.73,5179,2017-04-01,2,1,0,False,False,True,False,False,True,False,False,False,True,False,False,13,0,0.2727272727272727,15936.0,50847.22,8688.0,50267.39,8763.0,90043.41,3787.222069010476,11469.166666666666,3262.484784127991,151,1.6722634807878591,11.511769697328045,8.038189179973203
7856,8663,781.28,7487,2017-05-01,2,1,0,False,False,True,False,False,True,False,False,False,True,False,False,18,0,0.36363636363636365,3096.0,99883.49,10407.0,76021.75,15241.0,55019.83,6440.5766046216695,10524.666666666666,4704.320042967599,807,0.9529082346951763,11.201946515435948,8.969160133175821
9731,10800,697.71,3973,2017-06-01,2,1,2,False,False,True,False,False,True,False,False,False,False,False,True,22,0,0.45454545454545453,7856.0,73271.93,15936.0,50847.22,9780.0,103516.95,6491.1426831747685,9293.833333333334,4157.918056752282,1069,0.40824085491163176,11.434663554069811,9.183174703903413
7161,7274,617.64,10293,2017-07-01,2,1,0,False,False,True,False,False,True,False,False,False,True,False,False,26,0,0.5454545454545454,9731.0,92471.22,3096.0,99883.49,8688.0,50267.39,3420.4397865381766,9285.666666666666,4156.8201628969555,113,1.4371683887182352,11.09081697090352,8.876544550558378
11639,12722,729.77,5339,2017-08-01,2,1,0,False,False,True,False,False,True,False,False,False,True,False,False,31,0,0.6363636363636364,7161.0,65565.29,7856.0,73271.93,10407.0,76021.75,1329.382688819638,9031.166666666666,4246.507996774134,1083,0.45867697594501716,11.532323304468528,9.36220272128543
10579,11779,696.63,7670,2017-09-01,2,1,0,False,False,True,False,False,True,False,False,False,True,False,False,35,0,0.7272727272727273,11639.0,101957.72,9731.0,92471.22,15936.0,50847.22,2247.140701721485,9236.5,4354.745859404427,1200,0.724952741020794,11.301729876625755,9.26672070541229
8175,8433,512.57,7111,2017-10-01,2,1,2,False,False,True,False,False,True,False,False,False,False,False,True,39,1,0.8181818181818182,10579.0,80960.57,7161.0,65565.29,3096.0,99883.49,2340.1854627358057,8343.666666666666,3064.478922535881,258,0.8697407045009785,11.577145028996387,9.008958312443486
11168,11952,1181.02,4853,2017-11-01,2,1,0,False,False,True,False,False,True,False,False,False,True,False,False,44,1,0.9090909090909091,8175.0,106631.65,11639.0,101957.72,7856.0,73271.93,1774.9230969256093,9190.166666666666,1740.4726273821925,784,0.4345062225803563,11.322272820840439,9.320897362540826
6204,6578,663.52,13910,2017-12-01,2,1,0,False,False,True,False,False,True,False,False,False,True,False,False,48,1,1.0,11168.0,82640.96,10579.0,80960.57,9731.0,92471.22,1585.5696137350753,9742.166666666666,1757.8296182129457,374,2.24174053182917,11.62555819387003,8.733110697638708
8629,9169,900.87,14261,2018-01-01,2,1,2,False,False,True,False,False,True,False,False,False,False,False,True,1,0,0.0,6204.0,111921.08,8175.0,106631.65,7161.0,65565.29,2499.4728110810343,9154.333333333334,2275.743189963813,540,1.6524913093858633,10.970713915789288,9.062999784077473
8065,8093,592.78,4625,2018-02-01,2,1,2,False,False,True,False,False,True,False,False,False,False,False,True,5,0,0.09090909090909091,8629.0,58145.09,11168.0,82640.96,11639.0,101957.72,2482.2181612420763,9399.0,2089.9024857633917,28,0.573394495412844,11.594019619679543,8.995412975433313
6190,6900,329.62,4234,2018-03-01,2,1,2,False,False,True,False,False,True,False,False,False,False,False,True,9,0,0.18181818181818182,8065.0,108446.3,6204.0,111921.08,10579.0,80960.57,1268.9918570792047,8803.333333333334,1815.0209548836265,710,0.683895978032628,11.123031101183011,8.730851903519232
1390,1516,140.53,4139,2018-04-01,2,1,2,False,False,True,False,False,True,False,False,False,False,False,True,13,0,0.2727272727272727,6190.0,67711.84,8629.0,58145.09,8175.0,106631.65,1276.8739170333126,8071.833333333333,1840.5146472295928,126,2.9755571531272467,11.254308092128865,7.237778191923443
11601,11864,1211.14,9980,2018-05-01,2,1,0,False,False,True,False,False,True,False,False,False,True,False,False,18,0,0.36363636363636365,1390.0,77210.84,8065.0,108446.3,11168.0,82640.96,3442.6552252585493,6941.0,3283.3220981195263,263,0.8601965178417514,11.331644926129007,9.358932776026009
16782,18992,1127.75,3584,2018-06-01,2,1,1,False,False,True,False,False,True,False,False,False,False,True,False,22,0,0.45454545454545453,11601.0,83419.13,6190.0,67711.84,6204.0,111921.08,5108.545813960498,7013.166666666667,3397.582753468512,2210,0.21354942501340643,11.39697754445957,9.72812174830818
12715,12763,673.26,9766,2018-07-01,2,1,0,False,False,True,False,False,True,False,False,False,True,False,False,26,0,0.5454545454545454,16782.0,89051.16,1390.0,77210.84,8629.0,58145.09,7831.782960050243,8776.166666666666,5173.860895565967,48,0.7680088078011953,11.223097491719384,9.450616322030694
6056,6666,394.25,5481,2018-08-01,2,1,2,False,False,True,False,False,True,False,False,False,False,False,True,31,0,0.6363636363636364,12715.0,74838.23,11601.0,83419.13,8065.0,108446.3,2727.1549888727177,9457.166666666666,5413.951732945785,610,0.9049034175334324,11.523397342962356,8.708969906980947
11696,12343,596.5,9246,2018-09-01,2,1,2,False,False,True,False,False,True,False,False,False,False,False,True,35,0,0.7272727272727273,6056.0,101051.69,16782.0,89051.16,6190.0,67711.84,5414.946075447106,9122.333333333334,5576.943487849475,647,0.790459092074891,11.225302857417041,9.367087677650707
11265,11474,603.24,5281,2018-10-01,2,1,1,False,False,True,False,False,True,False,False,False,False,True,False,40,1,0.8181818181818182,11696.0,75003.46,12715.0,74838.23,1390.0,77210.84,3586.786909384684,10040.0,5449.477075830304,209,0.46875554766554234,10.91396947474298,9.329544619454659
8512,9694,915.47,5469,2018-11-01,2,1,1,False,False,True,False,False,True,False,False,False,False,True,False,44,1,0.9090909090909091,11265.0,54937.49,6056.0,101051.69,11601.0,83419.13,3139.2419998039863,11685.833333333334,3432.4779047601537,1182,0.6424292258898155,11.023855135967201,9.049349685884057
8351,9440,552.42,13170,2018-12-01,2,1,0,False,False,True,False,False,True,False,False,False,True,False,False,48,1,1.0,8512.0,61318.62,11696.0,75003.46,16782.0,89051.16,1727.3595456650028,11171.0,3671.109478073351,1089,1.576867816091954,10.936145384769912,9.03025631012242
16394,17095,1689.4,8784,2019-01-01,2,1,0,False,False,True,False,False,True,False,False,False,True,False,False,1,0,0.0,8351.0,56169.41,11265.0,54937.49,12715.0,74838.23,1637.9014011838435,9765.833333333334,2530.1123624587635,701,0.5357731015553523,11.452696895964523,9.704731689278749
9029,9256,632.48,3688,2019-02-01,2,1,2,False,False,True,False,False,True,False,False,False,False,False,True,5,0,0.09090909090909091,16394.0,94153.93,8512.0,61318.62,6056.0,101051.69,4597.856275845663,10379.0,3605.177166243012,227,0.40841638981173867,11.223065155214487,9.108307646411031
10442,10571,537.24,9125,2019-03-01,2,1,0,False,False,True,False,False,True,False,False,False,True,False,False,9,0,0.18181818181818182,9029.0,74835.81,8351.0,56169.41,11696.0,75003.46,4460.80631724804,10874.5,3054.425035911012,129,0.8737910562099014,11.015632197781176,9.253687176479549
14637,15970,1536.88,3769,2019-04-01,2,1,0,False,False,True,False,False,True,False,False,False,True,False,False,14,0,0.2727272727272727,10442.0,60816.46,16394.0,94153.93,11265.0,54937.49,3908.667675819987,10665.5,3029.7745625706198,1333,0.25748053012706656,10.936698370054607,9.591376166161172
13977,14319,874.26,13525,2019-05-01,2,1,2,False,False,True,False,False,True,False,False,False,False,False,True,18,0,0.36363636363636365,14637.0,56200.48,9029.0,74835.81,8512.0,61318.62,2916.740703822222,11227.5,3447.202271407929,342,0.9675919301759909,10.956106861264805,9.545239944037075
14598,14636,1265.65,12833,2019-06-01,2,1,2,False,False,True,False,False,True,False,False,False,False,False,True,22,0,0.45454545454545453,13977.0,57301.92,10442.0,60816.46,8351.0,56169.41,2255.727894346604,12138.333333333334,3305.272253032516,38,0.8790328104664703,10.886152557024564,9.58870831219998
12003,13217,1078.47,11240,2019-07-01,2,1,1,False,False,True,False,False,True,False,False,False,False,True,False,27,0,0.5454545454545454,14598.0,53430.33,14637.0,56200.48,16394.0,94153.93,370.3066297003615,13179.5,2822.269352843554,1214,0.9363545484838387,11.683493890175207,9.392995206560258
15767,16107,976.77,10039,2019-08-01,2,1,0,False,False,True,False,False,True,False,False,False,True,False,False,31,0,0.6363636363636364,12003.0,118596.88,13977.0,57301.92,9029.0,74835.81,1355.0118080666437,12447.666666666666,2352.177005811136,340,0.6366692034500254,10.831792424736916,9.665737848832556
10505,10991,1112.48,12731,2019-09-01,2,1,1,False,False,True,False,False,True,False,False,False,False,True,False,35,0,0.7272727272727273,15767.0,50603.33,14598.0,53430.33,10442.0,60816.46,1926.4943117832902,13570.666666666666,1971.172307705909,486,1.211783742623263,11.236008704715438,9.259701801513907
3237,3475,327.26,12527,2019-10-01,2,1,2,False,False,True,False,False,True,False,False,False,False,False,True,40,1,0.8181818181818182,10505.0,75810.76,12003.0,118596.88,14637.0,56200.48,2711.0989161838716,13581.166666666666,1951.2404686933487,238,3.868746139592341,11.408620836112126,8.08271113423758
10763,10853,668.38,10510,2019-11-01,2,1,1,False,False,True,False,False,True,False,False,False,False,True,False,44,1,0.9090909090909091,3237.0,90094.08,15767.0,50603.33,13977.0,57301.92,6291.705757052958,11681.166666666666,4544.528508730762,90,0.9764028242289112,11.001327876649592,9.283962511846797
16992,17643,1236.17,5339,2019-12-01,2,1,1,False,False,True,False,False,True,False,False,False,False,True,False,48,1,1.0,10763.0,59952.7,10505.0,75810.76,14598.0,53430.33,4272.607790721414,11145.5,4407.136110900136,651,0.31418819513917495,11.232161407773868,9.740556773534106
12862,12915,1103.56,10542,2020-01-01,2,1,0,False,False,True,False,False,True,False,False,False,True,False,False,1,0,0.0,16992.0,75519.65,3237.0,90094.08,12003.0,118596.88,6887.68396003572,11544.5,4866.638336675531,53,0.8195599782321387,11.116424310315844,9.462110252078716
9463,10065,674.24,6587,2020-02-01,2,1,1,False,False,True,False,False,True,False,False,False,False,True,False,5,0,0.09090909090909091,12862.0,67265.95,10763.0,59952.7,15767.0,50603.33,3169.2044743121305,11687.666666666666,4895.374292806082,602,0.6960059171597633,11.513222720785341,9.155250405658222
14117,15703,1412.41,6023,2020-03-01,2,1,2,False,False,True,False,False,True,False,False,False,False,False,True,9,0,0.18181818181818182,9463.0,100028.73,16992.0,75519.65,10505.0,75810.76,3770.40983625565,10637.0,4505.734701466563,1586,0.4266185012041366,11.14277556884899,9.555205857955418
5132,5754,333.32,11944,2020-04-01,2,1,1,False,False,True,False,False,True,False,False,False,False,True,False,14,0,0.2727272727272727,14117.0,69062.08,12862.0,67265.95,3237.0,90094.08,2407.901645278177,11239.0,4720.736764531569,622,2.3269043444379505,11.165211678230934,8.543445562560303
9239,9839,812.11,8115,2020-05-01,2,1,2,False,False,True,False,False,True,False,False,False,False,False,True,18,0,0.36363636363636365,5132.0,70629.1,9463.0,100028.73,10763.0,59952.7,4493.467517778819,11554.833333333334,4101.017406286718,600,0.8782467532467533,11.571000297659012,9.131297164635729
9771,10380,820.76,5584,2020-06-01,2,1,1,False,False,True,False,False,True,False,False,False,False,True,False,23,0,0.45454545454545453,9239.0,105978.43,14117.0,69062.08,16992.0,75519.65,4498.009893275025,11300.833333333334,4205.7272102059405,609,0.5714285714285714,11.68225262577572,9.187276432377631
6574,7071,415.15,3942,2020-07-01,2,1,2,False,False,True,False,False,True,False,False,False,False,False,True,27,0,0.5454545454545454,9771.0,118449.76,5132.0,70629.1,12862.0,67265.95,2538.7265180269674,10097.333333333334,3152.816053414256,497,0.5995437262357415,11.613640557337902,8.791029857045965
12638,14358,1311.82,13553,2020-08-01,2,1,0,False,False,True,False,False,True,False,False,False,True,False,False,31,0,0.6363636363636364,6574.0,110595.15,9239.0,105978.43,9463.0,100028.73,1712.992410958087,9049.333333333334,3094.573228519023,1720,1.0723158477727668,10.978058141723956,9.444542550647126
8400,9527,447.3,4320,2020-09-01,2,1,1,False,False,True,False,False,True,False,False,False,False,True,False,36,0,0.7272727272727273,12638.0,58573.7,9771.0,118449.76,14117.0,69062.08,3033.4961677905585,9578.5,3432.469125862603,1127,0.5142244970836806,11.678818984130013,9.036106025364846
12790,13152,1074.36,13339,2020-10-01,2,1,1,False,False,True,False,False,True,False,False,False,False,True,False,40,1,0.8181818181818182,8400.0,118043.74,6574.0,110595.15,5132.0,70629.1,3110.9220498109567,8625.666666666666,2617.3556630054404,362,1.042842623719803,11.40917942312569,9.456497077599392
8660,8911,536.49,13760,2020-11-01,2,1,1,False,False,True,False,False,True,False,False,False,False,True,False,44,1,0.9090909090909091,12790.0,90144.42,12638.0,58573.7,9239.0,105978.43,2491.8483099899995,9902.0,2433.703268683342,251,1.5887310934072278,11.077934476578585,9.066585468331045
11971,13387,614.11,7724,2020-12-01,2,1,1,False,False,True,False,False,True,False,False,False,False,True,False,49,1,1.0,8660.0,64726.05,8400.0,118043.74,9771.0,118449.76,2462.945391193237,9805.5,2476.3553662590475,1416,0.6451720681590377,11.219484039237317,9.390325868972589
2137,2277,214.45,11269,2021-01-01,2,1,2,False,False,True,False,False,True,False,False,False,False,False,True,53,0,0.0,11971.0,74568.29,12790.0,90144.42,6574.0,110595.15,2186.716793124649,10172.166666666666,2628.4296769490807,140,5.270813844714687,11.132975021718769,7.6676260915849905
14163,14499,1181.19,8104,2021-02-01,2,1,1,False,False,True,False,False,True,False,False,False,False,True,False,5,0,0.09090909090909091,2137.0,68388.53,8660.0,64726.05,12638.0,58573.7,5003.662092241373,9432.666666666666,4071.3425631684013,336,0.5721547585427845,11.494448206983991,9.558458813231795
7304,7847,467.82,5776,2021-03-01,2,1,0,False,False,True,False,False,True,False,False,False,True,False,False,9,0,0.18181818181818182,14163.0,98168.24,11971.0,74568.29,8400.0,118043.74,6404.9082220851005,9686.833333333334,4349.561790188369,543,0.7906913073237508,11.283252141017678,8.8963143241848
8550,8715,891.34,3371,2021-04-01,2,1,0,False,False,True,False,False,True,False,False,False,True,False,False,13,0,0.2727272727272727,7304.0,79478.32,2137.0,68388.53,12790.0,90144.42,6032.805400474972,9504.166666666666,4436.55701717747,165,0.3942228979066776,11.324102298442199,9.053803514155955
1691,1804,144.83,7978,2021-05-01,2,1,0,False,False,True,False,False,True,False,False,False,True,False,False,17,0,0.36363636363636365,8550.0,82792.29,14163.0,98168.24,8660.0,64726.05,3653.860196194339,8797.5,4136.004291583845,113,4.715130023640662,11.406981668125889,7.433666540166168
6935,7185,718.81,7377,2021-06-01,2,1,1,False,False,True,False,False,True,False,False,False,False,True,False,22,0,0.45454545454545453,1691.0,89946.52,7304.0,79478.32,11971.0,74568.29,3653.860196194335,7636.0,5058.094502873585,250,1.0635813148788926,11.657283697765726,8.844480518460378
8642,8738,465.37,11318,2021-07-01,2,1,2,False,False,True,False,False,True,False,False,False,False,False,True,26,0,0.5454545454545454,6935.0,115528.79,8550.0,82792.29,2137.0,68388.53,3585.936465323013,6796.666666666667,4591.1631060839745,96,1.309499016545181,11.358940488080147,9.064505023752638
6851,7836,726.55,11449,2021-08-01,2,1,0,False,False,True,False,False,True,False,False,False,True,False,False,30,0,0.6363636363636364,8642.0,85727.49,1691.0,89946.52,14163.0,98168.24,3622.379190532097,7880.833333333333,4000.853679737194,985,1.670899007589025,11.513898891037307,8.832295859444011
10064,10320,646.11,6711,2021-09-01,2,1,2,False,False,True,False,False,True,False,False,False,False,False,True,35,0,0.7272727272727273,6851.0,100096.39,6935.0,115528.79,7304.0,79478.32,1010.6586960987288,6662.166666666667,2558.0539022207186,256,0.6667660208643815,11.186202311230396,9.216819338073892
18542,19705,1977.5,4856,2021-10-01,2,1,0,False,False,True,False,False,True,False,False,False,True,False,False,39,1,0.8181818181818182,10064.0,72127.34,8642.0,85727.49,8550.0,82792.29,1610.0276395143003,7122.166666666667,2919.216293231224,1163,0.26187779755163676,11.51284266154212,9.827847638327382
10128,11258,1008.75,11682,2021-11-01,2,1,2,False,False,True,False,False,True,False,False,False,False,False,True,44,1,0.9090909090909091,18542.0,99990.72,6851.0,100096.39,1691.0,89946.52,6039.858359266384,8787.5,5555.951646657842,1130,1.1533221443380393,11.353065819968446,9.223157875686796
8284,9097,719.47,7286,2021-12-01,2,1,1,False,False,True,False,False,True,False,False,False,False,True,False,48,1,1.0,10128.0,85225.34,10064.0,72127.34,6935.0,115528.79,4876.405370078799,10193.666666666666,4333.954160655907,813,0.8794206397103198,11.509449430556574,9.022201929860664
7772,8489,487.3,10131,2022-01-01,2,1,1,False,False,True,False,False,True,False,False,False,False,True,False,52,0,0.0,8284.0,99652.0,18542.0,99990.72,8642.0,85727.49,5468.429024866284,10418.5,4162.701322458768,717,1.3033577769201081,11.589553395075482,8.958411469230219
12532,13443,648.53,7583,2022-02-01,2,1,0,False,False,True,False,False,True,False,False,False,True,False,False,5,0,0.09090909090909091,7772.0,107963.03,10128.0,85225.34,6851.0,100096.39,1239.1674624521067,10273.5,4251.170932813685,911,0.6050426873055135,11.175931992529225,9.436120444611522
12989,13754,833.89,10212,2022-03-01,2,1,1,False,False,True,False,False,True,False,False,False,False,True,False,9,0,0.18181818181818182,12532.0,71390.35,8284.0,99652.0,10064.0,72127.34,2612.956435406708,11220.333333333334,3959.056133305847,765,0.7861431870669746,11.672697770948648,9.471935109664646
5781,6585,610.47,7406,2022-04-01,2,1,0,False,False,True,False,False,True,False,False,False,True,False,False,13,0,0.2727272727272727,12989.0,117323.37,7772.0,107963.03,18542.0,99990.72,2889.161873854308,11707.833333333334,3968.2682579012526,804,1.2808716707021792,11.311882878142832,8.662504922576291
14152,15088,904.31,5535,2022-05-01,2,1,1,False,False,True,False,False,True,False,False,False,False,True,False,17,0,0.36363636363636365,5781.0,81786.76,12532.0,71390.35,10128.0,85225.34,4036.0895678862234,9581.0,2829.019759563368,936,0.3910831625803717,11.514467675152535,9.55768189473384
5746,6002,605.92,5757,2022-06-01,2,1,0,False,False,True,False,False,True,False,False,False,True,False,False,22,0,0.45454545454545453,14152.0,100153.34,12989.0,117323.37,8284.0,99652.0,4534.708259634792,10251.666666666666,3403.31700942869,256,1.0017400382808421,11.16684237166797,8.656433258507741
14063,14945,1225.59,12293,2022-07-01,2,1,2,False,False,True,False,False,True,False,False,False,False,False,True,26,0,0.5454545454545454,5746.0,70744.37,5781.0,81786.76,7772.0,107963.03,4843.1343501221745,9828.666666666666,3828.0172239250232,882,0.8740756541524459,11.300485178804788,9.551373619924957
8498,9114,432.12,4585,2022-08-01,2,1,2,False,False,True,False,False,True,False,False,False,False,False,True,31,0,0.6363636363636364,14063.0,80859.86,14152.0,100153.34,12532.0,71390.35,4827.719371849749,10877.166666666666,4009.2933749810127,616,0.5394752323802801,11.351280506389763,9.047703788498627
14126,14145,1027.67,11208,2022-09-01,2,1,0,False,False,True,False,False,True,False,False,False,True,False,False,35,0,0.7272727272727273,8498.0,85073.32,5746.0,70744.37,12989.0,117323.37,4237.043348059273,10204.833333333334,4014.522009737478,19,0.7933743894669781,10.864931175046426,9.555843138911664
8455,9204,442.62,14674,2022-10-01,2,1,0,False,False,True,False,False,True,False,False,False,True,False,False,39,1,0.8181818181818182,14126.0,52308.39,14063.0,80859.86,5781.0,81786.76,3231.2943227134238,10394.333333333334,4195.007445364864,749,1.7353358561967833,11.353520974685502,9.042631527550073
8164,9072,428.61,5808,2022-11-01,2,1,0,False,False,True,False,False,True,False,False,False,True,False,False,44,1,0.9090909090909091,8455.0,85264.14,8498.0,85073.32,14152.0,100153.34,3261.811204428199,10840.0,3722.2813972078966,908,0.7113288426209431,11.542196264577948,9.007612005404566
4224,4317,443.52,12025,2022-12-01,2,1,0,False,False,True,False,False,True,False,False,False,True,False,False,48,1,1.0,8164.0,102969.34,14126.0,52308.39,5746.0,70744.37,3361.3084257969153,9842.0,3449.420299122734,93,2.8461538461538463,11.469695364956628,8.348774539791274
2752,2957,142.42,4679,2023-01-01,2,1,1,False,False,True,False,False,True,False,False,False,False,True,False,52,0,0.0,4224.0,95768.1,8455.0,85264.14,14063.0,80859.86,2363.2478357830646,9588.333333333334,3844.2458124665545,205,1.699600435888122,11.314904068126408,7.920446505142607
5370,6158,287.56,8762,2023-02-01,2,1,2,False,False,True,False,False,True,False,False,False,False,False,True,5,0,0.09090909090909091,2752.0,82034.23,8164.0,102969.34,8498.0,85073.32,2798.2175278797286,7703.166666666667,3981.9799304700978,788,1.6313535654440514,10.936766515404218,8.58876938990546
10215,11462,740.08,11496,2023-03-01,2,1,0,False,False,True,False,False,True,False,False,False,True,False,False,9,0,0.18181818181818182,5370.0,56204.31,4224.0,95768.1,14126.0,52308.39,1312.3785023130104,7181.833333333333,4061.0835212621087,1247,1.1252936570086138,11.555805053191946,9.231710397712375
4093,4244,344.43,4652,2023-04-01,2,1,0,False,False,True,False,False,True,False,False,False,True,False,False,13,0,0.2727272727272727,10215.0,104380.22,2752.0,82034.23,8455.0,85264.14,3786.474129494791,6530.0,2859.766633835702,151,1.1362970200293112,10.832327216171624,8.317277766221235
9772,10055,700.65,13935,2023-05-01,2,1,2,False,False,True,False,False,True,False,False,False,False,False,True,18,0,0.36363636363636365,4093.0,50630.4,5370.0,56204.31,8164.0,102969.34,3229.6449237235565,5803.0,2826.782481904115,283,1.4258671851018112,11.075781746413853,9.187378760338836
10752,11762,770.92,4394,2023-06-01,2,1,2,False,False,True,False,False,True,False,False,False,False,False,True,22,0,0.45454545454545453,9772.0,64586.86,10215.0,104380.22,4224.0,95768.1,3413.84861019544,6071.0,3152.814361804384,1010,0.408630149725658,11.381295919829586,9.282940064390527
11920,13072,595.4,12998,2023-07-01,2,1,2,False,False,True,False,False,True,False,False,False,False,False,True,26,0,0.5454545454545454,10752.0,87665.57,4093.0,50630.4,2752.0,82034.23,3595.22187539703,7159.0,3495.68534053052,1152,1.0903447697340827,11.542743359857967,9.386056829718001
10874,12275,543.16,8942,2023-08-01,2,1,2,False,False,True,False,False,True,False,False,False,False,False,True,31,0,0.6363636363636364,11920.0,103025.69,9772.0,64586.86,5370.0,56204.31,1075.3703238109836,8687.0,3172.8803318120863,1401,0.8222528735632184,10.92182788503305,9.294221855956884
12121,13398,1298.16,8813,2023-09-01,2,1,0,False,False,True,False,False,True,False,False,False,True,False,False,35,0,0.7272727272727273,10874.0,55370.92,10752.0,87665.57,10215.0,104380.22,642.0311518921856,9604.333333333334,2795.2576029172405,1277,0.7270252433591816,10.876940920463541,9.402777262511231
15735,15777,1394.91,7789,2023-10-01,2,1,0,False,False,True,False,False,True,False,False,False,True,False,False,39,1,0.8181818181818182,12121.0,52940.4,11920.0,103025.69,4093.0,50630.4,669.5179858176625,9922.0,2980.689517544551,42,0.4949796644636502,11.518641994436313,9.663706360068895
10831,11502,1140.5,14313,2023-11-01,2,1,0,False,False,True,False,False,True,False,False,False,True,False,False,44,1,0.9090909090909091,15735.0,100572.29,10874.0,55370.92,9772.0,64586.86,2524.721964890393,11862.333333333334,2080.71705588882,671,1.3213626292466765,11.285422550424684,9.290259995152056
9203,10426,461.07,9789,2023-12-01,2,1,1,False,False,True,False,False,True,False,False,False,False,True,False,48,1,1.0,10831.0,79651.01,12121.0,52940.4,10752.0,87665.57,2542.122210542471,12038.833333333334,1905.474157963482,1223,1.0635593220338984,11.52371781746128,9.127393451155257
10132,10885,740.14,12429,2024-01-01,2,1,1,False,False,True,False,False,True,False,False,False,False,True,False,1,0,0.0,9203.0,101084.08,15735.0,100572.29,11920.0,103025.69,3400.162349065116,11780.666666666666,2197.2832923104475,753,1.2265864008684497,11.653822762585639,9.223552703448318
16451,18505,1194.34,8775,2024-02-01,2,1,1,False,False,True,False,False,True,False,False,False,False,True,False,5,0,0.09090909090909091,10132.0,115129.64,10831.0,79651.01,10874.0,55370.92,816.7033325102456,11482.666666666666,2293.736398688097,2054,0.5333698030634574,10.976897923940257,9.708202329350314
16656,17329,1416.59,7835,2024-03-01,2,1,1,False,False,True,False,False,True,False,False,False,False,True,False,9,0,0.18181818181818182,16451.0,58505.78,9203.0,101084.08,12121.0,52940.4,3943.90470642146,12412.166666666666,3014.504033280871,673,0.47037281623341537,10.951031960005716,9.720585827477107
14574,16184,933.46,9094,2024-04-01,2,1,2,False,False,True,False,False,True,False,False,False,False,False,True,14,0,0.2727272727272727,16656.0,57011.85,10132.0,115129.64,15735.0,100572.29,3708.87139167699,13168.0,3462.190404931533,1610,0.6239451114922813,11.083581973946725,9.587063011218692
8419,8521,880.21,10556,2024-05-01,2,1,1,False,False,True,False,False,True,False,False,False,False,True,False,18,0,0.36363636363636365,14574.0,65092.63,16451.0,58505.78,10831.0,79651.01,1147.4521050280678,12974.5,3319.5332653853575,102,1.2536817102137767,10.848563389367007,9.038365107236372
13451,13642,940.22,10471,2024-06-01,2,1,1,False,False,True,False,False,True,False,False,False,False,True,False,22,0,0.45454545454545453,8419.0,51459.17,16656.0,57011.85,9203.0,101084.08,4283.046384681509,12572.5,3749.263114266585,191,0.7783972643473089,11.190714195638856,9.50688307286016
9197,10062,600.1,9591,2024-07-01,2,1,1,False,False,True,False,False,True,False,False,False,False,True,False,27,0,0.5454545454545454,13451.0,72453.51,14574.0,65092.63,10132.0,115129.64,3277.859514988404,13280.5,3367.358534519301,865,1.042726679712981,11.403490214399964,9.12674134809987
4293,4899,363.83,8396,2024-08-01,2,1,2,False,False,True,False,False,True,False,False,False,False,False,True,31,0,0.6363636363636364,9197.0,89633.02,8419.0,51459.17,16451.0,58505.78,2708.715070533139,13124.666666666666,3558.4191246488435,606,1.9552864462040056,11.420992396301411,8.364973978438726
14814,16837,1277.71,14504,2024-09-01,2,1,2,False,False,True,False,False,True,False,False,False,False,False,True,35,0,0.7272727272727273,4293.0,91215.62,13451.0,72453.51,16656.0,57011.85,4582.8429313400375,11098.333333333334,4595.854987558533,2023,0.9790077624029699,11.144471997194318,9.603395460007665
13290,13716,831.29,4213,2024-10-01,2,1,2,False,False,True,False,False,True,False,False,False,False,False,True,40,1,0.8181818181818182,14814.0,69179.34,9197.0,89633.02,14574.0,65092.63,5264.525081461133,10791.333333333334,4194.340027545054,426,0.3169814159957866,11.678812291729797,9.494842393421333
11275,11994,933.57,13106,2024-11-01,2,1,2,False,False,True,False,False,True,False,False,False,False,False,True,44,1,0.9090909090909091,13290.0,118042.95,4293.0,91215.62,8419.0,51459.17,5685.654843551445,10577.333333333334,3990.5496697405792,719,1.1622915927633912,11.432648271473706,9.330431852234003
5717,6024,495.66,11858,2024-12-01,2,1,2,False,False,True,False,False,True,False,False,False,False,False,True,48,1,1.0,11275.0,92285.05,14814.0,69179.34,13451.0,72453.51,1775.1676916092533,11053.333333333334,3849.4496576350552,307,2.073802028681357,11.644195452544714,8.651374372882257
11830,12840,993.72,6926,2025-01-01,2,1,2,False,False,True,False,False,True,False,False,False,False,False,True,1,0,0.0,5717.0,114026.56,13290.0,118042.95,9197.0,89633.02,3922.2000203967177,9764.333333333334,4167.72924584439,1010,0.5854112078438002,11.176405187195058,9.378478484253662
6578,6925,336.46,8010,2025-02-01,2,1,2,False,False,True,False,False,True,False,False,False,False,False,True,5,0,0.09090909090909091,11830.0,71424.14,11275.0,92285.05,4293.0,91215.62,3380.536397279779,10203.166666666666,4234.135067126065,347,1.2175102599179206,11.037283248729327,8.791638037085997
15264,16486,1600.43,11612,2025-03-01,2,1,1,False,False,True,False,False,True,False,False,False,False,True,False,9,0,0.18181818181818182,6578.0,62147.58,5717.0,114026.56,14814.0,69179.34,3308.917093753387,10584.0,3660.083550958909,1222,0.7606943989518506,11.207685348259945,9.633317905168978
14345,15265,1054.36,13075,2025-04-01,2,1,1,False,False,True,False,False,True,False,False,False,False,True,False,14,0,0.2727272727272727,15264.0,73693.64,11830.0,71424.14,13290.0,118042.95,4374.594381196959,10659.0,3767.1423652418525,920,0.911403875644779,11.460361468846239,9.571226436686379
6902,7018,741.27,10328,2025-05-01,2,1,2,False,False,True,False,False,True,False,False,False,False,False,True,18,0,0.36363636363636365,14345.0,94878.36,6578.0,62147.58,11275.0,92285.05,4771.747513577529,10834.833333333334,3935.3713632472663,116,1.4961610893814283,11.521615992703591,8.839711378703475
8280,8700,521.64,6188,2025-06-01,2,1,1,False,False,True,False,False,True,False,False,False,False,True,False,22,0,0.45454545454545453,6902.0,100871.84,15264.0,73693.64,5717.0,114026.56,4585.59072893922,10106.0,4231.358694320299,420,0.7472527472527473,11.163998995347606,9.0217190130337
8450,8776,718.67,7468,2025-07-01,2,1,2,False,False,True,False,False,True,False,False,False,False,False,True,27,0,0.5454545454545454,8280.0,70543.5,14345.0,94878.36,11830.0,71424.14,3959.826553440611,10533.166666666666,3807.8368881382835,326,0.8836824044491776,11.247681498137094,9.042040056544483
13723,14813,946.89,8309,2025-08-01,2,1,2,False,False,True,False,False,True,False,False,False,False,False,True,31,0,0.6363636363636364,8450.0,76700.88,6902.0,100871.84,6578.0,62147.58,848.929522006015,9969.833333333334,3827.5801450350646,1090,0.6054357330224425,11.599486849061572,9.526901403978341
10184,11005,647.7,8782,2025-09-01,2,1,1,False,False,True,False,False,True,False,False,False,False,True,False,36,0,0.7272727272727273,13723.0,109040.83,8280.0,70543.5,15264.0,73693.64,3094.6103147246204,11160.666666666666,3669.470570350258,821,0.8622484045164458,11.558388767935444,9.228671328660907
13412,14323,1201.04,13194,2025-10-01,2,1,2,False,False,True,False,False,True,False,False,False,False,False,True,40,1,0.8181818181818182,10184.0,104650.26,8450.0,76700.88,14345.0,94878.36,2687.495922477529,10314.0,3070.5223659826975,911,0.9836725564750615,11.185361233991731,9.50397966490209
4645,4827,334.44,4017,2025-11-01,2,1,1,False,False,True,False,False,True,False,False,False,False,True,False,44,1,0.9090909090909091,13412.0,72066.7,13723.0,109040.83,6902.0,100871.84,1959.6439302417493,10158.5,2840.5668272371245,182,0.8646147223417994,11.090996772751389,8.443761913330354
11157,12278,768.16,11194,2025-12-01,2,1,1,False,False,True,False,False,True,False,False,False,False,True,False,49,1,1.0,4645.0,65577.08,10184.0,104650.26,8280.0,70543.5,4433.974778157106,9782.333333333334,3443.515103301661,1121,1.0032263846567486,10.838444580051616,9.319912008405474
5673,6344,471.43,9445,2015-07-01,3,1,0,False,False,False,True,False,True,False,False,False,True,False,False,27,0,0.5454545454545454,12491.0,97019.05,14129.0,58125.08,9446.0,110632.33,1577.8866668215874,10291.5,2786.023456469812,671,1.6646105040535777,11.349134550371708,8.643649615368796
16705,18976,1140.12,14277,2015-08-01,3,1,0,False,False,False,True,False,True,False,False,False,True,False,False,31,0,0.6363636363636364,5673.0,84890.95,10974.0,55694.41,7992.0,63059.9,3579.7349529446087,9662.666666666666,3377.9495950452942,2271,0.8546031365976295,11.447828494595571,9.723523215315852
5573,5629,561.76,13776,2015-09-01,3,1,2,False,False,False,True,False,True,False,False,False,False,False,True,36,0,0.7272727272727273,16705.0,93696.66,12491.0,97019.05,6717.0,75740.11,5566.985180508388,11114.833333333334,4270.909056239276,56,2.471474703982777,11.537600809118818,8.625868208041894
13930,14805,1443.84,3563,2015-10-01,3,1,0,False,False,False,True,False,True,False,False,False,True,False,False,40,1,0.8181818181818182,5573.0,102497.23,5673.0,84890.95,14129.0,58125.08,6398.391047755678,10924.166666666666,4524.5149316436855,875,0.25576053406072785,11.249229414068742,9.541871851706224
14261,15902,1225.73,10530,2015-11-01,3,1,0,False,False,False,True,False,True,False,False,False,True,False,False,44,1,0.9090909090909091,13930.0,76819.7,16705.0,93696.66,10974.0,55694.41,5794.559200951643,10891.0,4496.969068161355,1641,0.7383256205300799,11.266208224836898,9.565353936588249
10586,11907,1048.01,6444,2015-12-01,3,1,1,False,False,False,True,False,True,False,False,False,False,True,False,49,1,1.0,14261.0,78135.16,5573.0,102497.23,12491.0,97019.05,4923.250179843936,11438.833333333334,4704.528389399587,1321,0.6086710116180221,11.356549277202934,9.26738211234338
304,339,21.43,4259,2016-01-01,3,1,1,False,False,False,True,False,True,False,False,False,False,True,False,53,0,0.0,10586.0,85522.74,13930.0,76819.7,5673.0,84890.95,2032.958517366586,11121.333333333334,4683.553551168884,35,13.963934426229509,10.873779987744832,5.720311776607412
8517,8725,572.34,6097,2016-02-01,3,1,0,False,False,False,True,False,True,False,False,False,True,False,False,5,0,0.09090909090909091,304.0,52773.32,14261.0,78135.16,16705.0,93696.66,7234.443056195366,10226.5,6200.0705399213,208,0.7157783517257572,11.256441109904243,9.049936850483158
15502,16256,1323.1,11345,2016-03-01,3,1,0,False,False,False,True,False,True,False,False,False,True,False,False,9,0,0.18181818181818182,8517.0,77375.71,10586.0,85522.74,5573.0,102497.23,5438.3461640465675,8861.833333333334,5328.825589814951,754,0.7317938463523189,11.233916472390185,9.648788832566362
4520,4991,317.3,11611,2016-04-01,3,1,1,False,False,False,True,False,True,False,False,False,False,True,False,13,0,0.2727272727272727,15502.0,75652.31,304.0,52773.32,13930.0,76819.7,7607.264050454233,10516.666666666666,5636.070605188216,471,2.568237115682371,11.268345154393193,8.416488487294606
12231,12905,1010.89,4621,2016-05-01,3,1,0,False,False,False,True,False,True,False,False,False,True,False,False,17,0,0.36363636363636365,4520.0,78302.31,8517.0,77375.71,14261.0,78135.16,5558.335452273461,8948.333333333334,5803.061421927797,674,0.37777959450621323,10.910953746218922,9.411810747608898
10738,11306,684.55,12295,2016-06-01,3,1,2,False,False,False,True,False,True,False,False,False,False,False,True,22,0,0.45454545454545453,12231.0,54772.06,15502.0,75652.31,10586.0,85522.74,5638.606299432513,8610.0,5481.646942297542,568,1.144892448086414,11.16702780830606,9.281637253858216
10058,11503,1024.41,4786,2016-07-01,3,1,2,False,False,False,True,False,True,False,False,False,False,False,True,26,0,0.5454545454545454,10738.0,70757.49,4520.0,78302.31,304.0,52773.32,4089.663678103618,8635.333333333334,5492.944990318641,1445,0.47579282234814596,11.23528414832606,9.216223035134337
11469,11581,1138.87,3751,2016-08-01,3,1,2,False,False,False,True,False,True,False,False,False,False,False,True,31,0,0.6363636363636364,10058.0,75755.85,12231.0,54772.06,8517.0,77375.71,1111.5588153579706,10261.0,3677.453901818485,112,0.327027027027027,11.340130149116025,9.347490210123416
8385,8938,696.79,13588,2016-09-01,3,1,1,False,False,False,True,False,True,False,False,False,False,True,False,35,0,0.7272727272727273,11469.0,84129.98,10738.0,70757.49,15502.0,75652.31,705.6535977375974,10753.0,3593.9860878973923,553,1.6203195802528023,11.441127161937619,9.034318927730707
14343,15856,976.76,5902,2016-10-01,3,1,2,False,False,False,True,False,True,False,False,False,False,False,True,39,1,0.8181818181818182,8385.0,93070.86,10058.0,75755.85,4520.0,78302.31,1543.8537279591442,9566.833333333334,2799.862669251237,1513,0.4114612381483547,11.38338484148014,9.571087015284968
3663,4115,194.51,3018,2016-11-01,3,1,0,False,False,False,True,False,True,False,False,False,True,False,False,44,1,0.9090909090909091,14343.0,87848.89,11469.0,84129.98,12231.0,54772.06,2979.6167538796017,11204.0,2022.647176350835,452,0.8236899563318777,11.66869118277841,8.20631072579402
8519,8888,425.52,14471,2016-12-01,3,1,1,False,False,False,True,False,True,False,False,False,False,True,False,48,1,1.0,3663.0,116854.24,8385.0,93070.86,10738.0,70757.49,5351.90694986376,9776.0,3578.6130274171865,369,1.6984741784037558,11.63520344985555,9.050171619823361
4481,4486,235.25,12941,2017-01-01,3,1,2,False,False,False,True,False,True,False,False,False,False,False,True,52,0,0.0,8519.0,113005.82,14343.0,87848.89,10058.0,75755.85,5347.306362397178,9406.166666666666,3573.969804946128,5,2.8873270861222666,11.693983390384899,8.407824654360873
9462,10474,508.11,12132,2017-02-01,3,1,1,False,False,False,True,False,True,False,False,False,False,True,False,5,0,0.09090909090909091,4481.0,119847.46,3663.0,116854.24,11469.0,84129.98,2599.8494828226776,8476.666666666666,4062.3849973465913,1012,1.2820458628341964,11.478830584262866,9.155144736508232
16645,19120,1223.41,3907,2017-03-01,3,1,1,False,False,False,True,False,True,False,False,False,False,True,False,9,0,0.18181818181818182,9462.0,96646.98,8519.0,113005.82,8385.0,93070.86,2645.91049231325,8142.166666666667,3843.4448307041775,2475,0.2347110416916977,11.386395334781431,9.71992522630604
9275,9821,678.93,14411,2017-04-01,3,1,0,False,False,False,True,False,True,False,False,False,True,False,False,13,0,0.2727272727272727,16645.0,88113.76,4481.0,119847.46,14343.0,87848.89,6115.128044448456,9518.833333333334,5190.920550987721,546,1.5535791289348857,11.540536254561713,9.135185698375423
3987,4294,407.87,14195,2017-05-01,3,1,2,False,False,False,True,False,True,False,False,False,False,False,True,18,0,0.36363636363636365,9275.0,102798.55,9462.0,96646.98,3663.0,116854.24,4202.129579153885,8674.166666666666,4631.077214500603,307,3.5594282848545635,11.357713188515286,8.291045131081729
6303,6678,317.67,8796,2017-06-01,3,1,1,False,False,False,True,False,True,False,False,False,False,True,False,22,0,0.45454545454545453,3987.0,85622.34,16645.0,88113.76,8519.0,113005.82,6357.473397506277,8728.166666666666,4562.337664691935,375,1.3953045685279188,11.134593987741647,8.748939631537715
19455,21752,1695.5,5980,2017-07-01,3,1,0,False,False,False,True,False,True,False,False,False,True,False,False,26,0,0.5454545454545454,6303.0,68499.34,9275.0,102798.55,4481.0,119847.46,2650.772969028721,8358.833333333334,4671.0569432053235,2297,0.3073601973684211,11.312095845769258,9.875910784765894
13697,14389,984.13,5475,2017-08-01,3,1,0,False,False,False,True,False,True,False,False,False,True,False,False,31,0,0.6363636363636364,19455.0,81804.18,3987.0,85622.34,9462.0,96646.98,8342.641308362718,10854.5,5996.850431684953,692,0.3996933858957512,11.002098841203738,9.52500511575785
6860,7053,450.7,7593,2017-09-01,3,1,0,False,False,False,True,False,True,False,False,False,True,False,False,35,0,0.7272727272727273,13697.0,59998.94,6303.0,68499.34,16645.0,88113.76,6592.936927753316,11560.333333333334,6049.175503047228,193,1.1066899868823787,10.922136658146313,8.833608482690892
7977,8575,418.79,10783,2017-10-01,3,1,1,False,False,False,True,False,True,False,False,False,False,True,False,39,1,0.8181818181818182,6860.0,55388.02,19455.0,81804.18,9275.0,102798.55,6305.19835796887,9929.5,5713.916616472453,598,1.351591877663575,11.496418776096673,8.984443032465352
6667,7125,578.03,11006,2017-11-01,3,1,0,False,False,False,True,False,True,False,False,False,True,False,False,44,1,0.9090909090909091,7977.0,98361.88,13697.0,59998.94,3987.0,85622.34,3667.666333424204,9713.166666666666,5767.968460963241,458,1.6505698860227955,11.52041167325659,8.805075243870684
25704,28939,2548.55,8388,2017-12-01,3,1,2,False,False,False,True,False,True,False,False,False,False,False,True,48,1,1.0,6667.0,100750.43,6860.0,55388.02,6303.0,68499.34,707.2291000800345,10159.833333333334,5322.412626494368,3235,0.32631783699669326,11.022695781195655,10.154440804489605
17949,18875,1176.56,14178,2018-01-01,3,1,2,False,False,False,True,False,True,False,False,False,False,False,True,1,0,0.0,25704.0,61247.57,7977.0,98361.88,19455.0,81804.18,10633.045957454211,13393.333333333334,7818.60858891572,926,0.7898607242339832,11.525950371398878,9.795345393916424
10817,10885,741.51,13551,2018-02-01,3,1,0,False,False,False,True,False,True,False,False,False,True,False,False,5,0,0.09090909090909091,17949.0,101310.01,6667.0,100750.43,13697.0,59998.94,9572.799294528915,13142.333333333334,7606.385361435921,68,1.252634498058791,11.281545588056249,9.288966692431373
11772,12433,731.04,8113,2018-03-01,3,1,2,False,False,False,True,False,True,False,False,False,False,False,True,9,0,0.18181818181818182,10817.0,79342.8,25704.0,61247.57,6860.0,55388.02,7445.67232245237,12662.333333333334,7655.097796022378,661,0.689119170984456,11.390665171336016,9.373564053078196
13029,13284,1156.98,3539,2018-04-01,3,1,1,False,False,False,True,False,True,False,False,False,False,True,False,13,0,0.2727272727272727,11772.0,88490.8,17949.0,101310.01,7977.0,98361.88,3871.536688878628,13481.0,7156.911931832053,255,0.2716039907904835,11.434107232321072,9.47500967011889
14549,16062,1049.71,13474,2018-05-01,3,1,2,False,False,False,True,False,True,False,False,False,False,False,True,18,0,0.36363636363636365,13029.0,92419.79,10817.0,79342.8,6667.0,100750.43,1109.4306347551872,14323.0,6659.781467886165,1513,0.9260481099656357,11.503317455518403,9.585346272599638
10312,10533,662.03,10148,2018-06-01,3,1,0,False,False,False,True,False,True,False,False,False,True,False,False,22,0,0.45454545454545453,14549.0,99042.8,11772.0,88490.8,25704.0,61247.57,1390.5741020647886,15636.666666666666,5528.93959694503,221,0.9840007757199651,11.012086310018283,9.24116051431607
4861,5139,403.22,3050,2018-07-01,3,1,0,False,False,False,True,False,True,False,False,False,True,False,False,26,0,0.5454545454545454,10312.0,60601.19,13029.0,92419.79,17949.0,101310.01,2146.4955159515157,13071.333333333334,2841.166286345569,278,0.6273138626079803,11.39450481358013,8.48920515487607
9870,10128,820.2,10508,2018-08-01,3,1,1,False,False,False,True,False,True,False,False,False,False,True,False,31,0,0.6363636363636364,4861.0,88831.23,14549.0,99042.8,10817.0,79342.8,4856.660615416041,10890.0,3329.5579286145494,258,1.064532468848141,11.326794180370273,9.197356444417888
11480,12317,724.96,6803,2018-09-01,3,1,2,False,False,False,True,False,True,False,False,False,False,False,True,35,0,0.7272727272727273,9870.0,83015.46,10312.0,60601.19,11772.0,88490.8,3027.6185911262537,10732.166666666666,3356.05073958465,837,0.592544203466597,10.961832380401736,9.348448774093812
735,800,51.6,14048,2018-10-01,3,1,2,False,False,False,True,False,True,False,False,False,False,False,True,40,1,0.8181818181818182,11480.0,57630.95,4861.0,88831.23,13029.0,92419.79,3451.891800158282,10683.5,3340.0351345457448,65,19.08695652173913,11.692764025010886,6.601230118728877
10848,11734,779.43,5010,2018-11-01,3,1,0,False,False,False,True,False,True,False,False,False,True,False,False,44,1,0.9090909090909091,735.0,119701.41,9870.0,83015.46,14549.0,99042.8,5795.046016498344,8634.5,4981.165516222083,886,0.4617937137063324,11.021781219319967,9.29182818882245
10972,12196,939.75,7105,2018-12-01,3,1,0,False,False,False,True,False,True,False,False,False,True,False,False,48,1,1.0,10848.0,61191.58,11480.0,57630.95,10312.0,60601.19,6029.472309691233,8017.666666666667,4282.415704560532,1224,0.6474984051763419,11.646980370537934,9.3031929889908
13075,13668,1359.15,10206,2019-01-01,3,1,0,False,False,False,True,False,True,False,False,False,True,False,False,1,0,0.0,10972.0,114344.56,735.0,119701.41,4861.0,88831.23,5874.86615450372,8127.666666666667,4360.893058384564,593,0.7805139186295503,11.376807415545892,9.478533767844102
11573,12572,1005.12,12196,2019-02-01,3,1,1,False,False,False,True,False,True,False,False,False,False,True,False,5,0,0.09090909090909091,13075.0,87272.96,10848.0,61191.58,9870.0,83015.46,1251.500033293363,9496.666666666666,4419.207425168756,999,1.0537411439433213,10.982391399472458,9.356516482133785
11351,12709,584.01,8701,2019-03-01,3,1,1,False,False,False,True,False,True,False,False,False,False,True,False,9,0,0.18181818181818182,11573.0,58828.07,10972.0,114344.56,11480.0,57630.95,1083.1908111377638,9780.5,4501.897055686637,1358,0.7664728682170543,11.61283088863232,9.337149218839878
8072,8717,675.63,14729,2019-04-01,3,1,2,False,False,False,True,False,True,False,False,False,False,False,True,14,0,0.2727272727272727,11351.0,110505.64,13075.0,87272.96,735.0,119701.41,937.8578428169623,9759.0,4492.455497831894,645,1.8244766505636072,11.269530353104383,8.996280439395015
6829,7204,735.48,14455,2019-05-01,3,1,2,False,False,False,True,False,True,False,False,False,False,False,True,18,0,0.36363636363636365,8072.0,78395.17,11573.0,58828.07,10848.0,61191.58,1960.3624664841868,10981.833333333334,1634.1509620187105,375,2.116398243045388,11.256292604582885,8.829079952564836
12341,12850,1258.78,14972,2019-06-01,3,1,2,False,False,False,True,False,True,False,False,False,False,False,True,22,0,0.45454545454545453,6829.0,77364.22,11351.0,110505.64,10972.0,114344.56,2336.142618363295,10312.0,2361.7070097706887,509,1.2130935018635554,11.458876271315232,9.420763358881013
11549,12620,1216.11,13013,2019-07-01,3,1,2,False,False,False,True,False,True,False,False,False,False,False,True,27,0,0.5454545454545454,12341.0,94737.55,8072.0,78395.17,13075.0,87272.96,2891.123022863833,10540.166666666666,2500.287216834633,1071,1.1266666666666667,11.558886392526322,9.35444071594994
12337,13508,623.64,11632,2019-08-01,3,1,1,False,False,False,True,False,True,False,False,False,False,True,False,31,0,0.6363636363636364,11549.0,104702.35,6829.0,77364.22,11573.0,58828.07,2980.1512265878887,10285.833333333334,2256.6095290649364,1171,0.9427784081698817,11.517662527352796,9.420439209769585
7842,8082,499.93,14947,2019-09-01,3,1,2,False,False,False,True,False,True,False,False,False,False,False,True,35,0,0.7272727272727273,12337.0,100473.83,12341.0,94737.55,11351.0,110505.64,456.11109757742355,10413.166666666666,2362.821907522163,240,1.905775851077394,11.449742611166974,8.967376693212666
9848,10801,661.79,3535,2019-10-01,3,1,1,False,False,False,True,False,True,False,False,False,False,True,False,40,1,0.8181818181818182,7842.0,93876.18,11549.0,104702.35,8072.0,78395.17,2400.2714429830553,9828.333333333334,2513.715311380083,953,0.35891968727789625,10.843276818518959,9.195125206169703
9770,10883,643.35,3253,2019-11-01,3,1,2,False,False,False,True,False,True,False,False,False,False,False,True,44,1,0.9090909090909091,9848.0,51187.84,12337.0,100473.83,6829.0,77364.22,2251.8208188041876,10124.333333333334,2365.747549225545,1113,0.3329239586531573,11.073182061813716,9.187174093944343
13871,15499,728.23,4870,2019-12-01,3,1,0,False,False,False,True,False,True,False,False,False,True,False,False,48,1,1.0,9770.0,64419.17,7842.0,93876.18,12341.0,94737.55,1136.3174439096235,10614.5,1778.1202152835474,1628,0.35106689734717417,11.658104707243329,9.537627699020323
9057,9716,463.27,8317,2020-01-01,3,1,1,False,False,False,True,False,True,False,False,False,False,True,False,1,0,0.0,13871.0,115623.68,9848.0,51187.84,11549.0,104702.35,2345.5210508541495,10869.5,2146.736942431469,659,0.9181938617796424,11.556508380637665,9.111403624116159
11404,11966,983.59,14288,2020-02-01,3,1,1,False,False,False,True,False,True,False,False,False,False,True,False,5,0,0.09090909090909091,9057.0,104453.66,9770.0,64419.17,12337.0,100473.83,2598.113610551565,10454.166666666666,2228.489301447659,562,1.2527838667251205,11.184728711883555,9.341807134718488
10391,11708,1075.47,5794,2020-03-01,3,1,2,False,False,False,True,False,True,False,False,False,False,False,True,9,0,0.18181818181818182,11404.0,72021.13,13871.0,115623.68,7842.0,93876.18,2407.2492600476485,10298.666666666666,2099.660131227593,1317,0.5575442648190916,11.570597496885828,9.248791558350435
7971,8106,561.96,9489,2020-04-01,3,1,0,False,False,False,True,False,True,False,False,False,True,False,False,14,0,0.2727272727272727,10391.0,105935.75,9057.0,104453.66,9848.0,51187.84,1177.1529212468356,10723.5,1728.1942888460228,135,1.1902910185649773,11.270174054891218,8.983690681332686
6593,7411,429.2,4075,2020-05-01,3,1,2,False,False,False,True,False,True,False,False,False,False,False,True,18,0,0.36363636363636365,7971.0,78445.65,11404.0,72021.13,9770.0,64419.17,1763.8999404728038,10410.666666666666,2056.980570318221,818,0.6179860479223537,11.289004611635061,8.793915423631676
7771,8856,670.25,14022,2020-06-01,3,1,1,False,False,False,True,False,True,False,False,False,False,True,False,23,0,0.45454545454545453,6593.0,79936.84,10391.0,105935.75,13871.0,115623.68,1922.6755663224374,9881.166666666666,2593.7520634529947,1085,1.8041688111168297,10.937235578129632,8.95828281049733
15597,17814,991.97,12195,2020-07-01,3,1,0,False,False,False,True,False,True,False,False,False,True,False,False,27,0,0.5454545454545454,7771.0,56230.68,7971.0,78445.65,9057.0,104453.66,744.5992210578643,8864.5,1787.1830068574377,2217,0.7818310039748686,11.329759071402165,9.654897979890443
9209,10291,964.18,4807,2020-08-01,3,1,1,False,False,False,True,False,True,False,False,False,False,True,False,31,0,0.6363636363636364,15597.0,83261.96,6593.0,79936.84,11404.0,72021.13,4893.9754801183835,9954.5,3290.319604536921,1082,0.5219326818675353,11.259805965671285,9.128045129249353
11467,13072,1212.64,5628,2020-09-01,3,1,2,False,False,False,True,False,True,False,False,False,False,False,True,36,0,0.7272727272727273,9209.0,77636.51,7771.0,56230.68,10391.0,105935.75,4165.746511731115,9588.666666666666,3218.1588317960104,1605,0.49075688873386814,11.516899258982017,9.34731582700326
5855,5998,624.44,13972,2020-10-01,3,1,1,False,False,False,True,False,True,False,False,False,False,True,False,40,1,0.8181818181818182,11467.0,100397.17,15597.0,83261.96,7971.0,78445.65,3239.3931530457903,9768.0,3300.7322217956425,143,2.385928961748634,11.579368047232355,8.675222055641148
10557,10823,948.55,14349,2020-11-01,3,1,1,False,False,False,True,False,True,False,False,False,False,True,False,44,1,0.9090909090909091,5855.0,106868.96,9209.0,77636.51,6593.0,79936.84,2823.7806808131013,9415.333333333334,3627.954887628382,266,1.3590642167077098,11.544748885493036,9.264639145383562
15569,16988,1310.13,6085,2020-12-01,3,1,0,False,False,False,True,False,True,False,False,False,True,False,False,49,1,1.0,10557.0,103232.52,11467.0,100397.17,7771.0,56230.68,3011.960823118383,10076.0,3362.416928341874,1419,0.390815671162492,11.268691184612873,9.653101264828043
4497,4573,232.72,13729,2021-01-01,3,1,2,False,False,False,True,False,True,False,False,False,False,False,True,53,0,0.0,15569.0,78329.41,5855.0,106868.96,15597.0,83261.96,4857.8243415476945,11375.666666666666,3775.035399392525,76,3.0522454424188528,11.51735703106005,8.411388132519262
6555,7311,700.07,9333,2021-02-01,3,1,2,False,False,False,True,False,True,False,False,False,False,False,True,5,0,0.09090909090909091,4497.0,100443.14,10557.0,103232.52,9209.0,77636.51,5544.260215153443,9525.666666666666,4005.392897914844,756,1.4235814521049421,11.399710965143814,8.78813593986372
7810,8201,497.89,12639,2021-03-01,3,1,1,False,False,False,True,False,True,False,False,False,False,True,False,9,0,0.18181818181818182,6555.0,89294.91,15569.0,78329.41,11467.0,100397.17,5888.926670738337,9083.333333333334,4189.665650940021,391,1.6181026757137371,10.85520276251127,8.963288275610298
16328,17674,1631.17,12871,2021-04-01,3,1,2,False,False,False,True,False,True,False,False,False,False,False,True,13,0,0.2727272727272727,7810.0,51801.97,4497.0,100443.14,5855.0,106868.96,1672.640527230321,8473.833333333334,4036.757630409171,1346,0.7882295302835446,11.627576757389571,9.70069794710231
8739,9597,605.61,6778,2021-05-01,3,1,1,False,False,False,True,False,True,False,False,False,False,True,False,17,0,0.36363636363636365,16328.0,112147.23,6555.0,89294.91,10557.0,103232.52,5317.3125730955435,10219.333333333334,4858.520049013555,858,0.7755148741418765,11.097270768889194,9.07566546864958
14393,14572,1481.04,10017,2021-06-01,3,1,1,False,False,False,True,False,True,False,False,False,False,True,False,22,0,0.45454545454545453,8739.0,65989.81,7810.0,51801.97,15569.0,78329.41,4672.834364708419,9916.333333333334,4889.838429505281,179,0.6959149645685703,11.056818902612141,9.57456673206775
13236,13581,1310.36,9693,2021-07-01,3,1,0,False,False,False,True,False,True,False,False,False,True,False,False,26,0,0.5454545454545454,14393.0,63373.63,16328.0,112147.23,4497.0,100443.14,3943.4515761364746,9720.333333333334,4634.868009627316,345,0.7322656190979829,11.544948703720134,9.490771217713771
5906,5931,302.09,6584,2021-08-01,3,1,1,False,False,False,True,False,True,False,False,False,False,True,False,30,0,0.6363636363636364,13236.0,103253.15,8739.0,65989.81,6555.0,89294.91,2986.898447107511,11176.833333333334,3993.9543020253354,25,1.1146097850008465,11.433428799854982,8.683893367307235
9843,10987,651.11,4798,2021-09-01,3,1,0,False,False,False,True,False,True,False,False,False,True,False,False,35,0,0.7272727272727273,5906.0,92357.11,14393.0,63373.63,7810.0,51801.97,4602.4761089367175,11068.666666666666,4149.903500886097,1144,0.48740349451442505,11.406996120893522,9.194617411510947
9412,10170,605.66,12376,2021-10-01,3,1,2,False,False,False,True,False,True,False,False,False,False,False,True,39,1,0.8181818181818182,9843.0,89947.82,13236.0,103253.15,16328.0,112147.23,3668.3628955343675,11407.5,3906.481729126609,758,1.3147774354615958,10.85081754363245,9.14984699154722
10035,10461,719.51,5657,2021-11-01,3,1,0,False,False,False,True,False,True,False,False,False,True,False,False,44,1,0.9090909090909091,9412.0,51575.3,5906.0,92357.11,8739.0,65989.81,2159.389033963073,10254.833333333334,3101.6722855044954,426,0.5636707851733759,11.49347655510866,9.213933907486313
8179,8488,522.64,14784,2021-12-01,3,1,1,False,False,False,True,False,True,False,False,False,False,True,False,48,1,1.0,10035.0,98072.9,9843.0,89947.82,14393.0,63373.63,319.04910802772326,10470.833333333334,3019.0228496430236,309,1.8073349633251834,11.311943521075309,9.009447429596793
10388,10764,514.21,11789,2022-01-01,3,1,1,False,False,False,True,False,True,False,False,False,False,True,False,52,0,0.0,8179.0,81791.72,9412.0,51575.3,13236.0,103253.15,944.5593328813675,9435.166666666666,2408.5668283580335,376,1.1347579170276254,11.62035697463877,9.248502833070532
6869,7674,433.78,9923,2022-02-01,3,1,0,False,False,False,True,False,True,False,False,False,True,False,False,5,0,0.09090909090909091,10388.0,111340.46,10035.0,98072.9,5906.0,92357.11,1186.663810857968,8960.5,1680.218884550465,805,1.444395924308588,11.654056382914067,8.834919385216395
6634,7029,356.25,9200,2022-03-01,3,1,0,False,False,False,True,False,True,False,False,False,True,False,False,9,0,0.18181818181818182,6869.0,115156.54,8179.0,81791.72,9843.0,89947.82,1778.5360084443903,9121.0,1342.0520109146328,395,1.386586284853052,11.407491613290048,8.800113946766308
12255,13007,1272.07,8965,2022-04-01,3,1,0,False,False,False,True,False,True,False,False,False,True,False,False,13,0,0.2727272727272727,6634.0,89992.4,10388.0,111340.46,9412.0,51575.3,2102.8196150248627,8586.166666666666,1609.541725668108,752,0.7314784595300261,11.386155278079226,9.413770891980372
8324,8626,734.18,4556,2022-05-01,3,1,1,False,False,False,True,False,True,False,False,False,False,True,False,17,0,0.36363636363636365,12255.0,88092.61,6869.0,115156.54,10035.0,98072.9,3179.6190023334507,9060.0,2208.3637381554718,302,0.5472672672672673,11.032225473058782,9.027018314848645
6816,7670,496.89,11241,2022-06-01,3,1,2,False,False,False,True,False,True,False,False,False,False,False,True,22,0,0.45454545454545453,8324.0,61834.04,6634.0,89992.4,8179.0,81791.72,2883.9932385496263,8774.833333333334,2167.371810896015,854,1.648965820742262,11.024947826686377,8.827174771362785
8531,9379,897.03,3236,2022-07-01,3,1,1,False,False,False,True,False,True,False,False,False,False,True,False,26,0,0.5454545454545454,6816.0,61385.66,12255.0,88092.61,10388.0,111340.46,2808.0107430943517,8547.666666666666,2309.107417741035,848,0.3792780121894046,11.210749934607506,9.05157907959124
15396,17005,1637.36,3867,2022-08-01,3,1,1,False,False,False,True,False,True,False,False,False,False,True,False,31,0,0.6363636363636364,8531.0,73919.83,8324.0,61834.04,6869.0,115156.54,936.1390566220977,8238.166666666666,2130.6616265063467,1609,0.25115282197830746,11.419476282435783,9.641927964229918
11967,12515,743.15,5631,2022-09-01,3,1,2,False,False,False,True,False,True,False,False,False,False,False,True,35,0,0.7272727272727273,15396.0,91077.43,6816.0,61385.66,6634.0,89992.4,4540.298264798611,9659.333333333334,3462.376852202354,548,0.47050467914438504,11.53393579407346,9.389991700214258
11332,12634,778.51,8056,2022-10-01,3,1,0,False,False,False,True,False,True,False,False,False,True,False,False,39,1,0.8181818181818182,11967.0,102122.26,8531.0,73919.83,12255.0,88092.61,3432.500594804501,10548.166666666666,3205.3955398151234,1302,0.7108444366010765,11.20798980166668,9.335474102732949
8720,9064,567.67,4067,2022-11-01,3,1,0,False,False,False,True,False,True,False,False,False,True,False,False,44,1,0.9090909090909091,11332.0,73716.08,15396.0,91077.43,8324.0,61834.04,2186.2205591690054,10394.333333333334,3128.319975109114,344,0.46634560256851276,11.077385560018199,9.073489189226986
9044,9524,766.48,13917,2022-12-01,3,1,0,False,False,False,True,False,True,False,False,False,True,False,False,48,1,1.0,8720.0,64690.53,11967.0,102122.26,6816.0,61385.66,1720.8901766236963,10460.333333333334,3079.704704458966,480,1.5386401326699835,11.432081828305348,9.109967397829395
18636,20752,1285.88,4937,2023-01-01,3,1,2,False,False,False,True,False,True,False,False,False,False,False,True,52,0,0.0,9044.0,92232.79,11332.0,73716.08,8531.0,73919.83,1423.75466051328,10831.666666666666,2657.83405551714,2116,0.2649031496485486,11.095758506493755,9.832904131080666
9267,9582,487.91,12151,2023-02-01,3,1,1,False,False,False,True,False,True,False,False,False,False,True,False,5,0,0.09090909090909091,18636.0,65890.09,8720.0,64690.53,15396.0,91077.43,5633.80416178387,12515.833333333334,3844.9045978628246,315,1.3110703495899871,11.653127745165067,9.134322885552267
10042,11358,623.61,13147,2023-03-01,3,1,0,False,False,False,True,False,True,False,False,False,True,False,False,9,0,0.18181818181818182,9267.0,115049.65,9044.0,92232.79,11967.0,102122.26,5474.704771340026,11494.333333333334,3739.3914299878643,1316,1.3090709947226924,11.227054418287526,9.21463115339334
6794,7068,443.31,4847,2023-04-01,3,1,1,False,False,False,True,False,True,False,False,False,False,True,False,13,0,0.2727272727272727,10042.0,75134.95,18636.0,65890.09,11332.0,73716.08,5199.929839270261,11173.5,3773.1550590984225,274,0.713318616629875,11.422369048109081,8.823942326585245
2375,2638,205.2,11146,2023-05-01,3,1,0,False,False,False,True,False,True,False,False,False,True,False,False,18,0,0.36363636363636365,6794.0,91341.28,9267.0,115049.65,8720.0,64690.53,1696.3616949223908,10417.166666666666,4169.080302256924,263,4.691077441077441,11.50707397836608,7.773173680482536
9176,10500,667.55,9302,2023-06-01,3,1,2,False,False,False,True,False,True,False,False,False,False,False,True,22,0,0.45454545454545453,2375.0,99415.56,10042.0,75134.95,9044.0,92232.79,3848.37528488755,9359.666666666666,5329.022149200235,1324,1.01362100904435,11.469529431285126,9.124455632819013
1351,1504,94.23,5519,2023-07-01,3,1,0,False,False,False,True,False,True,False,False,False,True,False,False,26,0,0.5454545454545454,9176.0,95752.21,6794.0,91341.28,18636.0,65890.09,3450.9681250339017,9381.666666666666,5327.730648847282,153,4.082100591715976,11.437521946266065,7.20934025660291
14715,15833,765.92,13679,2023-08-01,3,1,1,False,False,False,True,False,True,False,False,False,False,True,False,31,0,0.6363636363636364,1351.0,92735.92,2375.0,99415.56,9267.0,115049.65,4253.093031351815,6500.833333333333,3767.6859432105916,1118,0.929532481652623,11.675466419225456,9.596690616224665
8845,9670,614.29,6840,2023-09-01,3,1,0,False,False,False,True,False,True,False,False,False,True,False,False,35,0,0.7272727272727273,14715.0,117648.65,9176.0,95752.21,10042.0,75134.95,6714.507204553434,7408.833333333333,5016.998282505854,825,0.7732308387971965,11.475413091772946,9.087720658428273
11636,12345,1153.71,4600,2023-10-01,3,1,1,False,False,False,True,False,True,False,False,False,False,True,False,39,1,0.8181818181818182,8845.0,96317.25,1351.0,92735.92,6794.0,91341.28,6698.4255861607735,7209.333333333333,4914.093310740719,709,0.39529088252986166,11.029709820156308,9.361944956108077
7159,8085,709.81,10314,2023-11-01,3,1,2,False,False,False,True,False,True,False,False,False,False,False,True,44,1,0.9090909090909091,11636.0,61678.68,14715.0,117648.65,2375.0,99415.56,2936.177276664324,8016.333333333333,5220.2863395283875,926,1.4405027932960894,11.606413440113052,8.87626525995469
5102,5378,331.37,11614,2023-12-01,3,1,1,False,False,False,True,False,True,False,False,False,False,True,False,48,1,1.0,7159.0,109798.74,8845.0,96317.25,9176.0,95752.21,2261.113516242229,8813.666666666666,4502.2857157966655,276,2.27591612776798,11.605103380716933,8.537583881063972
3819,4249,276.11,8146,2024-01-01,3,1,2,False,False,False,True,False,True,False,False,False,False,False,True,1,0,0.0,5102.0,109654.99,11636.0,61678.68,1351.0,92735.92,3340.8565269004466,8134.666666666667,4737.759414181633,430,2.1324607329842933,11.42174800370843,8.24800570160062
7238,7918,474.45,3385,2024-02-01,3,1,1,False,False,False,True,False,True,False,False,False,False,True,False,5,0,0.09090909090909091,3819.0,91284.57,7159.0,109798.74,14715.0,117648.65,1684.8807079434498,8546.0,4094.4717852245635,680,0.4676060229313441,11.205677353233117,8.88723835429314
7874,7878,393.31,12052,2024-03-01,3,1,0,False,False,False,True,False,True,False,False,False,True,False,False,9,0,0.18181818181818182,7238.0,73545.81,5102.0,109654.99,8845.0,96317.25,1727.1434026546124,7299.833333333333,2762.6150956415713,4,1.5304126984126984,11.346671805336008,8.971448463693834
14808,15555,746.32,13865,2024-04-01,3,1,2,False,False,False,True,False,True,False,False,False,False,False,True,14,0,0.2727272727272727,7874.0,84682.14,3819.0,91284.57,11636.0,61678.68,2180.866876573015,7138.0,2681.238445196552,747,0.9362549800796812,11.004003028992882,9.602990383037504
7159,8080,362.96,9739,2024-05-01,3,1,0,False,False,False,True,False,True,False,False,False,True,False,False,18,0,0.36363636363636365,14808.0,60113.3,7238.0,73545.81,7159.0,109798.74,4199.002897514276,7666.666666666667,3817.4641670442293,921,1.360195530726257,11.487250977998935,8.87626525995469
5897,6006,500.66,6549,2024-06-01,3,1,0,False,False,False,True,False,True,False,False,False,True,False,False,22,0,0.45454545454545453,7159.0,97464.23,7874.0,84682.14,5102.0,109654.99,4224.902010697994,7666.666666666667,3817.4641670442293,109,1.1103763987792472,11.349768802752399,8.682368589375221
12960,13431,670.68,14135,2024-07-01,3,1,0,False,False,False,True,False,True,False,False,False,True,False,False,27,0,0.5454545454545454,5897.0,84944.81,14808.0,60113.3,3819.0,91284.57,4821.925030524631,7799.166666666667,3723.278953646462,471,1.0905794305994907,11.553669536454562,9.469700127423375
8129,8264,686.49,12840,2024-08-01,3,1,0,False,False,False,True,False,True,False,False,False,True,False,False,31,0,0.6363636363636364,12960.0,104157.55,7159.0,97464.23,7238.0,73545.81,3766.7451466750404,9322.666666666666,3638.1366476077687,135,1.5793357933579335,11.51885127263954,9.003316202541857
19606,21050,1632.2,6940,2024-09-01,3,1,1,False,False,False,True,False,True,False,False,False,False,True,False,35,0,0.7272727272727273,8129.0,100593.34,5897.0,84944.81,7874.0,84682.14,3610.3174837309393,9471.166666666666,3553.2205907692664,1444,0.35395522007446323,11.490419392657419,9.883641924315421
5736,6520,598.84,14827,2024-10-01,3,1,1,False,False,False,True,False,True,False,False,False,False,True,False,40,1,0.8181818181818182,19606.0,97773.53,12960.0,104157.55,14808.0,60113.3,5762.369391144574,11426.5,5298.128301579723,784,2.5844518040787867,11.06076301121942,8.654691704601872
13906,14284,1232.77,10372,2024-11-01,3,1,2,False,False,False,True,False,True,False,False,False,False,False,True,44,1,0.9090909090909091,5736.0,63624.08,8129.0,100593.34,7159.0,97464.23,7414.230438825052,9914.5,5432.885080691476,378,0.7458114618537427,11.11412782978141,9.540147589478611
9134,9485,650.8,11158,2024-12-01,3,1,0,False,False,False,True,False,True,False,False,False,True,False,False,48,1,1.0,13906.0,67111.65,19606.0,97773.53,5897.0,84944.81,6971.558888321409,11039.0,5446.714459194647,351,1.221455938697318,10.951915055001423,9.119868468812108
2960,3135,205.13,8460,2025-01-01,3,1,1,False,False,False,True,False,True,False,False,False,False,True,False,1,0,0.0,9134.0,57062.22,5736.0,63624.08,12960.0,104157.55,4104.211008220697,11578.5,4975.459606910706,175,2.857142857142857,11.044362557386448,7.993282328101591
8589,8812,563.01,13044,2025-02-01,3,1,1,False,False,False,True,False,True,False,False,False,False,True,False,5,0,0.09090909090909091,2960.0,62589.11,13906.0,67111.65,8129.0,100593.34,5487.943998742452,9911.833333333334,5991.315795938876,223,1.5185098952270082,10.893209213136105,9.0583540149783
6581,6910,349.45,10494,2025-03-01,3,1,1,False,False,False,True,False,True,False,False,False,False,True,False,9,0,0.18181818181818182,8589.0,53808.71,9134.0,57062.22,19606.0,97773.53,3418.112100755814,9988.5,5966.832518179141,329,1.594348222424795,11.07524465919768,8.792093929503284
9260,10611,787.56,14978,2025-04-01,3,1,0,False,False,False,True,False,True,False,False,False,True,False,False,14,0,0.2727272727272727,6581.0,64552.18,2960.0,62589.11,5736.0,63624.08,2852.757321142711,7817.666666666667,3710.9324255053034,1351,1.617319943850556,11.63089257257322,9.13356731317027
13243,13961,1382.57,9725,2025-05-01,3,1,2,False,False,False,True,False,True,False,False,False,False,False,True,18,0,0.36363636363636365,9260.0,112519.71,8589.0,53808.71,13906.0,67111.65,1393.9958153930397,8405.0,3592.556861067061,718,0.7342947749924494,11.43060123159516,9.491299898667137
8352,8837,575.04,11810,2025-06-01,3,1,2,False,False,False,True,False,True,False,False,False,False,False,True,22,0,0.45454545454545453,13243.0,92096.33,6581.0,64552.18,9134.0,57062.22,3352.2026092307256,8294.5,3394.2393993352935,485,1.4138632826529391,11.598363621764337,9.030376034755907
6187,6687,529.92,13248,2025-07-01,3,1,2,False,False,False,True,False,True,False,False,False,False,False,True,27,0,0.5454545454545454,8352.0,108918.42,9260.0,112519.71,2960.0,62589.11,2601.6223784400268,8164.166666666667,3370.487526555569,500,2.140917905623788,11.496444801836132,8.730367211692958
12625,13469,1318.05,5221,2025-08-01,3,1,0,False,False,False,True,False,True,False,False,False,True,False,False,31,0,0.6363636363636364,6187.0,98364.44,13243.0,92096.33,8589.0,53808.71,3614.697820473143,8702.0,2525.5169767792127,844,0.41351180104546176,11.178899793067336,9.44351345892757
11340,11791,597.05,7510,2025-09-01,3,1,0,False,False,False,True,False,True,False,False,False,True,False,False,36,0,0.7272727272727273,12625.0,71602.54,8352.0,108918.42,6581.0,64552.18,3276.0137871097695,9374.666666666666,2985.0781340974454,451,0.6621991006084119,11.304440943147362,9.33617975681533
5566,5721,478.4,8899,2025-10-01,3,1,0,False,False,False,True,False,True,False,False,False,True,False,False,40,1,0.8181818181818182,11340.0,81180.36,6187.0,98364.44,9260.0,112519.71,3407.161037188187,10167.833333333334,2714.2858667919813,155,1.5985270343093227,11.064903264179218,8.624611588183507
10859,12067,1120.65,4320,2025-11-01,3,1,1,False,False,False,True,False,True,False,False,False,False,True,False,44,1,0.9090909090909091,5566.0,63888.05,12625.0,71602.54,13243.0,92096.33,3759.871052753443,9552.166666666666,3314.0662284671816,1208,0.39779005524861877,11.349927832677258,9.292841593487926
12098,12627,1284.81,3110,2025-12-01,3,1,2,False,False,False,True,False,True,False,False,False,False,False,True,49,1,1.0,10859.0,84958.32,11340.0,81180.36,8352.0,108918.42,3203.8072663629373,9154.833333333334,2900.120508990391,529,0.2570460368625506,10.978982857491818,9.400878083541478
3489,3549,221.38,9974,2015-07-01,0,2,1,True,False,False,False,False,False,True,False,False,False,True,False,27,0,0.5454545454545454,11466.0,74196.71,13598.0,106243.67,9537.0,68994.43,1200.682722454188,12082.833333333334,1497.0030616757826,60,2.8578796561604585,11.437602601288404,8.157657015196472
19783,19836,1451.08,9781,2015-08-01,0,2,0,True,False,False,False,False,False,True,False,False,True,False,False,31,0,0.6363636363636364,3489.0,92743.4,13489.0,69667.42,12347.0,108471.17,5287.17091962548,11074.833333333334,3807.398346202649,53,0.4943894055802669,11.617732857683759,9.892628809201252
12372,12396,1039.25,3318,2015-09-01,0,2,1,True,False,False,False,False,False,True,False,False,False,True,False,36,0,0.7272727272727273,19783.0,111048.67,11466.0,74196.71,12060.0,95497.48,8147.591198221308,12314.166666666666,5243.653055520232,24,0.26816455184676313,10.932867655369606,9.423271958213975
9702,9971,862.99,11786,2015-10-01,0,2,0,True,False,False,False,False,False,True,False,False,True,False,False,40,1,0.8181818181818182,12372.0,55985.6,3489.0,92743.4,13598.0,106243.67,8158.074180425999,12366.166666666666,5242.175251426326,269,1.2146758734412038,11.384342608120907,9.1801903950253
15682,17319,1138.51,5693,2015-11-01,0,2,1,True,False,False,False,False,False,True,False,False,False,True,False,44,1,0.9090909090909091,9702.0,87933.07,19783.0,111048.67,13489.0,69667.42,5223.000127640563,11716.833333333334,5300.048581538349,1637,0.36300452719505194,11.014912573126063,9.660332602134424
5915,5988,423.22,6279,2015-12-01,0,2,2,True,False,False,False,False,False,True,False,False,False,False,True,49,1,1.0,15682.0,60772.71,12372.0,55985.6,11466.0,74196.71,2995.702477438862,12082.333333333334,5517.8438784244945,73,1.0613590263691683,11.489001044744533,8.68541582383069
8718,9994,547.93,12476,2016-01-01,0,2,1,True,False,False,False,False,False,True,False,False,False,True,False,53,0,0.0,5915.0,97634.95,9702.0,87933.07,3489.0,92743.4,4924.362192203169,11157.166666666666,6078.7093833038825,1276,1.4308980387659136,11.206178948697792,9.073259831427816
13665,14597,1412.28,11002,2016-02-01,0,2,0,True,False,False,False,False,False,True,False,False,True,False,False,5,0,0.09090909090909091,8718.0,73582.71,15682.0,60772.71,19783.0,111048.67,5029.055477920282,12028.666666666666,5046.686424443931,932,0.8050636616420314,11.3631801339955,9.522666275340724
10719,11219,1128.71,6271,2016-03-01,0,2,0,True,False,False,False,False,False,True,False,False,True,False,False,9,0,0.18181818181818182,13665.0,86091.72,5915.0,97634.95,12372.0,55985.6,3924.115993868343,11009.0,3568.0470848911177,500,0.5849813432835821,11.437386500204017,9.279866434624793
5630,6468,292.2,13104,2016-04-01,0,2,1,True,False,False,False,False,False,True,False,False,False,True,False,13,0,0.2727272727272727,10719.0,92723.36,8718.0,73582.71,9702.0,87933.07,2488.497739601144,10733.5,3505.017246747868,838,2.327117741076185,11.6517397410602,8.636042325254618
7693,7715,813.53,4645,2016-05-01,0,2,2,True,False,False,False,False,False,True,False,False,False,False,True,17,0,0.36363636363636365,5630.0,114890.07,13665.0,86091.72,15682.0,60772.71,4064.8505917602106,10054.833333333334,4090.0835892028745,22,0.6037171822199117,11.130022702043167,8.94819608331224
13441,15177,983.88,6026,2016-06-01,0,2,1,True,False,False,False,False,False,True,False,False,False,True,False,22,0,0.45454545454545453,7693.0,68186.92,10719.0,92723.36,5915.0,97634.95,2559.640795111689,8723.333333333334,3063.325556754728,1736,0.44829638446659725,11.60145818413178,9.506139412529912
16053,18456,1401.43,8054,2016-07-01,0,2,2,True,False,False,False,False,False,True,False,False,False,False,True,26,0,0.5454545454545454,13441.0,109256.0,5630.0,114890.07,8718.0,73582.71,4047.7811617395196,9977.666666666666,3220.2281699697414,2403,0.5016818238445248,11.655456873179983,9.683713318691522
11746,12560,1231.57,9545,2016-08-01,0,2,2,True,False,False,False,False,False,True,False,False,False,False,True,31,0,0.6363636363636364,16053.0,115317.93,7693.0,68186.92,13665.0,86091.72,4276.907917331556,11200.166666666666,3954.8761000398836,814,0.8125478845662722,11.274980283004238,9.371353167823885
13993,14982,732.53,4515,2016-09-01,0,2,1,True,False,False,False,False,False,True,False,False,False,True,False,35,0,0.7272727272727273,11746.0,78823.59,13441.0,109256.0,10719.0,92723.36,2169.708813028455,10880.333333333334,3789.828369024998,989,0.3226382735458053,11.682991815892837,9.546383945305841
16449,17908,1134.98,9148,2016-10-01,0,2,2,True,False,False,False,False,False,True,False,False,False,False,True,39,1,0.8181818181818182,13993.0,118537.35,16053.0,115317.93,5630.0,114890.07,2154.1764861155984,11426.0,3992.2461847937207,1459,0.5561094224924013,11.504745701736708,9.708080756193517
15062,16535,790.75,8159,2016-11-01,0,2,2,True,False,False,False,False,False,True,False,False,False,False,True,44,1,0.9090909090909091,16449.0,99184.36,11746.0,78823.59,7693.0,68186.92,2352.2738644412448,13229.166666666666,3219.273235788895,1473,0.5416583681869481,11.600875076679978,9.619996684702816
20577,21279,2203.8,11665,2016-12-01,0,2,2,True,False,False,False,False,False,True,False,False,False,False,True,48,1,1.0,15062.0,109192.31,13993.0,118537.35,13441.0,109256.0,1231.4264086822302,14457.333333333334,1759.4531726268576,702,0.5668675284284187,11.674049091485385,9.931977822935755
10239,10788,640.45,13663,2017-01-01,0,2,2,True,False,False,False,False,False,True,False,False,False,False,True,52,0,0.0,20577.0,117482.02,16449.0,99184.36,16053.0,115317.93,2868.779589535129,15646.666666666666,2946.478621450821,549,1.33427734375,11.465290942789292,9.234056898593499
10163,10570,687.53,7549,2017-02-01,0,2,2,True,False,False,False,False,False,True,False,False,False,False,True,5,0,0.09090909090909091,10239.0,95347.22,15062.0,109192.31,11746.0,78823.59,5172.858622979497,14677.666666666666,3656.5740067263396,407,0.7427194018103109,11.594363690762933,9.226607344440055
8283,9476,890.84,14937,2017-03-01,0,2,2,True,False,False,False,False,False,True,False,False,False,False,True,9,0,0.18181818181818182,10163.0,108483.62,20577.0,117482.02,13993.0,118537.35,5990.706914324331,14413.833333333334,3955.3145218385243,1193,1.8031144374698214,11.06328587402747,9.022081222515475
416,466,26.46,11323,2017-04-01,0,2,2,True,False,False,False,False,False,True,False,False,False,False,True,13,0,0.2727272727272727,8283.0,63784.8,10239.0,95347.22,16449.0,99184.36,1108.0096269136566,13462.166666666666,4694.64726754489,50,27.15347721822542,11.594586646822941,6.0330862217988015
11968,12960,818.61,13383,2017-05-01,0,2,0,True,False,False,False,False,False,True,False,False,True,False,False,18,0,0.36363636363636365,416.0,108507.81,10163.0,108483.62,15062.0,109192.31,5170.881581832381,10790.0,6762.203901096152,992,1.118138524521681,11.261379352709804,9.39007525287337
14497,14906,780.66,4222,2017-06-01,0,2,1,True,False,False,False,False,False,True,False,False,False,True,False,22,0,0.45454545454545453,11968.0,77758.76,8283.0,63784.8,20577.0,117482.02,5900.813757440579,10274.333333333334,6483.505769771989,409,0.29121258104566144,11.48322092110889,9.581765987860823
9498,10002,850.55,13515,2017-07-01,0,2,0,True,False,False,False,False,False,True,False,False,True,False,False,26,0,0.5454545454545454,14497.0,97072.23,416.0,108507.81,10239.0,95347.22,7506.875803777051,9261.0,4810.491492560817,504,1.4227813454047795,11.355047397054983,9.158941808890182
14800,15762,1050.06,6853,2017-08-01,0,2,0,True,False,False,False,False,False,True,False,False,True,False,False,31,0,0.6363636363636364,9498.0,85394.39,11968.0,77758.76,10163.0,108483.62,2499.5580275987472,9137.5,4789.8290888089105,962,0.4630092561313425,11.693610349813705,9.60245002503719
11877,11996,799.92,6919,2017-09-01,0,2,0,True,False,False,False,False,False,True,False,False,True,False,False,35,0,0.7272727272727273,14800.0,119802.76,14497.0,97072.23,8283.0,63784.8,2977.4993422893212,9910.333333333334,5331.809098858161,119,0.5825054723017343,10.944563591287345,9.382443228575806
11012,12619,733.4,3748,2017-10-01,0,2,0,True,False,False,False,False,False,True,False,False,True,False,False,39,1,0.8181818181818182,11877.0,56644.26,9498.0,85394.39,416.0,108507.81,2655.6472531820446,10509.333333333334,5314.2769843758315,1607,0.34032507037137927,11.321179679307184,9.306831672164943
5580,5893,475.42,4044,2017-11-01,0,2,0,True,False,False,False,False,False,True,False,False,True,False,False,44,1,0.9090909090909091,11012.0,82550.67,14800.0,119802.76,11968.0,77758.76,1984.9894206267206,12275.333333333334,2043.1573279281995,313,0.7246013259272531,11.569705151546504,8.627123250788433
13504,15509,939.88,3947,2017-12-01,0,2,1,True,False,False,False,False,False,True,False,False,False,True,False,48,1,1.0,5580.0,105841.26,11877.0,56644.26,14497.0,97072.23,3413.381949523571,11210.666666666666,3429.4140413001583,2005,0.2922621251388375,11.182093134138627,9.510815266226716
14330,16094,1218.77,7350,2018-01-01,0,2,1,True,False,False,False,False,False,True,False,False,False,True,False,1,0,0.0,13504.0,71831.56,11012.0,82550.67,9498.0,85394.39,4051.88153824862,11045.166666666666,3258.817357058643,1764,0.5128741888214361,11.331589782042892,9.570180302058072
14166,16177,1251.57,6191,2018-02-01,0,2,2,True,False,False,False,False,False,True,False,False,False,False,True,5,0,0.09090909090909091,14330.0,83414.53,5580.0,105841.26,14800.0,119802.76,4831.054957253125,11850.5,3394.2447613570866,2011,0.43700148231806313,11.264667418335641,9.55867059537935
13913,14741,918.26,7325,2018-03-01,0,2,2,True,False,False,False,False,False,True,False,False,False,False,True,9,0,0.18181818181818182,14166.0,78014.86,13504.0,71831.56,11877.0,56644.26,437.30538528584344,11744.833333333334,3292.3998795205134,828,0.526448181687509,11.017697397740063,9.540650806483587
6475,7117,675.02,3194,2018-04-01,0,2,2,True,False,False,False,False,False,True,False,False,False,False,True,13,0,0.2727272727272727,13913.0,60942.19,14330.0,83414.53,11012.0,82550.67,210.07697002130774,12084.166666666666,3411.5122990642576,642,0.49320568252007413,11.454881117630592,8.775858314797526
5894,6491,623.29,8450,2018-05-01,0,2,0,True,False,False,False,False,False,True,False,False,True,False,False,18,0,0.36363636363636365,6475.0,94359.81,14166.0,78014.86,5580.0,105841.26,4369.197752448383,11328.0,4124.913623338072,597,1.433418150975403,11.260824284423764,8.68185981297147
11866,12603,615.85,10261,2018-06-01,0,2,1,True,False,False,False,False,False,True,False,False,False,True,False,22,0,0.45454545454545453,5894.0,77715.61,13913.0,60942.19,13504.0,71831.56,4471.497996570426,11380.333333333334,4038.4893545318014,737,0.8646667228448639,11.670418068629862,9.38151671766514
11739,13264,1028.34,4679,2018-07-01,0,2,1,True,False,False,False,False,False,True,False,False,False,True,False,26,0,0.5454545454545454,11866.0,117056.21,6475.0,94359.81,14330.0,83414.53,3293.0539523872562,11107.333333333334,3919.8397756370964,1525,0.3985519591141397,10.899960243926293,9.370757093382087
19214,21124,1028.91,14963,2018-08-01,0,2,2,True,False,False,False,False,False,True,False,False,False,False,True,31,0,0.6363636363636364,11739.0,54173.21,5894.0,77715.61,14166.0,78014.86,3411.8650325005524,10675.5,3625.4727002144164,1910,0.7787145459276607,11.4879733337078,9.863446502998944
10714,11018,756.94,10251,2018-09-01,0,2,2,True,False,False,False,False,False,True,False,False,False,False,True,35,0,0.7272727272727273,19214.0,97534.66,11866.0,117056.21,13913.0,60942.19,4279.502658019971,11516.833333333334,4943.593891762013,304,0.9566962202519832,11.517195136934273,9.279399907907678
6098,6104,308.25,12826,2018-10-01,0,2,0,True,False,False,False,False,False,True,False,False,True,False,False,40,1,0.8181818181818182,10714.0,100426.88,11739.0,54173.21,6475.0,94359.81,4639.975754246998,10983.666666666666,4804.017679678821,6,2.102967699622889,11.267595991066493,8.715880102296456
7542,7881,393.69,11352,2018-11-01,0,2,1,True,False,False,False,False,False,True,False,False,False,True,False,44,1,0.9090909090909091,6098.0,78243.67,19214.0,97534.66,5894.0,77715.61,6653.156043062069,10920.833333333334,4876.69775223631,339,1.5049714967519554,11.461596906803024,8.928375259853631
17422,18081,1743.07,5471,2018-12-01,0,2,2,True,False,False,False,False,False,True,False,False,False,False,True,48,1,1.0,7542.0,94995.65,10714.0,100426.88,11866.0,117056.21,2361.2911722191297,11195.5,4573.963609387379,659,0.31401021638064625,11.305554987115578,9.765546451422905
4532,4860,451.39,4273,2019-01-01,0,2,0,True,False,False,False,False,False,True,False,False,True,False,False,1,0,0.0,17422.0,81270.85,6098.0,78243.67,11739.0,54173.21,6163.50160217388,12121.5,5249.392183862817,328,0.942642841385396,11.290300029410867,8.41913925094085
9546,10021,504.03,14152,2019-02-01,0,2,0,True,False,False,False,False,False,True,False,False,True,False,False,5,0,0.09090909090909091,4532.0,80040.46,7542.0,94995.65,19214.0,97534.66,6743.226230818598,10920.333333333334,6108.649397916586,475,1.4823504765895046,11.5034566771566,9.163982247998034
6614,6653,700.42,4613,2019-03-01,0,2,1,True,False,False,False,False,False,True,False,False,False,True,False,9,0,0.18181818181818182,9546.0,99056.59,17422.0,81270.85,10714.0,100426.88,6497.738991372306,9309.0,4562.970567514103,39,0.6973544973544974,10.849924680974757,8.797095076549056
13990,14502,1028.26,5971,2019-04-01,0,2,0,True,False,False,False,False,False,True,False,False,True,False,False,14,0,0.2727272727272727,6614.0,51529.27,4532.0,80040.46,6098.0,78243.67,2518.97942296743,8625.666666666666,4617.160065090513,512,0.426774354942463,11.675659771272754,9.546169544733285
7384,7641,625.79,5181,2019-05-01,0,2,2,True,False,False,False,False,False,True,False,False,False,False,True,18,0,0.36363636363636365,13990.0,117671.4,9546.0,99056.59,7542.0,94995.65,3713.738816879829,9941.0,4870.260732240112,257,0.7015572105619499,11.343809765730285,8.90720619496548
10409,11766,893.09,8511,2019-06-01,0,2,1,True,False,False,False,False,False,True,False,False,False,True,False,22,0,0.45454545454545453,7384.0,84440.12,6614.0,51529.27,17422.0,81270.85,4054.575851224555,9914.666666666666,4886.227283566193,1357,0.8175792507204611,11.629456606222602,9.250522161609014
12631,13913,634.71,6644,2019-07-01,0,2,2,True,False,False,False,False,False,True,False,False,False,False,True,27,0,0.5454545454545454,10409.0,112358.25,13990.0,117671.4,4532.0,80040.46,3306.8973877841036,8745.833333333334,3318.5348825448004,1282,0.525965801139962,11.172012502906815,9.443988555935478
14086,14453,1007.85,3848,2019-08-01,0,2,2,True,False,False,False,False,False,True,False,False,False,False,True,31,0,0.6363636363636364,12631.0,71111.08,7384.0,84440.12,9546.0,99056.59,2633.7210052192936,10095.666666666666,2879.9026835410023,367,0.2731596507418187,11.229051067447973,9.553007665260306
13291,14839,1156.32,13709,2019-09-01,0,2,0,True,False,False,False,False,False,True,False,False,True,False,False,35,0,0.7272727272727273,14086.0,75285.12,10409.0,112358.25,6614.0,51529.27,1851.7846347060245,10852.333333333334,3275.806994721558,1548,1.0313722539873609,11.483912427771847,9.494917629474484
7860,8594,569.46,5804,2019-10-01,0,2,0,True,False,False,False,False,False,True,False,False,True,False,False,40,1,0.8181818181818182,13291.0,97139.38,12631.0,71111.08,13990.0,117671.4,728.5430666748465,11965.166666666666,2615.6373920455244,734,0.7383284569393207,11.224252368282775,8.969669103793757
12742,13960,1313.06,7339,2019-11-01,0,2,1,True,False,False,False,False,False,True,False,False,False,True,False,44,1,0.9090909090909091,7860.0,74924.71,14086.0,75285.12,7384.0,84440.12,3388.4820101829255,10943.5,2852.978145727727,1218,0.5759240367260456,11.572408824029292,9.452737380212278
16654,18544,1044.21,12569,2019-12-01,0,2,0,True,False,False,False,False,False,True,False,False,True,False,False,48,1,1.0,12742.0,106127.81,13291.0,97139.38,10409.0,112358.25,2989.734826591369,11836.5,2301.1861941181646,1890,0.7546682677874512,11.434651766676536,9.72046575062778
16393,16411,1015.55,9830,2020-01-01,0,2,1,True,False,False,False,False,False,True,False,False,False,True,False,1,0,0.0,16654.0,92470.13,7860.0,74924.71,12631.0,71111.08,4405.907095404228,12877.333333333334,2868.7222010272685,18,0.5996096132731488,11.36529978429275,9.704670693212975
4432,4459,306.47,11233,2020-02-01,0,2,0,True,False,False,False,False,False,True,False,False,True,False,False,5,0,0.09090909090909091,16393.0,86274.4,12742.0,106127.81,14086.0,75285.12,2187.146771481052,13504.333333333334,3196.507260537156,27,2.533949921046695,11.216016825018716,8.396831834745054
6935,7126,475.39,7274,2020-03-01,0,2,1,True,False,False,False,False,False,True,False,False,False,True,False,9,0,0.18181818181818182,4432.0,74310.19,16654.0,92470.13,13291.0,97139.38,6982.250425185277,11895.333333333334,4848.17292045846,191,1.048731257208766,11.411850530853227,8.844480518460378
11089,11641,695.28,4563,2020-04-01,0,2,1,True,False,False,False,False,False,True,False,False,False,True,False,14,0,0.2727272727272727,6935.0,90385.53,16393.0,86274.4,7860.0,74924.71,6308.516650793063,10836.0,5166.193995583211,552,0.41145175834084763,11.533825039419435,9.313799080344413
5784,6156,508.41,8440,2020-05-01,0,2,0,True,False,False,False,False,False,True,False,False,True,False,False,18,0,0.36363636363636365,11089.0,102110.95,4432.0,74310.19,12742.0,106127.81,3362.4488595863168,11374.166666666666,4958.174963297151,372,1.4589455488331893,11.15780702333876,8.663023639627777
7893,8803,835.87,5470,2020-06-01,0,2,1,True,False,False,False,False,False,True,False,False,False,True,False,23,0,0.45454545454545453,5784.0,70108.04,6935.0,90385.53,16654.0,92470.13,2790.5657132560036,10214.5,5370.801234452827,910,0.6929313402584241,11.135933084100717,8.973858256222792
10661,12155,567.7,6638,2020-07-01,0,2,1,True,False,False,False,False,False,True,False,False,False,True,False,27,0,0.5454545454545454,7893.0,68591.13,11089.0,102110.95,16393.0,86274.4,2670.9961312838554,8754.333333333334,4367.086244473154,1494,0.6225848808853873,11.594025797776466,9.274441297382706
14744,15429,1470.71,14078,2020-08-01,0,2,1,True,False,False,False,False,False,True,False,False,False,True,False,31,0,0.6363636363636364,10661.0,108446.97,5784.0,70108.04,4432.0,74310.19,2445.9093060318737,7799.0,2652.070511883111,685,0.9547643268904713,10.933224819915536,9.598659321249377
19989,21667,1034.43,5116,2020-09-01,0,2,2,True,False,False,False,False,False,True,False,False,False,False,True,36,0,0.7272727272727273,14744.0,56005.6,7893.0,68591.13,6935.0,90385.53,3446.4695462651807,9517.666666666666,3296.6903201038845,1678,0.25592796398199097,11.33915940531489,9.902987427494446
9818,10354,490.41,8163,2020-10-01,0,2,1,True,False,False,False,False,False,True,False,False,False,True,False,40,1,0.8181818181818182,19989.0,84048.35,10661.0,108446.97,11089.0,102110.95,4676.047084165569,11693.333333333334,5077.76205297833,536,0.8313473877176902,11.459082079757904,9.19207456316929
10737,11658,686.09,5601,2020-11-01,0,2,1,True,False,False,False,False,False,True,False,False,False,True,False,44,1,0.9090909090909091,9818.0,94757.05,14744.0,56005.6,5784.0,70108.04,5086.333682853821,11481.5,5134.213737272732,921,0.5216055131309368,11.268524696456703,9.281544130982514
12576,13358,656.47,14165,2020-12-01,0,2,0,True,False,False,False,False,False,True,False,False,True,False,False,49,1,1.0,10737.0,78316.37,19989.0,84048.35,7893.0,68591.13,5625.734115058524,12307.0,4377.323977043515,782,1.1262622246958733,11.196664889626447,9.439625028047155
6231,7073,314.98,8380,2021-01-01,0,2,1,True,False,False,False,False,False,True,False,False,False,True,False,53,0,0.0,12576.0,72885.95,9818.0,94757.05,10661.0,108446.97,1404.3412453293947,13087.5,3814.1502199048314,842,1.3446726572528884,11.261949150950825,8.737452587550584
11057,11975,683.32,11978,2021-02-01,0,2,2,True,False,False,False,False,False,True,False,False,False,False,True,5,0,0.09090909090909091,6231.0,77803.08,10737.0,78316.37,14744.0,56005.6,3264.5822091042496,12349.166666666666,4703.011435948963,918,1.0831976849339844,11.654071666208159,9.310909426897878
16317,17422,876.22,7031,2021-03-01,0,2,0,True,False,False,False,False,False,True,False,False,True,False,False,9,0,0.18181818181818182,11057.0,115158.3,12576.0,72885.95,19989.0,84048.35,3313.021330045027,11734.666666666666,4566.4075449599,1105,0.43087388160313767,11.607981976239774,9.700024071988745
7580,8514,394.54,7046,2021-04-01,0,2,1,True,False,False,False,False,False,True,False,False,False,True,False,13,0,0.2727272727272727,16317.0,109971.1,6231.0,77803.08,9818.0,94757.05,5044.5560095347655,11122.666666666666,3312.910663852361,934,0.9294288352460097,11.550688770466868,8.933400396056303
9541,9929,811.46,14676,2021-05-01,0,2,2,True,False,False,False,False,False,True,False,False,False,False,True,17,0,0.36363636363636365,7580.0,103847.54,11057.0,115158.3,10737.0,78316.37,4398.7175782645245,10749.666666666666,3602.5114387974786,388,1.5380423391322573,11.606949909480152,9.163458386076051
5451,5887,272.28,14316,2021-06-01,0,2,1,True,False,False,False,False,False,True,False,False,False,True,False,22,0,0.45454545454545453,9541.0,109857.66,16317.0,109971.1,12576.0,72885.95,4584.300491896227,10550.333333333334,3636.282588945292,436,2.6258253851797506,11.586799524054136,8.603737792816423
14261,14799,1488.85,12522,2021-07-01,0,2,2,True,False,False,False,False,False,True,False,False,False,False,True,26,0,0.5454545454545454,5451.0,107666.12,7580.0,103847.54,6231.0,77803.08,2045.5749802928244,9362.833333333334,3988.77657517523,538,0.8779974758098443,11.684127596119271,9.565353936588249
8848,9157,917.1,12163,2021-08-01,0,2,0,True,False,False,False,False,False,True,False,False,True,False,False,30,0,0.6363636363636364,14261.0,118672.06,9541.0,109857.66,11057.0,115158.3,4408.752658065543,10701.166666666666,4074.0282972344066,309,1.3745055938524127,11.311261320645572,9.08805973726735
13332,15323,935.91,9242,2021-09-01,0,2,2,True,False,False,False,False,False,True,False,False,False,False,True,35,0,0.7272727272727273,8848.0,81735.94,5451.0,107666.12,16317.0,109971.1,4443.2772814669115,10333.0,4134.80016445777,1991,0.6931673291832295,11.122655474102574,9.497997444115459
3157,3343,267.08,6222,2021-10-01,0,2,2,True,False,False,False,False,False,True,False,False,False,False,True,39,1,0.8181818181818182,13332.0,67686.41,14261.0,118672.06,7580.0,103847.54,2894.531222840754,9835.5,3381.8210922519224,186,1.9702343255224826,11.253435565554677,8.057694194815587
4017,4053,274.76,11519,2021-11-01,0,2,1,True,False,False,False,False,False,True,False,False,False,True,False,44,1,0.9090909090909091,3157.0,77143.5,8848.0,81735.94,9541.0,109857.66,5099.417646489972,9098.333333333334,4322.919461043269,36,2.8668491786958685,11.195282067942323,8.29853954537488
14275,15487,1008.53,11786,2021-12-01,0,2,1,True,False,False,False,False,False,True,False,False,False,True,False,48,1,1.0,4017.0,72785.23,13332.0,67686.41,5451.0,107666.12,5642.686269263366,8177.666666666667,4774.44018358871,1212,0.8255813953488372,11.326884278924663,9.566335084610051
7476,7781,402.58,8926,2022-01-01,0,2,0,True,False,False,False,False,False,True,False,False,True,False,False,52,0,0.0,14275.0,83022.94,3157.0,77143.5,14261.0,118672.06,6185.683578500708,9648.333333333334,5113.5505342830675,305,1.1937943025277518,11.591976635078979,8.919586920999915
6882,7233,698.87,9179,2022-02-01,0,2,1,True,False,False,False,False,False,True,False,False,False,True,False,5,0,0.09090909090909091,7476.0,108224.97,4017.0,72785.23,8848.0,81735.94,5218.838408432793,8517.5,4615.444279806651,351,1.3335754758099665,11.330932974028167,8.836809882398365
17591,18945,1786.37,4034,2022-03-01,0,2,1,True,False,False,False,False,False,True,False,False,False,True,False,9,0,0.18181818181818182,6882.0,83359.76,14275.0,83022.94,13332.0,67686.41,4107.6287969257055,8189.833333333333,4656.888807633976,1354,0.2293087767166894,11.617721601396052,9.775199532234597
12876,14702,670.2,8716,2022-04-01,0,2,2,True,False,False,False,False,False,True,False,False,False,False,True,13,0,0.2727272727272727,17591.0,111047.42,7476.0,108224.97,3157.0,77143.5,6018.703376420317,8899.666666666666,5785.325286158646,1826,0.6768657295954027,11.302285911816622,9.463198053273784
9853,11104,650.3,4667,2022-05-01,0,2,1,True,False,False,False,False,False,True,False,False,False,True,False,17,0,0.36363636363636365,12876.0,81005.6,6882.0,83359.76,4017.0,72785.23,5367.214392339225,10519.5,5185.359958575683,1251,0.4736147757255937,11.354663344743253,9.195632743103909
2823,2893,284.98,9417,2022-06-01,0,2,2,True,False,False,False,False,False,True,False,False,False,False,True,22,0,0.45454545454545453,9853.0,85361.6,17591.0,111047.42,14275.0,83022.94,3899.709348143779,11492.166666666666,4169.532895501209,70,3.3346317280453257,11.270894157737368,7.945909598613133
13013,13750,648.05,10307,2022-07-01,0,2,0,True,False,False,False,False,False,True,False,False,True,False,False,26,0,0.5454545454545454,2823.0,78502.16,12876.0,81005.6,7476.0,108224.97,5157.878084380566,9583.5,5147.373339869567,737,0.7919932380513294,11.32004811126552,9.47378098005493
9887,10191,519.07,5955,2022-08-01,0,2,0,True,False,False,False,False,False,True,False,False,True,False,False,31,0,0.6363636363636364,13013.0,82457.31,9853.0,85361.6,6882.0,83359.76,5216.04256117605,10506.333333333334,5190.133858260948,304,0.602245145631068,11.52886711888031,9.199077179697472
12998,13364,657.05,5717,2022-09-01,0,2,0,True,False,False,False,False,False,True,False,False,True,False,False,35,0,0.7272727272727273,9887.0,101605.94,2823.0,78502.16,17591.0,111047.42,5220.282112427771,11007.166666666666,4907.753556024048,366,0.4398030617739826,11.609848797489244,9.47262771040802
10216,11129,1043.56,7236,2022-10-01,0,2,2,True,False,False,False,False,False,True,False,False,False,False,True,39,1,0.8181818181818182,12998.0,110176.59,13013.0,82457.31,12876.0,81005.6,1800.482435348922,10241.666666666666,3937.787178945387,913,0.7082313790740922,11.317251520484724,9.231808278591423
12632,13778,1309.31,4102,2022-11-01,0,2,1,True,False,False,False,False,False,True,False,False,False,True,False,44,1,0.9090909090909091,10216.0,82227.03,9887.0,101605.94,9853.0,85361.6,1709.097520135503,9798.333333333334,3725.923223399358,1146,0.3247051373387161,11.440218741378253,9.444067716830038
15242,15254,1627.85,13741,2022-12-01,0,2,1,True,False,False,False,False,False,True,False,False,False,True,False,48,1,1.0,12632.0,92986.35,12998.0,110176.59,2823.0,78502.16,1511.6511943346316,10261.5,3902.615981620534,12,0.9014629666076232,11.68639134239474,9.63187566026184
11307,12268,700.47,8631,2023-01-01,0,2,0,True,False,False,False,False,False,True,False,False,True,False,False,52,0,0.0,15242.0,118941.01,10216.0,82227.03,13013.0,82457.31,2513.6239442950314,12331.333333333334,1996.0408479454343,961,0.76326494517156,11.393478082556848,9.33326571881348
7884,8529,555.82,6818,2023-02-01,0,2,2,True,False,False,False,False,False,True,False,False,False,False,True,5,0,0.09090909090909091,11307.0,88740.07,12632.0,92986.35,9887.0,101605.94,2002.1634132441109,12047.0,2001.0203397267237,645,0.8646797717184528,11.081857892982514,8.972717499397138
9433,10123,488.16,8851,2023-03-01,0,2,2,True,False,False,False,False,False,True,False,False,False,False,True,9,0,0.18181818181818182,7884.0,64980.5,15242.0,118941.01,12998.0,110176.59,3681.967725732169,11713.166666666666,2530.482674642668,690,0.9382022471910112,11.651996734102918,9.152075463844207
9304,9655,460.55,9287,2023-04-01,0,2,1,True,False,False,False,False,False,True,False,False,False,True,False,13,0,0.2727272727272727,9433.0,114919.6,11307.0,88740.07,10216.0,82227.03,1714.0695240664359,11119.0,2586.3824929812736,351,0.9980655561526062,11.237480347975866,9.13830716907635
10226,11530,685.65,10083,2023-05-01,0,2,2,True,False,False,False,False,False,True,False,False,False,False,True,18,0,0.36363636363636365,9304.0,75922.41,7884.0,64980.5,12632.0,92986.35,859.500048477801,10967.0,2675.334147354312,1304,0.9859196245233206,11.294595061851975,9.232786560806012
7800,7816,568.62,10369,2023-06-01,0,2,1,True,False,False,False,False,False,True,False,False,False,True,False,22,0,0.45454545454545453,10226.0,80384.98,9433.0,114919.6,15242.0,118941.01,499.26178837693584,10566.0,2553.394368287048,16,1.329188565568517,11.552409412705016,8.962007209588313
7598,8691,406.87,11481,2023-07-01,0,2,0,True,False,False,False,False,False,True,False,False,True,False,False,26,0,0.5454545454545454,7800.0,104026.38,9304.0,75922.41,11307.0,88740.07,1224.5799279753062,9325.666666666666,1353.0952171472068,1093,1.5108566916699566,11.352395145112263,8.935771938669784
7201,7619,372.65,11334,2023-08-01,0,2,1,True,False,False,False,False,False,True,False,False,False,True,False,31,0,0.6363636363636364,7598.0,85168.2,10226.0,80384.98,7884.0,64980.5,1462.4559252617987,8707.5,1088.182291714014,418,1.573729519577895,11.429708842420174,8.882114044208821
11539,12682,614.45,8763,2023-09-01,0,2,2,True,False,False,False,False,False,True,False,False,False,False,True,35,0,0.7272727272727273,7201.0,92014.18,7800.0,104026.38,9433.0,114919.6,304.744154989095,8593.666666666666,1219.3724068825843,1143,0.7593587521663778,11.440634302955486,9.353574540062091
9602,10279,505.55,12915,2023-10-01,0,2,2,True,False,False,False,False,False,True,False,False,False,False,True,39,1,0.8181818181818182,11539.0,93025.0,7598.0,85168.2,9304.0,75922.41,2398.170622231317,8944.666666666666,1712.6381598769299,677,1.344892221180881,11.184660674924741,9.169830828637973
12065,12297,642.46,6925,2023-11-01,0,2,1,True,False,False,False,False,False,True,False,False,False,True,False,44,1,0.9090909090909091,9602.0,72016.23,7201.0,92014.18,10226.0,80384.98,2173.13191806971,8994.333333333334,1729.3821632787353,232,0.5739267362837726,11.135517935744108,9.398146859000708
5649,6211,580.43,5372,2023-12-01,0,2,0,True,False,False,False,False,False,True,False,False,True,False,False,48,1,1.0,12065.0,68562.66,11539.0,93025.0,7800.0,104026.38,1297.1130765408718,9300.833333333334,2111.973050648764,562,0.9507964601769912,11.08190667490785,8.639410824140487
9189,10346,577.53,9973,2024-01-01,0,2,0,True,False,False,False,False,False,True,False,False,True,False,False,1,0,0.0,5649.0,64983.67,9602.0,72016.23,7598.0,85168.2,3236.707020002481,8942.333333333334,2553.993082736646,1157,1.0852013057671381,11.422111302913853,9.125871215349733
4948,4979,329.54,7578,2024-02-01,0,2,0,True,False,False,False,False,False,True,False,False,True,False,False,5,0,0.09090909090909091,9189.0,91317.74,12065.0,68562.66,7201.0,92014.18,3213.72141501614,9207.5,2467.635933439124,31,1.5312184279652454,11.428212970796181,8.506940814951886
9135,9417,755.01,12429,2024-03-01,0,2,0,True,False,False,False,False,False,True,False,False,True,False,False,9,0,0.18181818181818182,4948.0,91876.64,5649.0,64983.67,11539.0,93025.0,2273.3632207224086,8832.0,2956.9386872236573,282,1.3604422066549913,11.677494117350049,9.119977931895791
6656,6776,430.31,9865,2024-04-01,0,2,0,True,False,False,False,False,False,True,False,False,True,False,False,14,0,0.2727272727272727,9135.0,117887.45,9189.0,91317.74,9602.0,72016.23,2433.1038476261856,8431.333333333334,2665.2650649919647,120,1.4818987531921286,11.613016380642264,8.803424211600703
10131,10941,879.88,12340,2024-05-01,0,2,1,True,False,False,False,False,False,True,False,False,False,True,False,18,0,0.36363636363636365,6656.0,110526.14,4948.0,91876.64,12065.0,68562.66,2105.2978411616787,7940.333333333333,2677.7995195060084,810,1.2179234109751282,10.95090355965465,9.223454011121566
9860,9994,680.34,13314,2024-06-01,0,2,0,True,False,False,False,False,False,True,False,False,True,False,False,22,0,0.45454545454545453,10131.0,57004.53,9135.0,117887.45,5649.0,64983.67,1789.463699920549,7618.0,2145.4977977150047,134,1.3501673258290234,10.985743638159436,9.19634286233233
6295,6909,415.47,9118,2024-07-01,0,2,0,True,False,False,False,False,False,True,False,False,True,False,False,27,0,0.5454545454545454,9860.0,59025.61,6656.0,110526.14,9189.0,91317.74,1932.8166838407979,8319.833333333334,2059.6109745936537,614,1.4482210927573063,11.542393292199886,8.74766979009724
15865,17167,809.11,10368,2024-08-01,0,2,0,True,False,False,False,False,False,True,False,False,True,False,False,31,0,0.6363636363636364,6295.0,102989.63,10131.0,57004.53,4948.0,91876.64,2140.7771953194956,7837.5,2152.143745199177,1302,0.653472834993067,11.100183595335194,9.671933733861948
10748,11279,709.37,10217,2024-09-01,0,2,2,True,False,False,False,False,False,True,False,False,False,False,True,35,0,0.7272727272727273,15865.0,66182.31,9860.0,59025.61,9135.0,117887.45,4836.564724402366,9657.0,3446.351055827016,531,0.9505070239092008,11.256141362399523,9.282568005973063
10792,10895,764.07,13810,2024-10-01,0,2,1,True,False,False,False,False,False,True,False,False,False,True,False,40,1,0.8181818181818182,10748.0,77352.52,6295.0,102989.63,6656.0,110526.14,4788.837680829591,9925.833333333334,3460.371275841172,103,1.2795330306680255,11.513216622579737,9.286653054825347
6687,7081,675.05,12514,2024-11-01,0,2,0,True,False,False,False,False,False,True,False,False,True,False,False,44,1,0.9090909090909091,10792.0,100028.12,15865.0,66182.31,10131.0,57004.53,2941.6818885347407,10615.166666666666,3068.4914480354473,394,1.8711124401913874,10.905781102975805,8.808070154764538
10239,11592,1048.99,8109,2024-12-01,0,2,0,True,False,False,False,False,False,True,False,False,True,False,False,48,1,1.0,6687.0,54489.47,10748.0,77352.52,9860.0,59025.61,2357.4238057676444,10041.166666666666,3472.676743762175,1353,0.79189453125,11.458574236707118,9.234056898593499
13061,13356,875.74,4643,2025-01-01,0,2,1,True,False,False,False,False,False,True,False,False,False,True,False,1,0,0.0,10239.0,94708.94,10792.0,100028.12,6295.0,102989.63,2227.6122493228795,10104.333333333334,3472.169216306525,295,0.355458582146685,11.59466617637298,9.477462530462603
7214,7818,473.96,3633,2025-02-01,0,2,0,True,False,False,False,False,False,True,False,False,True,False,False,5,0,0.09090909090909091,13061.0,108516.44,6687.0,54489.47,15865.0,66182.31,3193.9595071530466,11232.0,3062.0535592964443,604,0.5035343035343035,10.897928248127409,8.88391747120797
8661,8711,631.39,10154,2025-03-01,0,2,1,True,False,False,False,False,False,True,False,False,False,True,False,9,0,0.18181818181818182,7214.0,54063.24,10239.0,94708.94,10748.0,77352.52,2924.087264999683,9790.166666666666,2411.9367667222655,50,1.1722465943200184,11.602275372132132,9.066700921774572
8531,9254,900.87,5172,2025-04-01,0,2,1,True,False,False,False,False,False,True,False,False,False,True,False,14,0,0.2727272727272727,8661.0,109345.32,13061.0,108516.44,10792.0,100028.12,3045.2481562810826,9442.333333333334,2396.6159197223587,723,0.6061884669479606,11.457543190507524,9.05157907959124
10564,10708,917.48,9264,2025-05-01,0,2,2,True,False,False,False,False,False,True,False,False,False,False,True,18,0,0.36363636363636365,8531.0,94611.34,7214.0,54063.24,6687.0,54489.47,800.5412752215485,9065.5,2318.4368656489164,144,0.8768575485092286,11.296663059176739,9.265301930050157
11262,12586,964.59,5808,2025-06-01,0,2,0,True,False,False,False,False,False,True,False,False,True,False,False,22,0,0.45454545454545453,10564.0,80551.39,8661.0,109345.32,10239.0,94708.94,1138.0830373922645,9711.666666666666,2047.3787794804011,1324,0.5156707804315014,11.633418514109579,9.329278296047697
8354,8972,709.25,14531,2025-07-01,0,2,1,True,False,False,False,False,False,True,False,False,False,True,False,27,0,0.5454545454545454,11262.0,112804.29,8531.0,94611.34,13061.0,108516.44,1418.8407239715093,9882.166666666666,2140.5527712875155,618,1.7391980849790545,11.166490484618809,9.030615441029495
11848,12443,1263.59,8227,2025-08-01,0,2,0,True,False,False,False,False,False,True,False,False,True,False,False,31,0,0.6363636363636364,8354.0,70719.48,10564.0,80551.39,7214.0,54063.24,1518.1001284500298,9097.666666666666,1513.1094694920923,595,0.6943201957971137,11.556934790549814,9.37999875481674
7957,8516,395.07,13669,2025-09-01,0,2,2,True,False,False,False,False,False,True,False,False,False,False,True,36,0,0.7272727272727273,11848.0,104498.21,11262.0,112804.29,8661.0,109345.32,1871.1803761262554,9870.0,1541.729029369297,559,1.7176426237748177,11.618801267844791,8.981932990986873
13514,14567,695.3,5900,2025-10-01,0,2,0,True,False,False,False,False,False,True,False,False,True,False,False,40,1,0.8181818181818182,7957.0,111167.38,8354.0,70719.48,8531.0,94611.34,2141.0871848977417,9752.666666666666,1673.3157103985664,1053,0.43655197928227896,11.489930904872354,9.511555458710548
9181,9523,924.07,9897,2025-11-01,0,2,0,True,False,False,False,False,False,True,False,False,True,False,False,44,1,0.9090909090909091,13514.0,97725.78,11848.0,104498.21,10564.0,80551.39,2851.773892392825,10583.166666666666,2122.107670846765,342,1.0778697451535613,11.10373979414432,9.125000324809168
12747,12885,826.01,7899,2025-12-01,0,2,2,True,False,False,False,False,False,True,False,False,False,False,True,49,1,1.0,9181.0,66418.09,7957.0,111167.38,11262.0,112804.29,2919.8548479904493,10352.666666666666,2198.346075272653,138,0.6196266080953875,11.620101331880436,9.453129675537227
12251,12593,841.64,13761,2015-07-01,1,2,0,False,True,False,False,False,False,True,False,False,True,False,False,27,0,0.5454545454545454,15474.0,91294.24,10522.0,61405.41,4350.0,53251.53,3246.884250067029,9737.5,3903.3565940098274,342,1.1231635651322234,11.155645480888762,9.413444467952665
6575,6912,328.42,13157,2015-08-01,1,2,0,False,True,False,False,False,False,True,False,False,True,False,False,31,0,0.6363636363636364,12251.0,69956.66,9360.0,58317.25,6790.0,118024.75,3058.501975368552,11054.333333333334,2934.9340480948918,337,2.0007603406326036,11.58514388876561,8.791181936736017
1706,1801,148.93,7904,2015-09-01,1,2,0,False,True,False,False,False,False,True,False,False,True,False,False,36,0,0.7272727272727273,6575.0,107488.01,15474.0,91294.24,11929.0,114982.3,4505.494904373251,11018.5,2998.045146424583,95,4.630345635618044,11.14118227740504,7.442492722794441
20529,20625,2140.15,3617,2015-10-01,1,2,0,False,True,False,False,False,False,True,False,False,True,False,False,40,1,0.8181818181818182,1706.0,68952.13,12251.0,69956.66,10522.0,61405.41,5277.644076669059,9314.666666666666,4762.703671935371,96,0.17618119824646858,11.132535530413,9.929642510012979
10936,12225,702.09,13549,2015-11-01,1,2,1,False,True,False,False,False,False,True,False,False,False,True,False,44,1,0.9090909090909091,20529.0,68358.48,6575.0,107488.01,9360.0,58317.25,9770.078522372956,10982.5,6648.764419048099,1289,1.2388223461643961,10.937734993873386,9.299906815335225
11116,12262,565.25,11498,2015-12-01,1,2,2,False,True,False,False,False,False,True,False,False,False,False,True,49,1,1.0,10936.0,56258.77,1706.0,68952.13,15474.0,91294.24,9412.083350672157,11245.166666666666,6602.818107949564,1146,1.0342718359269587,10.910525159066232,9.316230747233615
8875,9097,635.01,11477,2016-01-01,1,2,2,False,True,False,False,False,False,True,False,False,False,False,True,53,0,0.0,11116.0,54748.59,20529.0,68358.48,12251.0,69956.66,5487.2977259606905,10518.833333333334,6276.21425436279,222,1.2930374042361423,10.95641796629475,9.091106284052485
8024,8225,796.78,11836,2016-02-01,1,2,2,False,True,False,False,False,False,True,False,False,False,False,True,5,0,0.09090909090909091,8875.0,57319.75,10936.0,56258.77,6575.0,107488.01,1245.1373418221795,9956.166666666666,6241.098474360637,201,1.4748909657320872,11.030595781073005,8.990316947998217
8700,9196,452.83,9403,2016-03-01,1,2,2,False,True,False,False,False,False,True,False,False,False,False,True,9,0,0.18181818181818182,8024.0,61733.35,11116.0,54748.59,1706.0,68952.13,1597.2239458927884,10197.666666666666,6110.770775169583,496,1.0806803815653374,11.263419842670146,9.071193240566025
6920,7833,489.94,6892,2016-04-01,1,2,0,False,True,False,False,False,False,True,False,False,True,False,False,13,0,0.2727272727272727,8700.0,77917.59,8875.0,57319.75,20529.0,68358.48,449.40738756721487,11363.333333333334,4662.39267615531,913,0.9958098540673314,11.467534925522605,8.842315546841863
14875,15004,1010.76,11340,2016-05-01,1,2,2,False,True,False,False,False,False,True,False,False,False,False,True,17,0,0.36363636363636365,6920.0,95561.42,8024.0,61733.35,10936.0,56258.77,898.5351041185413,9095.166666666666,1646.5608299320922,129,0.7623016940037645,11.69225622043997,9.60750445504496
6972,7615,729.97,9363,2016-06-01,1,2,2,False,True,False,False,False,False,True,False,False,False,False,True,22,0,0.45454545454545453,14875.0,119640.64,8700.0,77917.59,11116.0,54748.59,4174.946107436598,9751.666666666666,2863.13343500904,643,1.3427506094937616,11.554310756808755,8.84980082722101
15050,16500,1304.83,9737,2016-07-01,1,2,0,False,True,False,False,False,False,True,False,False,True,False,False,26,0,0.5454545454545454,6972.0,104224.36,6920.0,95561.42,8875.0,57319.75,4577.884118236284,9061.0,2966.165335917739,1450,0.6469337585542488,10.906703407680167,9.619199713152362
7883,8117,555.75,14664,2016-08-01,1,2,1,False,True,False,False,False,False,True,False,False,False,True,False,31,0,0.6363636363636364,15050.0,54539.75,14875.0,119640.64,8024.0,61733.35,4614.147050105795,10090.166666666666,3833.2520092822842,234,1.8599695585996956,11.402821717955208,8.97259066827261
20358,20930,1801.68,9489,2016-09-01,1,2,0,False,True,False,False,False,False,True,False,False,True,False,False,35,0,0.7272727272727273,7883.0,89573.12,6972.0,104224.36,8700.0,77917.59,4424.36236460502,10066.666666666666,3848.8525909245564,572,0.4660837958642369,11.608902604125891,9.921278353544677
16842,18849,1753.25,14945,2016-10-01,1,2,0,False,True,False,False,False,False,True,False,False,True,False,False,39,1,0.8181818181818182,20358.0,110072.39,15050.0,54539.75,6920.0,95561.42,6260.542814591508,12009.666666666666,5576.030870311487,2007,0.887312236537434,10.867194552836082,9.731690419198387
6051,6905,317.68,7343,2016-11-01,1,2,2,False,True,False,False,False,False,True,False,False,False,False,True,44,1,0.9090909090909091,16842.0,52426.92,7883.0,89573.12,14875.0,119640.64,6432.360401387144,13663.333333333334,5224.9336710303505,854,1.2133179114342365,11.48041353353185,8.708144074908246
10571,11269,730.98,5335,2016-12-01,1,2,0,False,True,False,False,False,False,True,False,False,True,False,False,48,1,1.0,6051.0,96800.09,20358.0,110072.39,6972.0,104224.36,7455.402806019271,12192.666666666666,6000.032988798202,698,0.5046348846008324,11.172746988720014,9.26596427572418
6472,6810,572.77,14372,2017-01-01,1,2,0,False,True,False,False,False,False,True,False,False,True,False,False,52,0,0.0,10571.0,71163.33,16842.0,52426.92,15050.0,54539.75,5419.1254214433275,12792.5,5535.659337423142,338,2.2202997064730416,10.964239948381492,8.77539495854551
815,908,86.68,13204,2017-02-01,1,2,0,False,True,False,False,False,False,True,False,False,True,False,False,5,0,0.09090909090909091,6472.0,57769.87,6051.0,96800.09,7883.0,89573.12,2496.979575407044,11362.833333333334,5929.694002785193,93,16.181372549019606,11.279179784178272,6.704414354964107
5939,6357,391.08,3746,2017-03-01,1,2,2,False,True,False,False,False,False,True,False,False,False,False,True,9,0,0.18181818181818182,815.0,79155.31,10571.0,71163.33,20358.0,110072.39,4898.690062999827,10184.833333333334,7302.435194280513,418,0.6306397306397307,11.62902601938182,8.68946441235669
6184,6988,553.78,9979,2017-04-01,1,2,2,False,True,False,False,False,False,True,False,False,False,False,True,13,0,0.2727272727272727,5939.0,112309.88,6472.0,57769.87,16842.0,52426.92,3123.5960579647995,7781.666666666667,5413.1380794015095,804,1.613419563459984,11.15302403580731,8.729882284826589
5599,6209,410.69,8955,2017-05-01,1,2,0,False,True,False,False,False,False,True,False,False,True,False,False,18,0,0.36363636363636365,6184.0,69773.51,815.0,79155.31,6051.0,96800.09,3031.544215962095,6005.333333333333,3099.711513458416,610,1.5991071428571428,11.40027287106192,8.630521876723241
15361,15939,1347.93,10320,2017-06-01,1,2,1,False,True,False,False,False,False,True,False,False,False,True,False,22,0,0.45454545454545453,5599.0,89345.1,5939.0,112309.88,10571.0,71163.33,293.7827995871324,5930.0,3103.869456017762,578,0.6717875276656685,11.485788978551406,9.639652206558628
2321,2587,243.36,6122,2017-07-01,1,2,1,False,True,False,False,False,False,True,False,False,False,True,False,26,0,0.5454545454545454,15361.0,97321.84,6184.0,69773.51,6472.0,57769.87,5475.037260147181,6728.333333333333,4727.59751529957,266,2.636520241171404,11.273118471458407,7.7501841622578365
13987,15741,931.53,8821,2017-08-01,1,2,2,False,True,False,False,False,False,True,False,False,False,False,True,31,0,0.6363636363636364,2321.0,78676.97,5599.0,89345.1,815.0,79155.31,6783.356199797654,6036.5,5064.345396988637,1754,0.6306119531026594,11.585229289198805,9.545955098183267
6206,6964,410.53,5252,2017-09-01,1,2,1,False,True,False,False,False,False,True,False,False,False,True,False,35,0,0.7272727272727273,13987.0,107497.19,15361.0,97321.84,5939.0,112309.88,7165.019562662288,8231.833333333334,5201.296546695512,758,0.8461414531980023,11.556586018965918,8.733432966413652
13415,14397,672.09,9871,2017-10-01,1,2,2,False,True,False,False,False,False,True,False,False,False,False,True,39,1,0.8181818181818182,6206.0,104461.77,2321.0,78676.97,6184.0,69773.51,5940.436880679169,8276.333333333334,5178.850515960725,982,0.7357632677400119,11.266169061664304,9.504203303503045
16816,17842,1082.11,12149,2017-11-01,1,2,0,False,True,False,False,False,False,True,False,False,True,False,False,44,1,0.9090909090909091,13415.0,78132.1,13987.0,107497.19,5599.0,89345.1,4336.68125798211,9481.5,5429.842345777637,1026,0.7224237378842837,11.197903986926459,9.73014555852275
13031,13160,691.95,9296,2017-12-01,1,2,2,False,True,False,False,False,False,True,False,False,False,False,True,48,1,1.0,16816.0,72976.32,6206.0,104461.77,15361.0,97321.84,5417.696035524077,11351.0,5747.46625914411,129,0.7133210558624923,10.846262072375644,9.475163150281881
19646,21398,1332.0,10904,2018-01-01,1,2,1,False,True,False,False,False,False,True,False,False,False,True,False,1,0,0.0,13031.0,51340.88,13415.0,78132.1,2321.0,78676.97,2083.2859461277367,10962.666666666666,5495.531372548669,1752,0.5549956736397414,11.529995637018276,9.885679933886163
16810,18654,1404.48,12995,2018-02-01,1,2,2,False,True,False,False,False,False,True,False,False,False,False,True,5,0,0.09090909090909091,19646.0,101720.67,16816.0,72976.32,13987.0,107497.19,3318.9694685750533,13850.166666666666,4509.994741312528,1844,0.7730057700315269,11.587234938249805,9.72978871303306
8500,9229,562.27,4846,2018-03-01,1,2,1,False,True,False,False,False,False,True,False,False,False,True,False,9,0,0.18181818181818182,16810.0,107713.01,13031.0,51340.88,6206.0,104461.77,3318.683524130219,14320.666666666666,4671.486515732081,729,0.5700505822844372,11.574784712557806,9.04793908261736
17645,20199,1572.17,9922,2018-04-01,1,2,2,False,True,False,False,False,False,True,False,False,False,False,True,13,0,0.2727272727272727,8500.0,106380.26,19646.0,101720.67,13415.0,78132.1,5792.70103952667,14703.0,3905.616571042272,2554,0.5622804034908762,10.888000699171661,9.77826440778205
6070,6166,630.07,5804,2018-05-01,1,2,1,False,True,False,False,False,False,True,False,False,False,True,False,18,0,0.36363636363636365,17645.0,53529.17,16810.0,107713.01,16816.0,72976.32,5056.091210938876,15408.0,4007.0805831677503,96,0.9560204249711745,11.418528408142198,8.711278615130434
128,143,8.66,14790,2018-06-01,1,2,2,False,True,False,False,False,False,True,False,False,False,False,True,22,0,0.45454545454545453,6070.0,90991.14,8500.0,106380.26,13031.0,51340.88,6103.503775155161,13617.0,5408.385489219494,15,114.65116279069767,11.665975253324495,4.859812404361672
12659,12998,664.6,9563,2018-07-01,1,2,0,False,True,False,False,False,False,True,False,False,True,False,False,26,0,0.5454545454545454,128.0,116537.3,17645.0,53529.17,19646.0,101720.67,8908.173007600002,11466.5,7747.451084066292,339,0.7553712480252764,11.569560775348748,9.446202695698167
15247,15861,1541.47,6676,2018-08-01,1,2,2,False,True,False,False,False,False,True,False,False,False,False,True,31,0,0.6363636363636364,12659.0,105825.98,6070.0,90991.14,16810.0,107713.01,6268.283204620962,10302.0,6730.474960951862,614,0.43782791185729275,11.065170410427415,9.632203625893982
1654,1853,82.87,14428,2018-09-01,1,2,0,False,True,False,False,False,False,True,False,False,True,False,False,35,0,0.7272727272727273,15247.0,63905.12,128.0,116537.3,8500.0,106380.26,8086.077190661321,10041.5,6452.724471105207,199,8.717824773413897,11.61096156244643,7.411556287811163
10672,11272,1125.36,4327,2018-10-01,1,2,2,False,True,False,False,False,False,True,False,False,False,False,True,40,1,0.8181818181818182,1654.0,110299.26,12659.0,105825.98,17645.0,53529.17,7217.772255573966,8900.5,7325.993632265863,600,0.40541553452637497,11.445654039515903,9.275472466913964
9505,10593,511.84,7579,2018-11-01,1,2,0,False,True,False,False,False,False,True,False,False,True,False,False,44,1,0.9090909090909091,10672.0,93493.14,15247.0,63905.12,6070.0,90991.14,6916.461017023082,7738.333333333333,6114.230243184062,1088,0.79728592467915,10.961430265623182,9.159678457173955
14006,15697,897.08,3615,2018-12-01,1,2,2,False,True,False,False,False,False,True,False,False,False,False,True,48,1,1.0,9505.0,57607.78,1654.0,110299.26,128.0,116537.3,4904.494775203652,8310.833333333334,6087.533077254418,1691,0.25808524309273934,11.600512992619853,9.547312483639047
16562,17052,832.24,4019,2019-01-01,1,2,2,False,True,False,False,False,False,True,False,False,False,False,True,1,0,0.0,14006.0,109152.78,10672.0,93493.14,12659.0,105825.98,2335.8241229453306,10623.833333333334,4871.686419163969,490,0.2426492785123468,11.574615025420526,9.714926570952155
14215,15529,989.36,8622,2019-02-01,1,2,0,False,True,False,False,False,False,True,False,False,True,False,False,5,0,0.09090909090909091,16562.0,106362.21,9505.0,57607.78,15247.0,63905.12,3572.892992147029,11274.333333333334,5426.742325434907,1314,0.6064997186268992,10.87472791624182,9.562123369834488
8090,8442,430.79,6658,2019-03-01,1,2,0,False,True,False,False,False,False,True,False,False,True,False,False,9,0,0.18181818181818182,14215.0,52823.37,14006.0,109152.78,1654.0,110299.26,1419.2266673556312,11102.333333333334,5290.285386126789,352,0.8228896304535904,11.324901439966034,8.99850761180784
12017,12889,1041.87,7104,2019-04-01,1,2,1,False,True,False,False,False,False,True,False,False,False,True,False,14,0,0.2727272727272727,8090.0,82858.48,16562.0,106362.21,10672.0,93493.14,4374.144068653129,12175.0,3250.694202781923,872,0.5911133300049926,11.567243275892926,9.394160804893874
14511,15227,1534.54,6649,2019-05-01,1,2,0,False,True,False,False,False,False,True,False,False,True,False,False,18,0,0.36363636363636365,12017.0,105581.01,14215.0,52823.37,9505.0,57607.78,3102.906110943952,12399.166666666666,3171.7350088976023,716,0.45817254685777287,11.498191754978466,9.582731172354919
14287,16241,885.08,7347,2019-06-01,1,2,1,False,True,False,False,False,False,True,False,False,False,True,False,22,0,0.45454545454545453,14511.0,98536.43,8090.0,82858.48,14006.0,109152.78,3237.040984191168,13233.5,2905.390903131628,1954,0.5142077267637178,11.298991252220416,9.567175303116281
3620,3891,181.36,10751,2019-07-01,1,2,1,False,True,False,False,False,False,True,False,False,False,True,False,27,0,0.5454545454545454,14287.0,80739.15,12017.0,105581.01,16562.0,106362.21,1379.8014349898401,13280.333333333334,2922.5477697835295,271,2.969069317867992,11.642425894166978,8.19450550976564
7717,8834,665.59,12541,2019-08-01,1,2,2,False,True,False,False,False,False,True,False,False,False,False,True,31,0,0.6363636363636364,3620.0,113824.96,14511.0,98536.43,14215.0,52823.37,6224.266302143569,11123.333333333334,4412.329029737772,1117,1.6249028245659498,11.644900647327445,8.951310542097564
9082,9942,757.44,7509,2019-09-01,1,2,0,False,True,False,False,False,False,True,False,False,True,False,False,35,0,0.7272727272727273,7717.0,114107.0,14287.0,80739.15,8090.0,82858.48,5381.06553884389,10040.333333333334,4297.6879210415755,860,0.8267092370362216,11.385169704084925,9.114159813502214
10077,11395,504.86,14548,2019-10-01,1,2,1,False,True,False,False,False,False,True,False,False,False,True,False,40,1,0.8181818181818182,9082.0,88005.83,3620.0,113824.96,12017.0,105581.01,2842.5949998783253,10205.666666666666,4226.1377008643085,1318,1.4435403849970232,11.439484931568161,9.218110109240543
6502,6982,545.19,14325,2019-11-01,1,2,1,False,True,False,False,False,False,True,False,False,False,True,False,44,1,0.9090909090909091,10077.0,92918.14,7717.0,114107.0,14511.0,98536.43,1184.824178236285,9882.333333333334,4133.026961763819,480,2.2028294633246195,10.928393916423767,8.780018887869153
5122,5430,338.82,12638,2019-12-01,1,2,1,False,True,False,False,False,False,True,False,False,False,True,False,48,1,1.0,6502.0,55735.69,9082.0,88005.83,14287.0,80739.15,1845.130979993909,8547.5,3597.804260934715,308,2.466913917626391,11.219234575683252,8.541495483939203
16543,17897,1029.8,5320,2020-01-01,1,2,0,False,True,False,False,False,False,True,False,False,True,False,False,1,0,0.0,5122.0,74549.69,10077.0,92918.14,3620.0,113824.96,2557.24624026183,7020.0,2429.5526337167466,1354,0.3215667311411992,11.227383367803794,9.713778777308155
11156,12741,942.12,10089,2020-02-01,1,2,2,False,True,False,False,False,False,True,False,False,False,False,True,5,0,0.09090909090909091,16543.0,75159.67,6502.0,55735.69,7717.0,114107.0,6233.850094444039,9173.833333333334,4020.1286256370768,1585,0.9042753428340952,11.549068562503823,9.31982238259318
8370,8464,878.85,13659,2020-03-01,1,2,0,False,True,False,False,False,False,True,False,False,True,False,False,9,0,0.18181818181818182,11156.0,103679.42,5122.0,74549.69,9082.0,88005.83,5713.553564405721,9747.0,4016.0346612050034,94,1.6317046947795961,11.120269616881872,9.032528630660057
14810,16490,957.47,13736,2020-04-01,1,2,2,False,True,False,False,False,False,True,False,False,False,False,True,14,0,0.2727272727272727,8370.0,67525.11,16543.0,75159.67,10077.0,92918.14,4154.906617482516,9628.333333333334,4049.989761303929,1680,0.9274188103436635,11.567322926442047,9.603125426926972
10841,12455,549.64,9694,2020-05-01,1,2,0,False,True,False,False,False,False,True,False,False,True,False,False,18,0,0.36363636363636365,14810.0,105589.42,11156.0,103679.42,6502.0,55735.69,3229.7345608166197,10417.166666666666,4580.980349954216,1614,0.8941154768492898,11.271536473314669,9.291182759820284
1288,1463,79.79,6924,2020-06-01,1,2,1,False,True,False,False,False,False,True,False,False,False,True,False,23,0,0.45454545454545453,10841.0,78552.6,8370.0,67525.11,5122.0,74549.69,3248.907559985867,11140.333333333334,4162.695985376142,175,5.3716058960434445,11.5587717764447,7.161622002939187
16546,17888,1451.91,14471,2020-07-01,1,2,2,False,True,False,False,False,False,True,False,False,False,False,True,27,0,0.5454545454545454,1288.0,104690.35,14810.0,105589.42,16543.0,75159.67,6950.506624220518,10501.333333333334,5385.877817651144,1342,0.8745391913942104,11.486705198610798,9.713960095491844
9894,11293,709.4,12342,2020-08-01,1,2,2,False,True,False,False,False,False,True,False,False,False,False,True,31,0,0.6363636363636364,16546.0,97411.05,10841.0,78552.6,11156.0,103679.42,7709.446564659054,10501.833333333334,5386.550971323548,1399,1.2472966144517432,11.366941199029348,9.199784858036667
3028,3350,220.74,8499,2020-09-01,1,2,2,False,True,False,False,False,False,True,False,False,False,False,True,36,0,0.7272727272727273,9894.0,86416.13,1288.0,104690.35,8370.0,67525.11,7649.824660299953,10291.5,5380.534239274013,322,2.80587652690657,10.890024796428134,8.015987811027237
5140,5634,528.13,13500,2020-10-01,1,2,0,False,True,False,False,False,False,True,False,False,True,False,False,40,1,0.8181818181818182,3028.0,53637.63,16546.0,97411.05,14810.0,105589.42,6759.282309042381,9401.166666666666,6149.160151326899,494,2.6259482590935614,10.852077212570654,8.545002892055505
15767,17014,820.67,4070,2020-11-01,1,2,2,False,True,False,False,False,False,True,False,False,False,False,True,44,1,0.9090909090909091,5140.0,51640.31,9894.0,86416.13,10841.0,78552.6,3516.698641244832,7789.5,5698.738448112879,1247,0.25811770674784373,11.266973646446223,9.665737848832556
14367,16245,1221.91,4658,2020-12-01,1,2,0,False,True,False,False,False,False,True,False,False,True,False,False,49,1,1.0,15767.0,78194.99,3028.0,53637.63,1288.0,104690.35,6827.344456912459,8610.5,6521.697746752757,1878,0.32419265033407574,11.305566307084211,9.57275879054198
16493,17525,1425.0,3890,2021-01-01,1,2,2,False,True,False,False,False,False,True,False,False,False,False,True,53,0,0.0,14367.0,81271.77,5140.0,51640.31,16546.0,97411.05,5773.945185053282,10790.333333333334,5721.38013652883,1032,0.23584333697101975,11.524345309618315,9.7107519573933
8908,9004,615.99,10115,2021-02-01,1,2,1,False,True,False,False,False,False,True,False,False,False,True,False,5,0,0.09090909090909091,16493.0,101147.53,15767.0,78194.99,9894.0,86416.13,1080.659675075072,10781.5,5710.747648075511,96,1.135368728252329,11.623378233074623,9.094817280720644
8512,9440,914.19,4974,2021-03-01,1,2,1,False,True,False,False,False,False,True,False,False,False,True,False,9,0,0.18181818181818182,8908.0,111677.36,14367.0,81271.77,3028.0,53637.63,3912.6457800317185,10617.166666666666,5755.406272946043,928,0.5842828615059321,10.820801360889023,9.049349685884057
17519,18226,869.82,14905,2021-04-01,1,2,2,False,True,False,False,False,False,True,False,False,False,False,True,13,0,0.2727272727272727,8512.0,50050.18,16493.0,101147.53,5140.0,51640.31,4497.877314170912,11531.166666666666,4635.674855581079,707,0.85074200913242,11.573270706587179,9.771098364490383
13913,15664,1456.69,5654,2021-05-01,1,2,2,False,True,False,False,False,False,True,False,False,False,False,True,17,0,0.36363636363636365,17519.0,106219.32,8908.0,111677.36,15767.0,78194.99,5089.731263370723,13594.333333333334,3922.1066618166647,1751,0.40635331320971685,11.30679831007221,9.540650806483587
7341,7660,611.14,10859,2021-06-01,1,2,1,False,True,False,False,False,False,True,False,False,False,True,False,22,0,0.45454545454545453,13913.0,81371.96,8512.0,50050.18,14367.0,81271.77,4533.212363582072,13285.333333333334,3787.420899063987,319,1.479024788885862,11.451309176615025,8.90136656405678
1889,1946,200.33,10085,2021-07-01,1,2,0,False,True,False,False,False,False,True,False,False,True,False,False,26,0,0.5454545454545454,7341.0,94023.36,17519.0,106219.32,16493.0,101147.53,5160.524908701957,12114.333333333334,4419.512084683857,57,5.335978835978836,11.30997453842271,7.5443321080536885
14448,16151,1293.82,8836,2021-08-01,1,2,0,False,True,False,False,False,False,True,False,False,True,False,False,30,0,0.6363636363636364,1889.0,81630.83,13913.0,81371.96,8908.0,111677.36,6020.68744690615,9680.333333333334,5431.372190033257,1703,0.6115302097030937,11.319012749501104,9.57838048699361
4751,5071,310.72,7967,2021-09-01,1,2,0,False,True,False,False,False,False,True,False,False,True,False,False,35,0,0.7272727272727273,14448.0,82371.98,7341.0,94023.36,8512.0,50050.18,6297.648158902917,10603.666666666666,5736.164211968365,320,1.676557239057239,10.850315442856736,8.466320861042481
9675,10252,700.95,7483,2021-10-01,1,2,2,False,True,False,False,False,False,True,False,False,False,False,True,39,1,0.8181818181818182,4751.0,51549.41,1889.0,81630.83,17519.0,106219.32,6582.18978253691,9976.833333333334,6197.40295338835,577,0.7733567589913187,11.361583138025912,9.177403871729918
6372,7058,641.34,7953,2021-11-01,1,2,0,False,True,False,False,False,False,True,False,False,True,False,False,44,1,0.9090909090909091,9675.0,85954.34,14448.0,82371.98,13913.0,81371.96,4848.695941522145,8669.5,4999.822386845355,686,1.2479209163659186,11.081566536860855,8.759825595314295
11799,12206,812.36,8902,2021-12-01,1,2,2,False,True,False,False,False,False,True,False,False,False,False,True,48,1,1.0,6372.0,64961.57,4751.0,51549.41,7341.0,94023.36,2509.423107675006,7412.666666666667,4319.66557347518,407,0.754406779661017,11.197264131477962,9.375854810453756
14656,14684,751.85,9786,2022-01-01,1,2,2,False,True,False,False,False,False,True,False,False,False,False,True,52,0,0.0,11799.0,72929.64,9675.0,85954.34,1889.0,81630.83,2734.7612327221514,8155.666666666667,4673.757446280953,28,0.6676673261922631,11.499506633818502,9.5926733160273
3095,3369,161.09,3801,2022-02-01,1,2,1,False,True,False,False,False,False,True,False,False,False,True,False,5,0,0.09090909090909091,14656.0,98666.08,6372.0,64961.57,14448.0,82371.98,4207.917814469923,10283.5,4124.0081837940115,274,1.2277131782945736,11.528213899002527,8.037866234709618
15412,15482,1028.75,12020,2022-03-01,1,2,1,False,True,False,False,False,False,True,False,False,False,True,False,9,0,0.18181818181818182,3095.0,101539.59,11799.0,72929.64,4751.0,51549.41,6021.8876608585115,8391.333333333334,4424.633800289766,70,0.7798611561668721,10.989145123363528,9.64296658814672
15145,15760,1279.0,13264,2022-04-01,1,2,1,False,True,False,False,False,False,True,False,False,False,True,False,13,0,0.2727272727272727,15412.0,59226.73,14656.0,98666.08,9675.0,85954.34,6903.341533875702,10168.166666666666,4795.45273844573,615,0.8757427703684141,11.156177089764057,9.625491749673769
2213,2309,219.42,3957,2022-05-01,1,2,0,False,True,False,False,False,False,True,False,False,True,False,False,17,0,0.36363636363636365,15145.0,69993.86,3095.0,101539.59,6372.0,64961.57,7035.413728654011,11079.833333333334,5186.919602872849,96,1.7872628726287263,11.38377486265628,7.7025561132685825
12296,13578,896.38,6575,2022-06-01,1,2,0,False,True,False,False,False,False,True,False,False,True,False,False,22,0,0.45454545454545453,2213.0,87883.16,15412.0,59226.73,11799.0,72929.64,7544.551168448216,10386.666666666666,6133.430252857421,1282,0.5346832560787184,11.272920048078321,9.417110609172447
11182,11651,558.54,6494,2022-07-01,1,2,0,False,True,False,False,False,False,True,False,False,True,False,False,26,0,0.5454545454545454,12296.0,78661.36,15145.0,69993.86,14656.0,98666.08,6794.8548426977695,10469.5,6159.619038544508,469,0.5807028525440401,10.958111554545182,9.322150047028188
5485,5710,343.09,4607,2022-08-01,1,2,2,False,True,False,False,False,False,True,False,False,False,False,True,31,0,0.6363636363636364,11182.0,57416.91,2213.0,87883.16,3095.0,101539.59,5527.971991004778,9890.5,5842.498806161622,225,0.8397739701057236,11.388878552132857,8.60995467149755
10357,11217,717.74,6576,2022-09-01,1,2,1,False,True,False,False,False,False,True,False,False,False,True,False,35,0,0.7272727272727273,5485.0,88332.84,12296.0,78661.36,15412.0,59226.73,3653.4578597998548,10288.833333333334,5346.990832857921,860,0.6348715968333655,11.308870683275249,9.245514446983837
10973,11389,679.78,6174,2022-10-01,1,2,0,False,True,False,False,False,False,True,False,False,True,False,False,39,1,0.8181818181818182,10357.0,81540.77,11182.0,57416.91,15145.0,69993.86,3078.7664737683504,9446.333333333334,4742.3734001728135,416,0.5626025150355386,11.364646893849695,9.30328411761892
10605,11896,763.56,4202,2022-11-01,1,2,0,False,True,False,False,False,False,True,False,False,True,False,False,44,1,0.9090909090909091,10973.0,86218.09,5485.0,88332.84,2213.0,87883.16,3006.4925300644495,8751.0,3985.1099357483217,1291,0.39619083537620214,11.516165111643502,9.269175157697076
8057,8633,798.85,10726,2022-12-01,1,2,1,False,True,False,False,False,False,True,False,False,False,True,False,48,1,1.0,10605.0,100323.49,10357.0,81540.77,12296.0,78661.36,309.9419300449683,10149.666666666666,2381.5863340779088,576,1.3310995284189626,11.613676000981563,8.994420665751292
12892,13400,926.29,8905,2023-01-01,1,2,1,False,True,False,False,False,False,True,False,False,False,True,False,52,0,0.0,8057.0,110599.07,10973.0,86218.09,11182.0,57416.91,1588.016792522464,9443.166666666666,2242.2052017303536,508,0.690684867757698,10.868633017923642,9.464439807410837
8847,10049,924.95,6780,2023-02-01,1,2,0,False,True,False,False,False,False,True,False,False,True,False,False,5,0,0.09090909090909091,12892.0,52502.39,10605.0,100323.49,5485.0,88332.84,2418.673810169532,9728.166666666666,2589.246254543328,1202,0.7662748643761302,11.560622841788811,9.087946723762116
17330,18767,1273.75,3343,2023-03-01,1,2,0,False,True,False,False,False,False,True,False,False,True,False,False,9,0,0.18181818181818182,8847.0,104884.32,8057.0,110599.07,10357.0,81540.77,2593.689457124735,10288.5,1697.5942683692076,1437,0.192891350758756,11.123257620446756,9.760252084449375
4669,4895,318.66,13052,2023-04-01,1,2,0,False,True,False,False,False,False,True,False,False,True,False,False,13,0,0.2727272727272727,17330.0,67727.18,12892.0,52502.39,10973.0,86218.09,4243.016969091686,11450.666666666666,3343.153401605534,226,2.7948608137044966,11.596411468459978,8.448914350662942
17646,17922,1863.42,12207,2023-05-01,1,2,1,False,True,False,False,False,False,True,False,False,False,True,False,18,0,0.36363636363636365,4669.0,108706.0,8847.0,104884.32,10605.0,100323.49,6451.3292428770055,10400.0,4359.422163544154,276,0.6917323057743526,11.439012689149079,9.778321076243234
13583,14019,1210.25,13172,2023-06-01,1,2,0,False,True,False,False,False,False,True,False,False,True,False,False,22,0,0.45454545454545453,17646.0,92874.27,17330.0,67727.18,8057.0,110599.07,7402.739425374906,11573.5,5276.7923116226575,436,0.9696702002355713,10.918575830822235,9.516647908551128
9870,10098,678.07,12006,2023-07-01,1,2,1,False,True,False,False,False,False,True,False,False,False,True,False,26,0,0.5454545454545454,13583.0,55191.14,4669.0,108706.0,12892.0,52502.39,6637.894922337955,12494.5,5016.0852763883495,228,1.2162901428426705,11.46434910794242,9.197356444417888
10073,11143,534.88,10273,2023-08-01,1,2,1,False,True,False,False,False,False,True,False,False,False,True,False,31,0,0.6363636363636364,9870.0,95257.46,17646.0,92874.27,8847.0,104884.32,3889.3125785070724,11990.833333333334,5118.856724569135,1070,1.0197538217192774,10.99223770312864,9.217713126305595
6918,7421,739.88,4990,2023-09-01,1,2,0,False,True,False,False,False,False,True,False,False,True,False,False,35,0,0.7272727272727273,10073.0,59410.18,13583.0,55191.14,17330.0,67727.18,2087.569479881647,12195.166666666666,4991.139245369403,503,0.7212024859083682,11.22223099312934,8.842026529498812
11280,12141,1143.79,13939,2023-10-01,1,2,1,False,True,False,False,False,False,True,False,False,False,True,False,39,1,0.8181818181818182,6918.0,74773.41,9870.0,95257.46,4669.0,108706.0,1765.8585258545857,10459.833333333334,4646.956828577888,861,1.2356174098040953,11.376708641229655,9.33087517360492
12540,13453,1113.55,11616,2023-11-01,1,2,1,False,True,False,False,False,False,True,False,False,False,True,False,44,1,0.9090909090909091,11280.0,87264.34,10073.0,59410.18,17646.0,92874.27,2252.3290908154013,11561.666666666666,3683.0895002248662,913,0.9262419264811419,10.93344905405691,9.43675855582405
11217,11469,728.54,4365,2023-12-01,1,2,2,False,True,False,False,False,False,True,False,False,False,False,True,48,1,1.0,12540.0,56018.16,6918.0,74773.41,13583.0,55191.14,2950.1844010163154,10710.666666666666,2341.732663364171,252,0.38910679265466214,10.938426900899023,9.325274910068282
15476,16004,1325.52,12065,2024-01-01,1,2,1,False,True,False,False,False,False,True,False,False,False,True,False,1,0,0.0,11217.0,56297.71,11280.0,87264.34,9870.0,95257.46,746.3129370445057,10316.333333333334,1923.1038106838257,528,0.7795438392453318,11.065942964358669,9.64711032991276
12899,13977,1079.65,7832,2024-02-01,1,2,2,False,True,False,False,False,False,True,False,False,False,False,True,5,0,0.09090909090909091,15476.0,63954.51,12540.0,56018.16,10073.0,59410.18,2179.8129124613724,11250.666666666666,2816.9740976208236,1078,0.6071317829457364,11.411714771322426,9.464982590349763
8148,8654,590.32,11144,2024-03-01,1,2,2,False,True,False,False,False,False,True,False,False,False,False,True,9,0,0.18181818181818182,12899.0,90373.26,11217.0,56297.71,6918.0,74773.41,2145.1159253833653,11721.666666666666,2816.94065728525,506,1.3675297582525463,10.880308031137984,9.00565049932022
9469,10565,799.66,7018,2024-04-01,1,2,2,False,True,False,False,False,False,True,False,False,False,False,True,14,0,0.2727272727272727,8148.0,53118.96,15476.0,63954.51,11280.0,87264.34,3717.358246568836,11926.666666666666,2413.2759201273807,1096,0.7410770855332629,11.652353525526099,9.155884186180124
9655,9911,674.88,14918,2024-05-01,1,2,2,False,True,False,False,False,False,True,False,False,False,False,True,18,0,0.36363636363636365,9469.0,114960.61,12899.0,90373.26,12540.0,56018.16,2452.2758817066237,11624.833333333334,2615.1417106280596,256,1.5449461474730737,11.231290935876402,9.175334762777368
9874,11229,878.29,14973,2024-06-01,1,2,2,False,True,False,False,False,False,True,False,False,False,False,True,22,0,0.45454545454545453,9655.0,75453.94,8148.0,53118.96,11217.0,56297.71,821.6534143623658,11144.0,2677.698265301748,1355,1.5162531645569621,11.688926170540658,9.197761589769323
2561,2848,131.76,6711,2024-07-01,1,2,0,False,True,False,False,False,False,True,False,False,True,False,False,27,0,0.5454545454545454,9874.0,119242.89,9469.0,114960.61,15476.0,63954.51,202.7239502377573,10920.166666666666,2726.070535893497,287,2.61943793911007,11.402699018739787,7.848543482456679
18033,18341,952.14,10295,2024-08-01,1,2,2,False,True,False,False,False,False,True,False,False,False,False,True,31,0,0.6363636363636364,2561.0,89562.13,9655.0,75453.94,12899.0,90373.26,4160.383916579494,8767.666666666666,3419.877639136619,308,0.5708661417322834,11.216377809113975,9.800014144059851
8828,9269,734.93,3635,2024-09-01,1,2,1,False,True,False,False,False,False,True,False,False,False,True,False,35,0,0.7272727272727273,18033.0,74337.02,9874.0,119242.89,8148.0,53118.96,7739.853939190326,9623.333333333334,4957.081991118027,441,0.41171140559519764,11.690600325908663,9.085797036901582
9425,10352,651.74,6926,2024-10-01,1,2,1,False,True,False,False,False,False,True,False,False,False,True,False,40,1,0.8181818181818182,8828.0,119442.69,2561.0,89562.13,9469.0,114960.61,7782.352879003453,9736.666666666666,4924.270287734687,927,0.7347761510715044,11.606832843126426,9.151227107483676
8163,8373,601.2,12333,2024-11-01,1,2,1,False,True,False,False,False,False,True,False,False,False,True,False,44,1,0.9090909090909091,9425.0,109844.8,18033.0,74337.02,9655.0,75453.94,5150.826762116285,9729.333333333334,4924.781362321241,210,1.510656540911318,11.54594584185875,9.007489523929735
13871,14673,730.31,3714,2024-12-01,1,2,1,False,True,False,False,False,False,True,False,False,False,True,False,48,1,1.0,8163.0,103356.16,8828.0,119442.69,9874.0,119242.89,631.3052616075184,9480.666666666666,4966.774030159481,802,0.26773356401384085,11.557308694757962,9.537627699020323
7178,7255,373.61,3619,2025-01-01,1,2,2,False,True,False,False,False,False,True,False,False,False,False,True,1,0,0.0,13871.0,104537.29,9425.0,109844.8,2561.0,89562.13,2998.3557716410733,10146.833333333334,5287.756969327038,77,0.5041092074105028,10.94376991788554,8.878915376576483
10702,10988,919.84,8032,2025-02-01,1,2,1,False,True,False,False,False,False,True,False,False,False,True,False,5,0,0.09090909090909091,7178.0,56599.32,8163.0,103356.16,18033.0,74337.02,3613.5794350385236,10916.333333333334,4183.73496611182,286,0.750443800803513,11.242838486966743,9.278279354984376
13639,15599,889.94,10995,2025-03-01,1,2,2,False,True,False,False,False,False,True,False,False,False,False,True,9,0,0.18181818181818182,10702.0,76330.31,13871.0,104537.29,8828.0,119442.69,3348.068746805139,9694.5,2364.737850164367,1960,0.8060850439882697,11.295413899209676,9.520761931397454
13977,14330,960.22,9137,2025-04-01,1,2,0,False,True,False,False,False,False,True,False,False,True,False,False,14,0,0.2727272727272727,13639.0,80450.83,7178.0,56599.32,9425.0,109844.8,3234.9411638132356,10496.333333333334,2789.643824337915,353,0.6536700529403349,11.5223896380639,9.545239944037075
7869,8273,565.39,7815,2025-05-01,1,2,1,False,True,False,False,False,False,True,False,False,False,True,False,18,0,0.36363636363636365,13977.0,100949.91,10702.0,76330.31,8163.0,103356.16,1801.1958064944886,11255.0,3047.1100406778887,404,0.9930114358322745,11.676923075679886,8.970813341411448
14180,16298,903.97,5230,2025-06-01,1,2,1,False,True,False,False,False,False,True,False,False,False,True,False,22,0,0.45454545454545453,7869.0,117820.15,13639.0,80450.83,13871.0,104537.29,3433.045489552,11206.0,3108.521320499508,2118,0.36880332839715113,11.357113522676952,9.559658319461347
7263,7826,753.9,13024,2025-07-01,1,2,2,False,True,False,False,False,False,True,False,False,False,False,True,27,0,0.5454545454545454,14180.0,85571.01,13977.0,100949.91,7178.0,56599.32,3586.4930410267543,11257.5,3163.575872331815,563,1.7929515418502202,11.081255232251863,8.890685920281129
1129,1160,56.39,5579,2025-08-01,1,2,0,False,True,False,False,False,False,True,False,False,True,False,False,31,0,0.6363636363636364,7263.0,64941.35,7869.0,117820.15,10702.0,76330.31,3830.597124905376,11271.666666666666,3141.7691619001343,31,4.93716814159292,11.597508404023213,7.029972911706386
3139,3160,323.94,14134,2025-09-01,1,2,1,False,True,False,False,False,False,True,False,False,False,True,False,36,0,0.7272727272727273,1129.0,108825.31,14180.0,85571.01,13639.0,80450.83,6529.413526496847,9676.166666666666,5227.408781286065,21,4.501273885350319,11.390507856252112,8.0519780789023
6234,7024,320.74,7895,2025-10-01,1,2,2,False,True,False,False,False,False,True,False,False,False,False,True,40,1,0.8181818181818182,3139.0,88476.88,7263.0,64941.35,13977.0,100949.91,3127.1241314238446,7926.166666666667,5390.445488701898,790,1.2662389735364876,11.431192496276703,8.737933858114136
11138,11508,816.97,14449,2025-11-01,1,2,0,False,True,False,False,False,False,True,False,False,True,False,False,44,1,0.9090909090909091,6234.0,92150.8,1129.0,108825.31,7869.0,117820.15,2571.64506363793,6635.666666666667,4506.5067476557315,370,1.297154143100817,11.088212091878699,9.318207742845189
11374,11433,581.78,4642,2025-12-01,1,2,2,False,True,False,False,False,False,True,False,False,False,False,True,49,1,1.0,11138.0,65394.72,3139.0,88476.88,14180.0,85571.01,4033.44852452588,7180.5,4868.507974729011,59,0.40808791208791206,11.324332483840283,9.33917324381915
6812,6939,731.61,5174,2015-07-01,2,2,0,False,False,True,False,False,False,True,False,False,True,False,False,27,0,0.5454545454545454,10855.0,102378.18,10084.0,56390.07,13902.0,94629.02,946.6321003078953,9595.5,3512.308343525665,127,0.7594305005137237,11.524475703407248,8.826587830773668
14376,16107,733.18,7778,2015-08-01,2,2,1,False,False,True,False,False,False,True,False,False,False,True,False,31,0,0.6363636363636364,6812.0,101160.72,11967.0,79277.01,5076.0,112805.1,2712.8219624590192,8413.833333333334,2915.6633150394214,1731,0.5410029908882242,10.826262019498111,9.573384986422592
9613,10902,617.15,3269,2015-09-01,2,2,2,False,False,True,False,False,False,True,False,False,False,False,True,36,0,0.7272727272727273,14376.0,50324.24,10855.0,102378.18,5689.0,87194.82,3785.0007926022954,9963.833333333334,3240.2704465316883,1289,0.34002496359475765,11.571108237309152,9.170975648453906
14212,16049,1204.47,12946,2015-10-01,2,2,2,False,False,True,False,False,False,True,False,False,False,False,True,40,1,0.8181818181818182,9613.0,105989.87,6812.0,101160.72,10084.0,56390.07,3824.174551455517,10617.833333333334,2521.0851169023754,1837,0.910856258355027,11.600198524384693,9.561912317739012
7076,7801,514.78,8941,2015-11-01,2,2,1,False,False,True,False,False,False,True,False,False,False,True,False,44,1,0.9090909090909091,14212.0,109118.46,14376.0,50324.24,11967.0,79277.01,2703.8203219395587,11305.833333333334,2883.4820212143973,725,1.2633884414299845,10.921073427628441,8.864605368075784
15775,17830,1140.53,13137,2015-12-01,2,2,1,False,False,True,False,False,False,True,False,False,False,True,False,49,1,1.0,7076.0,55329.16,9613.0,105989.87,10855.0,102378.18,3617.3117550652637,10490.666666666666,3317.8219160567774,2055,0.8327205882352942,11.555628377454699,9.666245076842417
16295,18414,1395.67,11703,2016-01-01,2,2,1,False,False,True,False,False,False,True,False,False,False,True,False,53,0,0.0,15775.0,104361.78,14212.0,109118.46,6812.0,101160.72,4637.493324343803,11310.666666666666,3969.804814681279,2119,0.7181516936671576,11.413196617215613,9.698674957906642
11459,11511,1204.91,11118,2016-02-01,2,2,2,False,False,True,False,False,False,True,False,False,False,False,True,5,0,0.09090909090909091,16295.0,90507.28,7076.0,55329.16,14376.0,50324.24,5179.011520872814,12891.166666666666,3699.03897879796,52,0.9701570680628272,11.654142087914815,9.346617990268731
8282,8565,720.53,7932,2016-03-01,2,2,1,False,False,True,False,False,False,True,False,False,False,True,False,9,0,0.18181818181818182,11459.0,115166.41,15775.0,104361.78,9613.0,105989.87,2654.7175618760916,12405.0,3656.3005893936006,283,0.9576240492575154,11.079741823286954,9.021960500598263
12031,13690,1080.99,13217,2016-04-01,2,2,0,False,False,True,False,False,False,True,False,False,True,False,False,13,0,0.2727272727272727,8282.0,64843.14,16295.0,90507.28,14212.0,109118.46,4035.0215612806837,12183.166666666666,3892.3328437669174,1659,1.0984873670212767,11.347914491732759,9.39532504618962
16846,19100,892.0,6784,2016-05-01,2,2,1,False,False,True,False,False,False,True,False,False,False,True,False,17,0,0.36363636363636365,12031.0,84787.44,11459.0,115166.41,7076.0,55329.16,2019.7159041145712,11819.666666666666,3764.7170234516507,2254,0.4026829702617677,11.668855389573748,9.731927878386204
12345,13438,625.89,9780,2016-06-01,2,2,2,False,False,True,False,False,False,True,False,False,False,False,True,22,0,0.45454545454545453,16846.0,116873.43,8282.0,64843.14,15775.0,104361.78,4293.0432484815865,13448.0,3397.596444547232,1093,0.7921594038554998,11.357279801544992,9.421087402953841
2926,3309,294.5,12631,2016-07-01,2,2,1,False,False,True,False,False,False,True,False,False,False,True,False,26,0,0.5454545454545454,12345.0,85585.24,12031.0,84787.44,16295.0,90507.28,2693.87645101503,12876.333333333334,3211.2044884539287,383,4.3153399385035875,11.598519045694895,7.9817332866918855
3747,4007,388.94,8973,2016-08-01,2,2,0,False,False,True,False,False,False,True,False,False,True,False,False,31,0,0.6363636363636364,2926.0,108935.35,16846.0,116873.43,11459.0,115166.41,7103.320373834572,10648.166666666666,4671.031210200447,260,2.394076840981857,11.640847240572356,8.228977643358313
10718,11136,562.69,9725,2016-09-01,2,2,2,False,False,True,False,False,False,True,False,False,False,False,True,35,0,0.7272727272727273,3747.0,113645.41,12345.0,85585.24,8282.0,64843.14,5217.234356757737,9362.833333333334,5406.455823056974,418,0.9072674689803153,11.639599084227378,9.27977314669152
7230,7892,607.32,9198,2016-10-01,2,2,2,False,False,True,False,False,False,True,False,False,False,False,True,39,1,0.8181818181818182,10718.0,113503.65,2926.0,108935.35,12031.0,84787.44,4281.435623713148,9768.833333333334,5400.520027429457,662,1.2720232333010648,11.15122118078976,8.886132618174951
14506,16442,909.53,3305,2016-11-01,2,2,1,False,False,True,False,False,False,True,False,False,False,True,False,44,1,0.9090909090909091,7230.0,69647.83,3747.0,113645.41,16846.0,116873.43,3485.500298857156,8968.666666666666,5353.779213477771,1936,0.22782105190597643,11.214686800592835,9.582386570538903
15047,16200,783.2,13386,2016-12-01,2,2,0,False,False,True,False,False,False,True,False,False,True,False,False,48,1,1.0,14506.0,74211.42,10718.0,113503.65,12345.0,85585.24,3639.0306401567973,8578.666666666666,4711.938864911839,1153,0.8895534290271132,11.344078082400031,9.619000370980867
2923,3251,289.38,9133,2017-01-01,2,2,0,False,False,True,False,False,False,True,False,False,True,False,False,52,0,0.0,15047.0,84462.78,7230.0,69647.83,2926.0,108935.35,4365.3626424387685,9029.0,5243.073678673608,328,3.1234610123119015,11.187639547529065,7.980707820869669
12872,14359,878.51,6186,2017-02-01,2,2,0,False,False,True,False,False,False,True,False,False,True,False,False,5,0,0.09090909090909091,2923.0,72231.08,14506.0,74211.42,3747.0,113645.41,6848.965201644211,9028.5,5243.772182313034,1487,0.4805406665113027,11.575918010453023,9.462887373659635
10076,10449,660.48,4952,2017-03-01,2,2,0,False,False,True,False,False,False,True,False,False,True,False,False,9,0,0.18181818181818182,12872.0,106500.89,15047.0,84462.78,10718.0,113503.65,6464.062216078472,10549.333333333334,4700.7739646431255,373,0.49141609606033543,11.45998934820444,9.218010878280403
5656,5846,597.27,13181,2017-04-01,2,2,0,False,False,True,False,False,False,True,False,False,True,False,False,13,0,0.2727272727272727,10076.0,94843.06,2923.0,72231.08,7230.0,69647.83,5131.043201273337,10442.333333333334,4703.472787916037,190,2.330033586706735,11.476409809846272,8.640648995343156
11634,12912,579.37,12405,2017-05-01,2,2,2,False,False,True,False,False,False,True,False,False,False,False,True,18,0,0.36363636363636365,5656.0,96413.3,12872.0,106500.89,14506.0,74211.42,3638.3300198488505,10180.0,4955.608338034796,1278,1.0661796304254405,11.268531719139778,9.361773075736393
11053,11464,699.65,5970,2017-06-01,2,2,2,False,False,True,False,False,False,True,False,False,False,False,True,22,0,0.45454545454545453,11634.0,78316.92,10076.0,94843.06,15047.0,84462.78,3101.081746745803,9701.333333333334,4578.545169228613,411,0.540075990591641,11.08228792292584,9.310547632393208
6325,7006,327.32,4936,2017-07-01,2,2,0,False,False,True,False,False,False,True,False,False,True,False,False,26,0,0.5454545454545454,11053.0,65008.45,5656.0,96413.3,2923.0,72231.08,3296.5045629171113,9035.666666666666,3883.492174147731,681,0.7802718937717357,11.525536312912978,8.752423403865594
12673,14159,672.94,9216,2017-08-01,2,2,0,False,False,True,False,False,False,True,False,False,True,False,False,31,0,0.6363636363636364,6325.0,101268.07,11634.0,78316.92,12872.0,106500.89,2911.9588481524484,9602.666666666666,2948.2755411709177,1486,0.7271579611803692,11.53882018400933,9.447307929883463
15315,16609,1633.34,10043,2017-09-01,2,2,2,False,False,True,False,False,False,True,False,False,False,False,True,35,0,0.7272727272727273,12673.0,102622.29,11053.0,65008.45,10076.0,94843.06,3298.370506780583,9569.5,2904.942323007464,1294,0.6557195090101854,11.448109358642787,9.636653312597184
11917,12332,602.4,7263,2017-10-01,2,2,2,False,False,True,False,False,False,True,False,False,False,False,True,39,1,0.8181818181818182,15315.0,93722.98,6325.0,101268.07,5656.0,96413.3,4620.558552094469,10442.666666666666,3751.617180185988,415,0.6094143312636349,10.986622854819178,9.385805141306925
11833,13467,820.03,5490,2017-11-01,2,2,0,False,False,True,False,False,False,True,False,False,True,False,False,44,1,0.9090909090909091,11917.0,59077.53,12673.0,102622.29,11634.0,78316.92,1784.101267678866,11486.166666666666,2936.0274124515017,1634,0.4639175257731959,10.874363813441144,9.378732023236639
3478,3949,251.46,3667,2017-12-01,2,2,0,False,False,True,False,False,False,True,False,False,True,False,False,48,1,1.0,11833.0,52804.14,15315.0,93722.98,11053.0,65008.45,1986.5289661450538,11519.333333333334,2939.153733078054,471,1.0540385168151767,11.582633880394546,8.154500175151941
11796,12081,1058.1,9746,2018-01-01,2,2,0,False,False,True,False,False,False,True,False,False,True,False,False,1,0,0.0,3478.0,107218.55,11917.0,59077.53,6325.0,101268.07,4848.1921372816905,10256.833333333334,4428.888366923089,285,0.8261422395524286,11.471579062138634,9.375600540841843
5162,5239,451.42,10229,2018-02-01,2,2,0,False,False,True,False,False,False,True,False,False,True,False,False,5,0,0.09090909090909091,11796.0,95948.67,11833.0,52804.14,12673.0,102622.29,4813.116073120753,11168.666666666666,3999.90853228754,77,1.9812124733681968,10.842761534433519,8.54927308487965
11749,13122,1249.51,3481,2018-03-01,2,2,2,False,False,True,False,False,False,True,False,False,False,False,True,9,0,0.18181818181818182,5162.0,51161.47,3478.0,107218.55,15315.0,93722.98,4397.6307257431245,9916.833333333334,4569.701233851801,1373,0.29625531914893616,10.842225059922253,9.371608519572305
15421,17636,1596.07,4020,2018-04-01,2,2,0,False,False,True,False,False,False,True,False,False,True,False,False,13,0,0.2727272727272727,11749.0,51134.03,11796.0,95948.67,11917.0,59077.53,3816.6463027113227,9322.5,3911.7281475071863,2215,0.2606665802100895,11.403145754595055,9.643550340392906
3250,3571,283.72,3737,2018-05-01,2,2,2,False,False,True,False,False,False,True,False,False,False,False,True,18,0,0.36363636363636365,15421.0,89602.15,5162.0,51161.47,11833.0,52804.14,5198.064287148954,9906.5,4580.873748533134,321,1.1494924638572748,11.301504682713142,8.086717920303906
4979,5264,311.44,9068,2018-06-01,2,2,2,False,False,True,False,False,False,True,False,False,False,False,True,22,0,0.45454545454545453,3250.0,80942.34,11749.0,51134.03,3478.0,107218.55,6242.993753000241,8476.0,5162.201662081791,285,1.8208835341365461,11.596726577905173,8.513185170018698
18271,18713,1296.33,9843,2018-07-01,2,2,0,False,False,True,False,False,False,True,False,False,True,False,False,26,0,0.5454545454545454,4979.0,108740.26,15421.0,89602.15,11796.0,95948.67,6584.806324663873,8726.166666666666,4901.329102056571,442,0.5386930823117339,11.326870427402262,9.813125112455737
14327,16335,1037.99,12190,2018-08-01,2,2,2,False,False,True,False,False,False,True,False,False,False,False,True,31,0,0.6363636363636364,18271.0,83021.79,3250.0,80942.34,5162.0,51161.47,8218.851764895955,9805.333333333334,6241.914727602954,2008,0.8507816862088219,11.173781522519318,9.569970943740548
15810,17649,1584.16,3128,2018-09-01,2,2,2,False,False,True,False,False,False,True,False,False,False,False,True,35,0,0.7272727272727273,14327.0,71236.99,4979.0,108740.26,11749.0,51134.03,6826.632942625036,11332.833333333334,5994.879228697327,1839,0.1978369489595851,11.258285183594772,9.668461179310146
9655,10086,483.72,12397,2018-10-01,2,2,1,False,False,True,False,False,False,True,False,False,False,True,False,40,1,0.8181818181818182,15810.0,77518.53,18271.0,83021.79,15421.0,89602.15,1992.1071758316675,12009.666666666666,6274.011337785951,431,1.2838649544324772,11.19036329325569,9.175334762777368
12365,12531,612.07,8806,2018-11-01,2,2,2,False,False,True,False,False,False,True,False,False,False,False,True,44,1,0.9090909090909091,9655.0,72428.09,14327.0,71236.99,3250.0,80942.34,3212.2395614275133,11048.666666666666,6085.757558978722,166,0.7121138605854763,11.641836048079313,9.422706050118514
4668,5239,398.41,8681,2018-12-01,2,2,0,False,False,True,False,False,False,True,False,False,True,False,False,48,1,1.0,12365.0,113757.84,15810.0,77518.53,4979.0,108740.26,3084.8055044038065,12567.833333333334,4738.112553186834,571,1.8592846433925894,11.427507762860461,8.448700194970938
9647,10103,674.33,4193,2019-01-01,2,2,0,False,False,True,False,False,False,True,False,False,True,False,False,1,0,0.0,4668.0,91811.87,9655.0,72428.09,18271.0,83021.79,3904.2301417821186,12516.0,4838.375925866032,456,0.43459784411276947,10.958925255120429,9.174505918966966
10927,11572,768.71,11908,2019-02-01,2,2,1,False,False,True,False,False,False,True,False,False,False,True,False,5,0,0.09090909090909091,9647.0,57463.65,12365.0,113757.84,14327.0,71236.99,3903.45517885544,11078.666666666666,3994.1202118447377,645,1.0896778916544656,11.435783047386387,9.29908358181057
12284,12804,786.79,14985,2019-03-01,2,2,2,False,False,True,False,False,False,True,False,False,False,False,True,9,0,0.18181818181818182,10927.0,92574.8,4668.0,91811.87,15810.0,77518.53,3306.6579804993476,10512.0,3669.0502313269008,520,1.2197802197802199,11.149536316838905,9.41613428495528
9594,10233,516.64,5899,2019-04-01,2,2,0,False,False,True,False,False,False,True,False,False,True,False,False,14,0,0.2727272727272727,12284.0,69530.58,9647.0,57463.65,9655.0,72428.09,1318.68735238242,9924.333333333334,2839.320881243726,639,0.6147993746743096,11.41154756372052,9.1689974084418
18391,19591,954.49,4600,2019-05-01,2,2,1,False,False,True,False,False,False,True,False,False,False,True,False,18,0,0.36363636363636365,9594.0,90358.15,10927.0,92574.8,12365.0,113757.84,1345.0178437478157,9914.166666666666,2840.5870813384067,1200,0.2501087429317094,11.16318158845017,9.819671066443018
6954,7148,583.09,3684,2019-06-01,2,2,0,False,False,True,False,False,False,True,False,False,True,False,False,22,0,0.45454545454545453,18391.0,70485.86,12284.0,69530.58,4668.0,91811.87,4507.748107425705,10918.5,4475.3252730946815,194,0.5296908698777858,11.053699546976357,8.847216104357543
18300,18407,1336.81,9833,2019-07-01,2,2,2,False,False,True,False,False,False,True,False,False,False,False,True,27,0,0.5454545454545454,6954.0,63176.25,9594.0,90358.15,9647.0,57463.65,5988.346711182759,11299.5,3896.671027941669,107,0.537293044095951,11.313140343937931,9.814710982145282
11957,12248,869.87,13365,2019-08-01,2,2,0,False,False,True,False,False,False,True,False,False,True,False,False,31,0,0.6363636363636364,18300.0,81889.67,18391.0,70485.86,10927.0,92574.8,6577.042977914418,12741.666666666666,4684.386861336994,291,1.1176618163572505,11.671493801140317,9.38915578944085
10972,11213,727.44,10395,2019-09-01,2,2,1,False,False,True,False,False,False,True,False,False,False,True,False,35,0,0.7272727272727273,11957.0,117182.2,6954.0,63176.25,12284.0,69530.58,5686.172907442523,12913.333333333334,4623.056809803082,241,0.9473252528934658,11.021537042263258,9.3031929889908
10077,10790,733.1,12983,2019-10-01,2,2,1,False,False,True,False,False,False,True,False,False,False,True,False,40,1,0.8181818181818182,10972.0,61176.64,18300.0,81889.67,9594.0,90358.15,3977.0897651423493,12694.666666666666,4689.330343094486,713,1.2882516372296091,11.342408400197842,9.218110109240543
13795,14310,1396.74,8867,2019-11-01,2,2,2,False,False,True,False,False,False,True,False,False,False,False,True,44,1,0.9090909090909091,10077.0,84321.87,11957.0,117182.2,18391.0,70485.86,940.3589740094078,12775.166666666666,4629.217187243071,515,0.6427225282690635,11.239310649729884,9.532133974056732
14919,15702,926.47,9592,2019-12-01,2,2,2,False,False,True,False,False,False,True,False,False,False,False,True,48,1,1.0,13795.0,76061.5,10972.0,61176.64,6954.0,63176.25,1940.5273338279367,12009.166666666666,3824.400576125185,783,0.6428954423592493,11.65257505320781,9.610457873757753
10058,10373,725.68,12931,2020-01-01,2,2,1,False,False,True,False,False,False,True,False,False,False,True,False,1,0,0.0,14919.0,114986.08,10077.0,84321.87,18300.0,81889.67,2534.16205743306,13336.666666666666,3015.595507800516,315,1.2855154587931206,10.873512966184903,9.216223035134337
10184,11135,511.75,8895,2020-02-01,2,2,0,False,False,True,False,False,False,True,False,False,True,False,False,5,0,0.09090909090909091,10058.0,52759.23,13795.0,76061.5,11957.0,117182.2,2544.859721084843,11963.0,2013.072179530576,951,0.8733431516936672,10.83376580138421,9.228671328660907
10855,11166,698.52,6619,2020-03-01,2,2,0,False,False,True,False,False,False,True,False,False,True,False,False,9,0,0.18181818181818182,10184.0,50703.29,14919.0,114986.08,10972.0,61176.64,2770.842892214093,11667.5,2140.2421124723214,311,0.6097089167280766,11.564919538754529,9.292473201514705
4948,5450,514.34,11890,2020-04-01,2,2,0,False,False,True,False,False,False,True,False,False,True,False,False,14,0,0.2727272727272727,10855.0,105335.95,10058.0,52759.23,10077.0,84321.87,428.43241396206304,11648.0,2148.363842555535,502,2.4025055566781166,11.573322766833794,8.506940814951886
6380,6473,316.77,4326,2020-05-01,2,2,0,False,False,True,False,False,False,True,False,False,True,False,False,18,0,0.36363636363636365,4948.0,106224.85,10184.0,50703.29,13795.0,76061.5,3234.1558919343024,10793.166666666666,3496.136577233025,93,0.6779501645510108,11.372262416721092,8.761080103868347
2904,3018,293.16,12622,2020-06-01,2,2,1,False,False,True,False,False,False,True,False,False,False,True,False,23,0,0.45454545454545453,6380.0,86877.2,10855.0,105335.95,14919.0,114986.08,3081.3659849705236,9557.333333333334,3533.162530462851,114,4.344922547332186,10.890521889135721,7.974188669286011
12506,12958,1054.26,12670,2020-07-01,2,2,2,False,False,True,False,False,False,True,False,False,False,False,True,27,0,0.5454545454545454,2904.0,53664.3,4948.0,106224.85,10058.0,52759.23,1746.95621009802,7554.833333333333,3282.5455010809305,452,1.0130327016870553,11.075617150855965,9.434043766548907
13881,14957,1474.16,3789,2020-08-01,2,2,1,False,False,True,False,False,False,True,False,False,False,True,False,31,0,0.6363636363636364,12506.0,64576.23,6380.0,86877.2,10184.0,50703.29,4861.5644944126125,7962.833333333333,3771.603076500317,1076,0.2729433799164386,11.640147017356957,9.53834831589953
9326,10117,833.74,13947,2020-09-01,2,2,2,False,False,True,False,False,False,True,False,False,False,False,True,36,0,0.7272727272727273,13881.0,113565.86,2904.0,53664.3,10855.0,105335.95,5980.294836655912,8579.0,4448.327685771361,791,1.4953361209392086,11.51322701949809,9.140668698726863
8724,9355,592.8,5325,2020-10-01,2,2,0,False,False,True,False,False,False,True,False,False,True,False,False,40,1,0.8181818181818182,9326.0,100029.16,12506.0,64576.23,4948.0,106224.85,2336.345080105538,8324.166666666666,4334.196323041523,631,0.6103151862464183,11.504909926199153,9.073947747070628
6085,6176,318.55,10989,2020-11-01,2,2,0,False,False,True,False,False,False,True,False,False,True,False,False,44,1,0.9090909090909091,8724.0,99200.65,13881.0,113565.86,6380.0,86877.2,2819.7245137306145,8953.5,4007.774731693386,91,1.805619454485705,11.179900499675616,8.713746330456916
3677,3723,253.71,9002,2020-12-01,2,2,0,False,False,True,False,False,False,True,False,False,True,False,False,49,1,1.0,6085.0,71674.23,9326.0,100029.16,2904.0,53664.3,1723.8912378685657,8904.333333333334,4047.2750668402387,46,2.4475258292550297,10.974214980473855,8.210124405164267
8899,9334,736.84,3286,2021-01-01,2,2,2,False,False,True,False,False,False,True,False,False,False,False,True,53,0,0.0,3677.0,58349.02,8724.0,99200.65,12506.0,64576.23,2524.3809142045134,9033.166666666666,3824.228100763167,435,0.3692134831460674,11.447138271232076,9.093806555720231
10922,11681,750.34,11899,2021-02-01,2,2,2,False,False,True,False,False,False,True,False,False,False,False,True,5,0,0.09090909090909091,8899.0,93632.01,6085.0,71674.23,13881.0,113565.86,2613.629149924172,8432.0,3432.568251324363,759,1.0893527419207178,11.429121375494494,9.298625936843543
7004,7128,712.31,11375,2021-03-01,2,2,0,False,False,True,False,False,False,True,False,False,True,False,False,9,0,0.18181818181818182,10922.0,91960.14,3677.0,58349.02,9326.0,100029.16,3738.3561003913674,7938.833333333333,2606.2172907619697,124,1.6238401142041399,10.83871367301858,8.854379458771108
11233,12738,736.32,12978,2021-04-01,2,2,0,False,False,True,False,False,False,True,False,False,True,False,False,13,0,0.2727272727272727,7004.0,50954.79,8899.0,93632.01,8724.0,99200.65,1959.348446125229,7551.833333333333,2530.332422166436,1505,1.1552430122841375,11.374670132088804,9.326700173092378
15090,16520,1351.31,5037,2021-05-01,2,2,1,False,False,True,False,False,False,True,False,False,False,True,False,17,0,0.36363636363636365,11233.0,87086.63,10922.0,91960.14,6085.0,71674.23,2356.971432438957,7970.0,2937.3710695109653,1430,0.33377509774037506,11.127252689987612,9.62185381861855
8875,9724,448.63,11766,2021-06-01,2,2,2,False,False,True,False,False,False,True,False,False,False,False,True,22,0,0.45454545454545453,15090.0,67998.3,7004.0,50954.79,3677.0,58349.02,4044.4259172347333,9470.833333333334,3918.339312344791,849,1.325597115817936,11.158699662292237,9.091106284052485
11357,12845,591.13,13167,2021-07-01,2,2,0,False,False,True,False,False,False,True,False,False,True,False,False,26,0,0.5454545454545454,8875.0,70170.65,11233.0,87086.63,8899.0,93632.01,3137.4840769848292,10337.166666666666,2794.6458392194613,1488,1.1592709984152139,11.199001533799127,9.337677620437377
10233,11730,1066.79,4082,2021-08-01,2,2,0,False,False,True,False,False,False,True,False,False,True,False,False,30,0,0.6363636363636364,11357.0,73056.46,15090.0,67998.3,10922.0,91960.14,3128.4138153383756,10746.833333333334,2720.8455609730304,1497,0.39886652335352746,11.202696715759874,9.233470789365038
13107,14700,676.32,14262,2021-09-01,2,2,0,False,False,True,False,False,False,True,False,False,True,False,False,35,0,0.7272727272727273,10233.0,73326.92,8875.0,70170.65,7004.0,50954.79,1242.8370770137224,10632.0,2726.5078030330264,1593,1.088037839487336,10.992952632761913,9.480978009818704
10632,11812,550.21,7173,2021-10-01,2,2,2,False,False,True,False,False,False,True,False,False,False,False,True,39,1,0.8181818181818182,13107.0,59452.67,11357.0,73056.46,11233.0,87086.63,1448.318105021596,11649.166666666666,2187.450426104931,1180,0.6745979497789899,11.385090957096061,9.271717651651086
11748,13383,1196.53,5847,2021-11-01,2,2,2,False,False,True,False,False,False,True,False,False,False,False,True,44,1,0.9090909090909091,10632.0,87998.9,10233.0,73326.92,15090.0,67998.3,1556.9576102129479,11549.0,2223.777416919234,1635,0.4976593752659801,11.589770480857169,9.371523409567573
9961,10021,627.54,7823,2021-12-01,2,2,1,False,False,True,False,False,False,True,False,False,False,True,False,48,1,1.0,11748.0,107986.47,13107.0,59452.67,8875.0,70170.65,1239.4865872610376,10992.0,1439.816377181473,60,0.785284079502108,10.978571542204325,9.20653313363323
12928,13924,909.48,9850,2022-01-01,2,2,0,False,False,True,False,False,False,True,False,False,True,False,False,52,0,0.0,9961.0,58603.78,10632.0,87998.9,11357.0,73056.46,902.6872843534176,11173.0,1161.9003399603519,996,0.7618531982365225,11.590291239005762,9.467228129254554
4371,4439,270.78,10907,2022-02-01,2,2,1,False,False,True,False,False,False,True,False,False,False,True,False,5,0,0.09090909090909091,12928.0,108042.72,11748.0,107986.47,10233.0,73326.92,1493.8126834825537,11434.833333333334,1370.02852768351,68,2.4947392497712717,11.579705129119642,8.382975849296429
18486,21086,1647.1,8614,2022-03-01,2,2,0,False,False,True,False,False,False,True,False,False,True,False,False,9,0,0.18181818181818182,4371.0,106904.99,9961.0,58603.78,13107.0,59452.67,4344.986344435773,10457.833333333334,3228.344926842027,2600,0.46594904527505815,11.611427907713436,9.824823061352445
6662,7064,425.7,11841,2022-04-01,2,2,0,False,False,True,False,False,False,True,False,False,True,False,False,13,0,0.2727272727272727,18486.0,110350.71,12928.0,108042.72,10632.0,87998.9,7110.40127794018,11354.333333333334,4576.508654713399,402,1.7771274200810445,11.629126627903197,8.804325112562537
9075,10102,462.82,12716,2022-05-01,2,2,0,False,False,True,False,False,False,True,False,False,True,False,False,17,0,0.36363636363636365,6662.0,112321.18,4371.0,106904.99,11748.0,107986.47,7575.056457435373,10692.666666666666,4971.751549169231,1027,1.4010577346848831,11.075392433407012,9.113388845899733
16010,17048,1063.86,5266,2022-06-01,2,2,2,False,False,True,False,False,False,True,False,False,False,False,True,22,0,0.45454545454545453,9075.0,64561.72,18486.0,110350.71,9961.0,58603.78,6247.619093169281,10247.166666666666,4978.028984112754,1038,0.3288988820186122,11.589957799861192,9.681031265002055
11804,13554,803.85,14200,2022-07-01,2,2,2,False,False,True,False,False,False,True,False,False,False,False,True,26,0,0.5454545454545454,16010.0,108006.7,6662.0,112321.18,12928.0,108042.72,4852.866815948419,11255.333333333334,5494.248253097656,1750,1.2028801355357899,11.665095842435305,9.376278449519614
11018,11192,932.12,5387,2022-08-01,2,2,2,False,False,True,False,False,False,True,False,False,False,False,True,31,0,0.6363636363636364,11804.0,116434.86,9075.0,64561.72,4371.0,106904.99,3493.6156533501726,11068.0,5444.749360622578,174,0.4888828387330974,11.47768722722419,9.307376334487778
9215,10246,605.43,3220,2022-09-01,2,2,2,False,False,True,False,False,False,True,False,False,False,False,True,35,0,0.7272727272727273,11018.0,96536.54,16010.0,108006.7,18486.0,110350.71,2684.160203862657,12175.833333333334,4382.131920271985,1031,0.3493923611111111,11.433058216902754,9.128696382935672
11776,12295,588.21,7881,2022-10-01,2,2,0,False,False,True,False,False,False,True,False,False,True,False,False,39,1,0.8181818181818182,9215.0,92322.89,11804.0,116434.86,6662.0,112321.18,1327.373722807562,10630.666666666666,3182.4044787969115,519,0.6691857009425151,11.510101782127474,9.373903755841548
6579,7084,674.02,6015,2022-11-01,2,2,1,False,False,True,False,False,False,True,False,False,False,True,False,44,1,0.9090909090909091,11776.0,99717.03,11018.0,96536.54,9075.0,64561.72,1315.5540024390257,11483.0,2523.5345054110066,505,0.9141337386018237,11.483403447052133,8.791790024319363
15440,16476,1334.02,6800,2022-12-01,2,2,2,False,False,True,False,False,False,True,False,False,False,False,True,48,1,1.0,6579.0,97089.95,9215.0,92322.89,16010.0,108006.7,2598.590194701734,11067.0,3132.2052295467447,1036,0.44038598536364226,11.554684780068268,9.644781588320864
7039,7539,376.94,4507,2023-01-01,2,2,1,False,False,True,False,False,False,True,False,False,False,True,False,52,0,0.0,15440.0,104263.35,11776.0,99717.03,11804.0,116434.86,4452.546574714296,10972.0,2955.986400509985,500,0.6401988636363637,11.256970198926735,8.859363449152088
14650,15685,744.95,8416,2023-02-01,2,2,2,False,False,True,False,False,False,True,False,False,False,False,True,5,0,0.09090909090909091,7039.0,77416.66,6579.0,97089.95,11018.0,96536.54,4988.41527942492,10177.833333333334,3307.0028374143626,1035,0.5744317794007235,11.262638208967207,9.592263871501313
14484,15577,1301.39,8922,2023-03-01,2,2,1,False,False,True,False,False,False,True,False,False,False,True,False,9,0,0.18181818181818182,14650.0,77856.71,15440.0,104263.35,9215.0,92322.89,4639.113097708802,10783.166666666666,3788.8563665922516,1093,0.6159475319295823,11.320988508027554,9.580868910203451
16873,17509,893.43,5937,2023-04-01,2,2,0,False,False,True,False,False,False,True,False,False,True,False,False,13,0,0.2727272727272727,14484.0,82534.89,7039.0,77416.66,11776.0,99717.03,4347.085268698252,11661.333333333334,3959.4727763512446,636,0.35184307218205524,11.499110678718651,9.733529254725571
11264,12716,799.18,10314,2023-05-01,2,2,0,False,False,True,False,False,False,True,False,False,True,False,False,18,0,0.36363636363636365,16873.0,98627.02,14650.0,77856.71,6579.0,97089.95,1333.9543970216448,12510.833333333334,4499.011954492523,1452,0.9155792276964048,11.50301835118319,9.329455852866344
10779,11077,675.84,14784,2023-06-01,2,2,1,False,False,True,False,False,False,True,False,False,False,True,False,22,0,0.45454545454545453,11264.0,99013.18,14484.0,82534.89,15440.0,104263.35,2814.741018282151,13291.666666666666,3575.340133003659,298,1.3714285714285714,11.302405894841389,9.285447844462988
10847,12451,688.24,7468,2023-07-01,2,2,1,False,False,True,False,False,False,True,False,False,False,True,False,26,0,0.5454545454545454,10779.0,81015.32,16873.0,98627.02,7039.0,77416.66,3387.0572773426834,12514.833333333334,3521.1538686440026,1604,0.6884218289085545,10.936685736855539,9.291736010180177
14551,16389,1200.46,10815,2023-08-01,2,2,1,False,False,True,False,False,False,True,False,False,False,True,False,31,0,0.6363636363636364,10847.0,56199.77,11264.0,99013.18,14650.0,77856.71,262.595379497339,13149.5,2544.512900340644,1838,0.7431968114348543,11.098939608169205,9.585483720197958
15520,17556,1357.22,14175,2023-09-01,2,2,1,False,False,True,False,False,False,True,False,False,False,True,False,35,0,0.7272727272727273,14551.0,66100.03,10779.0,81015.32,14484.0,82534.89,2158.4031134151064,13133.0,2533.13236922194,2036,0.913278783583532,11.649957161875765,9.649949224651184
8179,9103,539.81,5457,2023-10-01,2,2,0,False,False,True,False,False,False,True,False,False,True,False,False,39,1,0.8181818181818182,15520.0,114685.45,10847.0,56199.77,16873.0,98627.02,2466.2895882952125,13305.666666666666,2674.976012353498,924,0.6671149144254279,11.299140856802657,9.009447429596793
10485,11160,520.58,7817,2023-11-01,2,2,1,False,False,True,False,False,False,True,False,False,False,True,False,44,1,0.9090909090909091,8179.0,80751.23,14551.0,66100.03,11264.0,99013.18,3988.1412963936014,11856.666666666666,2710.5985070951842,675,0.7454701506770932,11.300859702748621,9.257796313132479
9386,10716,805.32,4375,2023-12-01,2,2,1,False,False,True,False,False,False,True,False,False,False,True,False,48,1,1.0,10485.0,80890.15,15520.0,114685.45,10779.0,81015.32,3754.0898142337187,11726.833333333334,2762.817287962894,1330,0.46607009694258017,11.183900012100185,9.147081032336992
14286,14699,1281.45,8572,2024-01-01,2,2,0,False,False,True,False,False,False,True,False,False,True,False,False,1,0,0.0,9386.0,71961.47,8179.0,80751.23,10847.0,56199.77,1153.4214320880333,11494.666666666666,2912.8508830124906,413,0.5999860012598867,11.450169780301506,9.567105311865157
12160,12876,813.5,9076,2024-02-01,2,2,2,False,False,True,False,False,False,True,False,False,False,False,True,5,0,0.09090909090909091,14286.0,93916.29,10485.0,80890.15,14551.0,66100.03,2571.1671150147663,12067.833333333334,3092.715662110993,716,0.7463202039305978,11.60460825556412,9.405989388981
11386,12208,838.58,12853,2024-03-01,2,2,2,False,False,True,False,False,False,True,False,False,False,False,True,9,0,0.18181818181818182,12160.0,109600.71,9386.0,71961.47,15520.0,114685.45,2457.130847146734,11669.333333333334,2853.5597184335643,822,1.1287433037674541,11.265067128944848,9.340227632810604
2533,2535,256.09,4371,2024-04-01,2,2,1,False,False,True,False,False,False,True,False,False,False,True,False,14,0,0.2727272727272727,11386.0,78046.05,14286.0,93916.29,8179.0,80751.23,1501.6075830034174,10980.333333333334,2150.2713007122275,2,1.7249408050513022,10.877968510193602,7.837554360881084
11919,13335,638.26,3177,2024-05-01,2,2,1,False,False,True,False,False,False,True,False,False,False,True,False,18,0,0.36363636363636365,2533.0,52994.83,12160.0,109600.71,10485.0,80890.15,5348.7352710710975,10039.333333333334,4032.751401545435,1416,0.2665268456375839,11.54316403611653,9.385972940619341
10092,10921,673.64,4200,2024-06-01,2,2,2,False,False,True,False,False,False,True,False,False,False,False,True,22,0,0.45454545454545453,11919.0,103069.04,11386.0,78046.05,9386.0,71961.47,5271.886031899148,10278.333333333334,4106.268898485177,829,0.41612999108292875,11.310956516030494,9.219597393238859
9001,9785,745.28,5532,2024-07-01,2,2,0,False,False,True,False,False,False,True,False,False,True,False,False,27,0,0.5454545454545454,10092.0,81711.03,2533.0,52994.83,14286.0,93916.29,4976.166630382602,10396.0,4085.6482961703878,784,0.6145301044212397,11.448837722216814,9.105202053852878
8703,9620,900.76,8205,2024-08-01,2,2,1,False,False,True,False,False,False,True,False,False,False,True,False,31,0,0.6363636363636364,9001.0,93791.27,11919.0,103069.04,12160.0,109600.71,1474.388799921294,9515.166666666666,3622.742906509745,917,0.9426700367647058,11.44018325205032,9.071537969095724
11173,11333,599.99,10074,2024-09-01,2,2,1,False,False,True,False,False,False,True,False,False,False,True,False,35,0,0.7272727272727273,8703.0,92983.05,10092.0,81711.03,11386.0,78046.05,731.2553133710177,8939.0,3385.0847552166274,160,0.9015571863253983,11.249026974179191,9.321344930019094
14285,15878,1221.37,6225,2024-10-01,2,2,2,False,False,True,False,False,False,True,False,False,False,False,True,40,1,0.8181818181818182,11173.0,76804.15,9001.0,93791.27,2533.0,52994.83,1348.2882975585553,8903.5,3355.275830688144,1593,0.4357412851742965,11.373262052740815,9.567035315714918
10466,10713,758.26,8191,2024-11-01,2,2,0,False,False,True,False,False,False,True,False,False,True,False,False,44,1,0.9090909090909091,14285.0,86964.09,8703.0,92983.05,11919.0,103069.04,2797.1464030329244,10862.166666666666,2080.7883522037137,247,0.7825546957103277,11.36378476421323,9.255982729854884
6156,6299,325.04,13315,2024-12-01,2,2,1,False,False,True,False,False,False,True,False,False,False,True,False,48,1,1.0,10466.0,86143.79,11173.0,76804.15,10092.0,81711.03,2031.795347305767,10620.0,2016.7589841128722,143,2.162579178171187,11.452437608800945,8.72534492491121
9133,10371,479.48,14114,2025-01-01,2,2,2,False,False,True,False,False,False,True,False,False,False,False,True,1,0,0.0,6156.0,94129.52,14285.0,86964.09,9001.0,93791.27,4066.970658036931,9964.0,2735.0714798703157,1238,1.54521567768776,11.639551243633285,9.119758993744945
889,1013,46.94,3282,2025-02-01,2,2,0,False,False,True,False,False,False,True,False,False,True,False,False,5,0,0.09090909090909091,9133.0,113498.22,10466.0,86143.79,8703.0,92983.05,2206.6383935751687,9986.0,2726.2930143328317,124,3.6876404494382022,11.06193827170031,6.7912214627261855
11610,12377,1213.83,12608,2025-03-01,2,2,2,False,False,True,False,False,False,True,False,False,False,False,True,9,0,0.18181818181818182,889.0,63698.9,6156.0,94129.52,11173.0,76804.15,4174.672721703261,8683.666666666666,4649.650639205777,767,1.0858668504004823,11.366311032823578,9.359708203627006
6995,7039,453.28,8329,2025-04-01,2,2,1,False,False,True,False,False,False,True,False,False,False,True,False,14,0,0.2727272727272727,11610.0,86361.69,9133.0,113498.22,14285.0,86964.09,5613.063720761891,8756.5,4699.597291258053,44,1.1905374499714123,11.484290468888345,8.853093836138493
12152,13861,887.7,3797,2025-05-01,2,2,2,False,False,True,False,False,False,True,False,False,False,False,True,18,0,0.36363636363636365,6995.0,97176.11,889.0,63698.9,10466.0,86143.79,5377.752039653743,7541.5,3849.994636359907,1709,0.3124331440796511,10.825774670100692,9.4053313318708
9097,9555,473.5,8804,2025-06-01,2,2,2,False,False,True,False,False,False,True,False,False,False,False,True,22,0,0.45454545454545453,12152.0,50299.72,11610.0,86361.69,6156.0,94129.52,2833.920664615253,7822.5,4155.539375339867,458,0.9676852055396791,11.033039404966061,9.115809888129949
17474,19836,1866.22,10730,2025-07-01,2,2,1,False,False,True,False,False,False,True,False,False,False,True,False,27,0,0.5454545454545454,9097.0,61884.39,6995.0,97176.11,9133.0,113498.22,2593.1344610978717,8312.666666666666,4092.6296029162845,2362,0.6140200286123033,11.131071311500605,9.768526567102011
8857,10153,904.74,12034,2025-08-01,2,2,1,False,False,True,False,False,False,True,False,False,False,True,False,31,0,0.6363636363636364,17474.0,68258.46,12152.0,50299.72,889.0,63698.9,4239.316729537129,9702.833333333334,5575.119493487711,1296,1.3585459471664032,11.04736331772441,9.089076284483143
7781,8045,522.88,13205,2025-09-01,2,2,1,False,False,True,False,False,False,True,False,False,False,True,False,36,0,0.7272727272727273,8857.0,62777.21,9097.0,61884.39,11610.0,86361.69,4907.212684746135,11030.833333333334,3684.021140909298,264,1.6968645592392702,11.313410301623612,8.9595686535445
8179,8289,549.63,9702,2025-10-01,2,2,2,False,False,True,False,False,False,True,False,False,False,False,True,40,1,0.8181818181818182,7781.0,81911.78,17474.0,68258.46,6995.0,97176.11,5312.951376902801,10392.666666666666,3889.5372818198643,110,1.1860635696821515,11.15709759073806,9.009447429596793
11127,11803,983.07,11365,2025-11-01,2,2,0,False,False,True,False,False,False,True,False,False,True,False,False,44,1,0.9090909090909091,8179.0,70058.32,8857.0,62777.21,12152.0,50299.72,544.0379888696599,10590.0,3708.5048200049555,676,1.0212976276060388,11.405505496761723,9.31721973360328
9394,10078,984.96,4241,2025-12-01,2,2,1,False,False,True,False,False,False,True,False,False,False,True,False,49,1,1.0,11127.0,89813.84,7781.0,81911.78,9097.0,61884.39,1827.7866396272893,10419.166666666666,3645.2286850987357,684,0.45141032464076636,11.322180369582394,9.147932911847565
7413,7546,528.18,11149,2015-07-01,3,2,2,False,False,False,True,False,False,True,False,False,False,False,True,27,0,0.5454545454545454,8199.0,59041.16,18488.0,67341.17,11986.0,91906.09,6413.207647763585,11130.666666666666,4781.500420021593,133,1.5037766387914755,11.629266661676226,8.911125383710678
10073,10423,1031.98,9522,2015-08-01,3,2,1,False,False,False,True,False,False,True,False,False,False,True,False,31,0,0.6363636363636364,7413.0,112336.91,6711.0,99067.84,6766.0,106568.43,744.3950564048586,10368.5,4978.308819267844,350,0.9452054794520548,11.634888374989917,9.217713126305595
8924,9038,923.63,10144,2015-09-01,3,2,2,False,False,False,True,False,False,True,False,False,False,False,True,36,0,0.7272727272727273,10073.0,112970.22,8199.0,59041.16,14634.0,109445.64,1366.5816233702724,10919.666666666666,4673.422714314067,114,1.1365826330532214,11.69343037265596,9.09661160664784
11024,12017,922.71,13972,2015-10-01,3,2,1,False,False,False,True,False,False,True,False,False,False,True,False,40,1,0.8181818181818182,8924.0,119781.2,7413.0,112336.91,18488.0,67341.17,1334.0990717834,9968.0,4334.900137258065,993,1.2673015873015874,11.477853262833356,9.307920700315046
10329,11783,760.73,7208,2015-11-01,3,2,1,False,False,False,True,False,False,True,False,False,False,True,False,44,1,0.9090909090909091,11024.0,96552.57,10073.0,112970.22,6711.0,99067.84,1051.5545634915932,8724.0,1624.5809305787088,1454,0.6977734753146176,11.570400001060495,9.242807562113684
9331,9800,639.64,12815,2015-12-01,3,2,0,False,False,False,True,False,False,True,False,False,True,False,False,49,1,1.0,10329.0,105914.83,8924.0,119781.2,8199.0,59041.16,1069.8169625376709,9327.0,1381.1964378755058,469,1.3732318902700387,11.533184654692587,9.14120463314132
8190,8927,861.18,13321,2016-01-01,3,2,0,False,False,False,True,False,False,True,False,False,True,False,False,53,0,0.0,9331.0,102045.58,11024.0,96552.57,7413.0,112336.91,851.0070504995799,9515.666666666666,1269.0610177082322,737,1.6262971554144794,11.162195386677515,9.010791269515602
12174,12987,1243.57,10115,2016-02-01,3,2,0,False,False,False,True,False,False,True,False,False,True,False,False,5,0,0.09090909090909091,8190.0,70416.38,10329.0,105914.83,10073.0,112970.22,1070.296376399233,9645.166666666666,1028.4106994127656,813,0.8308008213552361,11.362546778888174,9.40713994795079
8809,9889,457.19,3069,2016-03-01,3,2,1,False,False,False,True,False,False,True,False,False,False,True,False,9,0,0.18181818181818182,12174.0,86037.21,9331.0,102045.58,8924.0,119781.2,2051.6979147363113,9995.333333333334,1467.2695276146965,1080,0.34835414301929624,10.97533876999423,9.083642718930225
7770,8462,572.26,4637,2016-04-01,3,2,1,False,False,False,True,False,False,True,False,False,False,True,False,13,0,0.2727272727272727,8809.0,58414.63,8190.0,70416.38,11024.0,96552.57,2143.9310467767677,9976.166666666666,1484.7105329547085,692,0.5967057006820229,11.347752192288986,8.958154135209242
15560,15968,996.62,4756,2016-05-01,3,2,1,False,False,False,True,False,False,True,False,False,False,True,False,17,0,0.36363636363636365,7770.0,84773.68,12174.0,86037.21,10329.0,105914.83,2302.0991145763746,9433.833333333334,1614.0812143961818,408,0.305635884583253,11.352529339552225,9.65252306301951
8538,8629,458.49,11850,2016-06-01,3,2,0,False,False,False,True,False,False,True,False,False,True,False,False,22,0,0.45454545454545453,15560.0,85179.63,8809.0,58414.63,9331.0,102045.58,4229.649749092707,10305.666666666666,3006.47053314458,91,1.3877503220517624,10.836607672478692,9.052399183907607
9463,10543,624.56,5429,2016-07-01,3,2,2,False,False,False,True,False,False,True,False,False,False,False,True,26,0,0.5454545454545454,8538.0,50847.59,7770.0,84773.68,8190.0,70416.38,4293.064329046716,10173.5,3074.546714558097,1080,0.573647506339814,10.868050028508963,9.155250405658222
9094,9464,935.77,12320,2016-08-01,3,2,2,False,False,False,True,False,False,True,False,False,False,False,True,31,0,0.6363636363636364,9463.0,52471.79,15560.0,85179.63,12174.0,86037.21,3815.2657836643566,10385.666666666666,2951.766838127066,370,1.354590434304563,11.544025603015058,9.115480090952223
8660,8899,756.02,4825,2016-09-01,3,2,1,False,False,False,True,False,False,True,False,False,False,True,False,35,0,0.7272727272727273,9094.0,103157.88,8538.0,50847.59,8809.0,58414.63,465.63970334726577,9872.333333333334,2844.4274409213976,239,0.5570950236693223,11.631421846135195,9.066585468331045
6258,7036,334.18,4350,2016-10-01,3,2,2,False,False,False,True,False,False,True,False,False,False,False,True,39,1,0.8181818181818182,8660.0,112579.28,9463.0,52471.79,7770.0,84773.68,401.93822079186504,9847.5,2856.1936734052165,778,0.6949992011503435,11.152062908063721,8.7417757069247
2787,3166,290.96,6712,2016-11-01,3,2,2,False,False,False,True,False,False,True,False,False,False,False,True,44,1,0.9090909090909091,6258.0,69706.48,9094.0,103157.88,15560.0,85179.63,1527.571929566656,9595.5,3129.7505172137894,379,2.407460545193687,11.512758351007468,7.933079771880415
9646,9877,1020.06,8502,2016-12-01,3,2,1,False,False,False,True,False,False,True,False,False,False,True,False,48,1,1.0,2787.0,99982.29,8660.0,112579.28,8538.0,50847.59,2952.670373294881,7466.666666666667,2552.0781858451414,231,0.8813102518917798,10.85196760438688,9.174402265170553
6113,6850,308.1,14489,2017-01-01,3,2,0,False,False,False,True,False,False,True,False,False,True,False,False,52,0,0.0,9646.0,51634.65,6258.0,69706.48,9463.0,52471.79,3429.5836967966434,7651.333333333333,2681.8890108777114,737,2.369807000327118,11.149286183374352,8.71833650245078
244,267,15.08,5003,2017-02-01,3,2,1,False,False,False,True,False,False,True,False,False,False,True,False,5,0,0.09090909090909091,6113.0,69513.19,2787.0,99982.29,9094.0,103157.88,3430.0205538742766,7093.0,2575.9099363137598,23,20.420408163265307,11.505608763069848,5.501258210544727
9296,9376,623.3,12422,2017-03-01,3,2,2,False,False,False,True,False,False,True,False,False,False,False,True,9,0,0.18181818181818182,244.0,99270.0,9646.0,51634.65,8660.0,112579.28,4749.12016412865,5618.0,3550.4256082897928,80,1.3361299343874369,11.67032477656026,9.137447046455858
12976,14909,685.13,7460,2017-04-01,3,2,0,False,False,False,True,False,False,True,False,False,True,False,False,13,0,0.2727272727272727,9296.0,117045.29,6113.0,69513.19,6258.0,69706.48,4591.937753643154,5724.0,3666.9909735367423,1933,0.574863219542267,10.880775354506305,9.470933838737231
12601,13161,911.05,4230,2017-05-01,3,2,2,False,False,False,True,False,False,True,False,False,False,False,True,18,0,0.36363636363636365,12976.0,53143.79,244.0,99270.0,2787.0,99982.29,6552.161577169273,6843.666666666667,4733.255567436288,560,0.33566100618949374,11.513032359256831,9.441610810502
9078,10082,637.28,7158,2017-06-01,3,2,2,False,False,False,True,False,False,True,False,False,False,False,True,22,0,0.45454545454545453,12601.0,100009.69,9296.0,117045.29,9646.0,51634.65,2025.0946479938495,8479.333333333334,4746.713628044843,1004,0.7884128207952418,11.506100326611815,9.113719333371757
14291,14867,1528.42,10997,2017-07-01,3,2,2,False,False,False,True,False,False,True,False,False,False,False,True,26,0,0.5454545454545454,9078.0,99318.81,12976.0,53143.79,6113.0,69513.19,2150.4479378337273,8384.666666666666,4724.40411762866,576,0.769451441365799,11.23575356663013,9.5674552191433
11311,12214,590.43,4406,2017-08-01,3,2,0,False,False,False,True,False,False,True,False,False,True,False,False,31,0,0.6363636363636364,14291.0,75791.42,12601.0,100009.69,244.0,99270.0,2659.6678364036356,9747.666666666666,5102.502549403249,903,0.38949787835926447,10.969552888885818,9.333619388136354
5641,5822,377.38,9084,2017-09-01,3,2,0,False,False,False,True,False,False,True,False,False,True,False,False,35,0,0.7272727272727273,11311.0,58077.62,9078.0,99318.81,9296.0,117045.29,2615.4049399662754,11592.166666666666,2092.3150256753092,181,1.610067352002836,11.286533643734865,8.637993891561942
17816,19626,1306.8,5008,2017-10-01,3,2,1,False,False,False,True,False,False,True,False,False,False,True,False,39,1,0.8181818181818182,5641.0,79739.56,14291.0,75791.42,12976.0,53143.79,4394.159001826553,10983.0,3156.1498696988388,1810,0.28107986754223496,11.24006080379108,9.78790833668397
9677,10121,600.94,8023,2017-11-01,3,2,1,False,False,False,True,False,False,True,False,False,False,True,False,44,1,0.9090909090909091,17816.0,76118.58,11311.0,58077.62,12601.0,100009.69,6092.270375921717,11789.666666666666,4209.987727614734,444,0.8289935937177103,11.58587550984198,9.177610547353265
12033,12123,853.74,8258,2017-12-01,3,2,0,False,False,False,True,False,False,True,False,False,True,False,False,48,1,1.0,9677.0,107566.68,5641.0,79739.56,9078.0,99318.81,6201.656257269773,11302.333333333334,4266.148598755869,90,0.6862223699518032,10.867516657546163,9.395491255780296
4526,4637,234.9,13828,2018-01-01,3,2,0,False,False,False,True,False,False,True,False,False,True,False,False,1,0,0.0,12033.0,52443.81,17816.0,76118.58,14291.0,75791.42,4188.0215297122495,11794.833333333334,4126.28154234132,111,3.0545615197702674,10.970984404702655,8.417814747435958
7777,8238,649.77,12927,2018-02-01,3,2,0,False,False,False,True,False,False,True,False,False,True,False,False,5,0,0.09090909090909091,4526.0,58160.82,9677.0,107566.68,11311.0,58077.62,3839.2400723754345,10167.333333333334,4813.388605407489,461,1.6619953715608125,11.0465236613557,8.959054514715692
10165,10584,1030.73,13850,2018-03-01,3,2,1,False,False,False,True,False,False,True,False,False,False,True,False,9,0,0.18181818181818182,7777.0,62724.52,12033.0,52443.81,5641.0,79739.56,3764.6953395992086,9578.333333333334,4861.434836204909,419,1.3623844186504033,11.509536930365977,9.226804098006848
5799,6342,292.27,3719,2018-04-01,3,2,1,False,False,False,True,False,False,True,False,False,False,True,False,13,0,0.2727272727272727,10165.0,99660.72,4526.0,58160.82,17816.0,76118.58,2830.4848230176635,10332.333333333334,4463.143092784126,543,0.6412068965517241,11.535630542745578,8.66561319653451
5386,5493,336.89,9941,2018-05-01,3,2,1,False,False,False,True,False,False,True,False,False,False,True,False,18,0,0.36363636363636365,5799.0,102295.48,7777.0,62724.52,9677.0,107566.68,2186.206150694242,8329.5,2831.1138267473398,107,1.8453684796732877,11.453904918436864,8.591743922680534
6735,7306,690.0,6555,2018-06-01,3,2,1,False,False,False,True,False,False,True,False,False,False,True,False,22,0,0.45454545454545453,5386.0,94267.74,10165.0,99660.72,12033.0,52443.81,2647.998174722433,7614.333333333333,2961.6104853046804,571,0.9731294536817102,11.640106863992232,8.815221555922163
7131,8189,523.06,4710,2018-07-01,3,2,2,False,False,False,True,False,False,True,False,False,False,False,True,26,0,0.5454545454545454,6735.0,113561.3,5799.0,102295.48,4526.0,58160.82,691.1905188392968,6731.333333333333,2021.1957516941836,1058,0.6604038137969714,11.491732471562889,8.872346978983032
2639,2929,187.63,14297,2018-08-01,3,2,0,False,False,False,True,False,False,True,False,False,True,False,False,31,0,0.6363636363636364,7131.0,97902.0,5386.0,94267.74,7777.0,62724.52,914.8444312195033,7165.5,1708.297134575819,290,5.4155303030303035,10.8527727314576,7.878534196140362
8643,9882,440.79,3749,2018-09-01,3,2,2,False,False,False,True,False,False,True,False,False,False,False,True,35,0,0.7272727272727273,2639.0,51676.24,6735.0,113561.3,10165.0,99660.72,2487.0362549294164,6309.166666666667,2461.9839493113295,1239,0.4337112447940768,11.243323622306619,9.064620717626777
5201,5401,538.3,6850,2018-10-01,3,2,1,False,False,False,True,False,False,True,False,False,False,True,False,40,1,0.8181818181818182,8643.0,76367.35,7131.0,97902.0,5799.0,102295.48,3122.825216584069,6055.5,2024.8492042618739,200,1.31680123029604,11.53907068055842,8.556798446008598
9342,9740,653.01,7719,2018-11-01,3,2,2,False,False,False,True,False,False,True,False,False,False,False,True,44,1,0.9090909090909091,5201.0,102648.0,2639.0,51676.24,5386.0,94267.74,3012.7292167291334,5955.833333333333,2054.4998823720116,398,0.8261800278283207,11.159513762292008,9.142382678792956
13800,13902,1422.09,5723,2018-12-01,3,2,0,False,False,False,True,False,False,True,False,False,True,False,False,48,1,1.0,9342.0,70227.8,8643.0,76367.35,6735.0,113561.3,2216.748594977188,6615.166666666667,2434.6638713930547,102,0.4146800956452431,11.12719518774247,9.53249633228804
10197,10593,734.18,4455,2019-01-01,3,2,0,False,False,False,True,False,False,True,False,False,True,False,False,1,0,0.0,13800.0,67994.39,5201.0,102648.0,7131.0,97902.0,4300.473733594165,7792.666666666667,3819.067250869855,396,0.43685036281623846,10.891147237445013,9.2299469016151
9582,10448,1006.11,14190,2019-02-01,3,2,1,False,False,False,True,False,False,True,False,False,False,True,False,5,0,0.09090909090909091,10197.0,53697.87,9342.0,70227.8,2639.0,51676.24,2365.952873579693,8303.666666666666,3916.699205538592,866,1.480747156422832,10.925597774723126,9.167745974343763
9776,10512,703.87,9984,2019-03-01,3,2,1,False,False,False,True,False,False,True,False,False,False,True,False,9,0,0.18181818181818182,9582.0,55580.06,13800.0,67994.39,8643.0,76367.35,2278.572579489187,9460.833333333334,2764.566614619126,736,1.0211721386928505,11.641284466312547,9.18778796750567
17426,19342,1769.61,9458,2019-04-01,3,2,0,False,False,False,True,False,False,True,False,False,True,False,False,14,0,0.2727272727272727,9776.0,113695.11,10197.0,53697.87,5201.0,102648.0,314.40472854799873,9649.666666666666,2736.0801645175998,1916,0.5427210650140586,11.692581054562861,9.765776006660642
6061,6255,319.11,5609,2019-05-01,3,2,0,False,False,False,True,False,False,True,False,False,True,False,False,18,0,0.36363636363636365,17426.0,119679.51,9582.0,55580.06,9342.0,70227.8,4473.78422963528,11687.166666666666,3261.992054966823,194,0.9252721873968988,11.27442839936217,8.709795057617749
10583,11908,660.38,11831,2019-06-01,3,2,1,False,False,False,True,False,False,True,False,False,False,True,False,22,0,0.45454545454545453,6061.0,78780.1,9776.0,113695.11,13800.0,67994.39,5794.925222410841,11140.333333333334,3938.597347618397,1325,1.117819349962207,11.510177793576158,9.267098705794792
10429,10716,757.15,9945,2019-07-01,3,2,2,False,False,False,True,False,False,True,False,False,False,False,True,27,0,0.5454545454545454,10583.0,99724.61,17426.0,119679.51,10197.0,53697.87,5721.863886299056,10604.166666666666,3716.8451900323566,287,0.9534995206136145,10.957738953292056,9.252441547994819
11480,11915,793.84,13946,2019-08-01,3,2,1,False,False,False,True,False,False,True,False,False,False,True,False,31,0,0.6363636363636364,10429.0,57395.52,6061.0,78780.1,9582.0,55580.06,2567.4768418299964,10642.833333333334,3712.9669762424046,435,1.214702552042505,10.90981860285507,9.348448774093812
3820,4316,393.08,8854,2019-09-01,3,2,1,False,False,False,True,False,False,True,False,False,False,True,False,35,0,0.7272727272727273,11480.0,54709.92,10583.0,99724.61,9776.0,113695.11,567.5864104551233,10959.166666666666,3685.259796359908,496,2.317194451714211,11.480916397278612,8.2482674474469
10325,10402,892.08,9909,2019-10-01,3,2,0,False,False,False,True,False,False,True,False,False,True,False,False,40,1,0.8181818181818182,3820.0,96848.78,10429.0,57395.52,17426.0,119679.51,4152.490858910268,9966.5,4723.583247916776,77,0.9596165020337013,11.010310210356726,9.242420265439595
12028,12708,608.02,8493,2019-11-01,3,2,1,False,False,False,True,False,False,True,False,False,False,True,False,44,1,0.9090909090909091,10325.0,60493.65,11480.0,54709.92,6061.0,78780.1,4129.6620119972695,8783.0,3086.795814432821,680,0.7060437276581595,11.128392933759969,9.395075679994072
7274,7421,764.86,10713,2019-12-01,3,2,2,False,False,False,True,False,False,True,False,False,False,False,True,48,1,1.0,12028.0,68075.88,3820.0,96848.78,10583.0,99724.61,4331.7913538550465,9777.5,2994.2645674689456,147,1.4725773195876288,11.005344737495868,8.892199092039693
7377,8178,390.61,8311,2020-01-01,3,2,2,False,False,False,True,False,False,True,False,False,False,False,True,1,0,0.0,7274.0,60194.01,10325.0,60493.65,10429.0,57395.52,2408.641595035121,9226.0,3118.392855302229,801,1.126457034426674,11.181735293647845,8.906257878156621
12916,13310,802.08,13663,2020-02-01,3,2,1,False,False,False,True,False,False,True,False,False,False,True,False,5,0,0.09090909090909091,7377.0,71805.86,12028.0,68075.88,11480.0,54709.92,2715.478042628958,8717.333333333334,3131.804953483957,394,1.0577533483006891,11.618512474976272,9.466299552232016
10598,11956,658.14,12394,2020-03-01,3,2,1,False,False,False,True,False,False,True,False,False,False,True,False,9,0,0.18181818181818182,12916.0,111135.28,7274.0,60194.01,3820.0,96848.78,3228.0875143031667,8956.666666666666,3426.187482708244,1358,1.1693555995848666,11.490917966731608,9.268514936027255
11163,11497,577.69,11705,2020-04-01,3,2,2,False,False,False,True,False,False,True,False,False,False,False,True,14,0,0.2727272727272727,10598.0,97822.29,7377.0,71805.86,10325.0,60493.65,2781.7406421160113,10086.333333333334,2338.612979239331,334,1.0484593335721963,11.238356505278642,9.320449594656212
9483,9811,627.3,3906,2020-05-01,3,2,2,False,False,False,True,False,False,True,False,False,False,False,True,18,0,0.36363636363636365,11163.0,75988.96,12916.0,111135.28,12028.0,68075.88,1208.6740669014116,10226.0,2380.3681227910934,328,0.4118515394348376,11.161731899362598,9.157361447185297
12434,12801,1087.35,7860,2020-06-01,3,2,1,False,False,False,True,False,False,True,False,False,False,True,False,23,0,0.45454545454545453,9483.0,70383.75,10598.0,97822.29,7274.0,60194.01,854.873284957093,9801.833333333334,2216.1273805146343,367,0.632086851628468,11.081351774759858,9.428270356237505
13904,14572,1190.88,4545,2020-07-01,3,2,0,False,False,False,True,False,False,True,False,False,True,False,False,27,0,0.5454545454545454,12434.0,64947.62,11163.0,75988.96,7377.0,71805.86,1480.2163130209487,10661.833333333334,2032.5778131886282,668,0.3268608414239482,10.942834680318573,9.540003766668065
14895,15487,1286.93,10963,2020-08-01,3,2,2,False,False,False,True,False,False,True,False,False,False,False,True,31,0,0.6363636363636364,13904.0,56546.41,9483.0,70383.75,12916.0,111135.28,2251.4640422030575,11749.666666666666,1629.6066601074872,592,0.735969387755102,11.307195414751861,9.608847999516849
6756,7714,715.46,6177,2020-09-01,3,2,1,False,False,False,True,False,False,True,False,False,False,True,False,36,0,0.7272727272727273,14895.0,81404.28,12434.0,64947.62,10598.0,97822.29,1238.2448600068276,12079.5,2057.09200085947,958,0.9141630901287554,10.990047333992505,8.818334283552174
10348,10789,904.93,13353,2020-10-01,3,2,1,False,False,False,True,False,False,True,False,False,False,True,False,40,1,0.8181818181818182,6756.0,59280.19,13904.0,56546.41,11163.0,75988.96,4440.707638804127,11439.166666666666,2994.7549760650995,441,1.2902695912648565,10.883603050885588,9.244645175668174
11189,11741,577.35,9533,2020-11-01,3,2,1,False,False,False,True,False,False,True,False,False,False,True,False,44,1,0.9090909090909091,10348.0,53294.28,14895.0,81404.28,9483.0,70383.75,4078.8273233042514,11303.333333333334,3028.0838605736585,552,0.8519213583556747,10.877198341796351,9.322775801305971
385,400,34.25,14986,2020-12-01,3,2,1,False,False,False,True,False,False,True,False,False,False,True,False,49,1,1.0,11189.0,52954.03,6756.0,59280.19,12434.0,64947.62,2354.4721276753294,11587.666666666666,2900.3739529010177,15,38.82383419689119,11.432597341569497,5.955837369464831
10139,10942,535.34,10965,2021-01-01,3,2,0,False,False,False,True,False,False,True,False,False,True,False,False,53,0,0.0,385.0,92280.35,10348.0,53294.28,13904.0,56546.41,6009.645940763343,9579.5,5341.308931338832,803,1.081360946745562,11.578181884606996,9.224243277145174
4619,5064,336.73,7108,2021-02-01,3,2,2,False,False,False,True,False,False,True,False,False,False,False,True,5,0,0.09090909090909091,10139.0,106742.27,11189.0,52954.03,14895.0,81404.28,5957.760093636981,8952.0,4937.552187065972,445,1.5385281385281386,11.497782182050718,8.438149984075784
11207,12054,566.51,6893,2021-03-01,3,2,1,False,False,False,True,False,False,True,False,False,False,True,False,9,0,0.18181818181818182,4619.0,98496.08,385.0,92280.35,6756.0,59280.19,4891.10880407841,7239.333333333333,4189.352821936415,847,0.6150071377587437,11.509063918788446,9.324383088016843
5351,5870,532.16,8486,2021-04-01,3,2,1,False,False,False,True,False,False,True,False,False,False,True,False,13,0,0.2727272727272727,11207.0,99613.59,10139.0,106742.27,10348.0,53294.28,3535.8348377716957,7981.166666666667,4471.247093000634,519,1.585575485799701,10.880587171601752,8.585225601808064
15795,17652,1144.35,13063,2021-05-01,3,2,0,False,False,False,True,False,False,True,False,False,True,False,False,17,0,0.36363636363636365,5351.0,53133.79,4619.0,98496.08,11189.0,52954.03,3610.8702552154923,7148.333333333333,4407.141053638583,1857,0.8269815143074196,11.311168090397256,9.66751202240654
9313,10131,965.29,13863,2021-06-01,3,2,2,False,False,False,True,False,False,True,False,False,False,False,True,22,0,0.45454545454545453,15795.0,81728.32,11207.0,99613.59,385.0,92280.35,5234.813209020292,7916.0,5513.917772328487,818,1.48840455228688,11.681202862619319,9.139273923542323
5168,5266,358.92,4891,2021-07-01,3,2,0,False,False,False,True,False,False,True,False,False,True,False,False,26,0,0.5454545454545454,9313.0,118325.48,5351.0,53133.79,10139.0,106742.27,5272.426765731317,9404.0,4097.980722258217,98,0.9462178371058232,10.898562847105094,8.550434525196039
7933,8430,559.28,6248,2021-08-01,3,2,2,False,False,False,True,False,False,True,False,False,False,False,True,30,0,0.6363636363636364,5168.0,54097.56,15795.0,81728.32,4619.0,98496.08,5356.1565511101335,8575.5,4410.265921687712,497,0.7874968490042854,11.357425608747004,8.978912601074276
11461,12063,955.85,3575,2021-09-01,3,2,1,False,False,False,True,False,False,True,False,False,False,True,False,35,0,0.7272727272727273,7933.0,85597.72,9313.0,118325.48,11207.0,99613.59,2110.7127548137214,9127.833333333334,4004.5151724855086,602,0.31190019193857965,11.310243759894147,9.346792495111682
14764,15765,1233.53,8116,2021-10-01,3,2,1,False,False,False,True,False,False,True,False,False,False,True,False,39,1,0.8181818181818182,11461.0,81652.81,5168.0,54097.56,5351.0,53133.79,3154.19979286876,9170.166666666666,4032.1381135405873,1001,0.5496782932610904,11.286128121680504,9.600014794178023
14807,14852,1026.13,13348,2021-11-01,3,2,1,False,False,False,True,False,False,True,False,False,False,True,False,44,1,0.9090909090909091,14764.0,79707.23,7933.0,85597.72,15795.0,81728.32,3416.117533106845,10739.0,4079.906812661289,45,0.9014046461372232,11.432964412296165,9.602922854253334
4600,4845,385.02,11919,2021-12-01,3,2,2,False,False,False,True,False,False,True,False,False,False,False,True,48,1,1.0,14807.0,92314.23,11461.0,81652.81,9313.0,118325.48,1919.5213813170535,10574.333333333334,3848.402144613614,245,2.5905237991740924,11.15465338915225,8.434028950155469
20667,23519,1469.42,13243,2022-01-01,3,2,1,False,False,False,True,False,False,True,False,False,False,True,False,52,0,0.0,4600.0,69887.29,14764.0,79707.23,5168.0,54097.56,5880.640469654078,9788.833333333334,4570.571754897483,2852,0.6407489839365202,10.88635410384563,9.936341889407075
856,966,87.06,13367,2022-02-01,3,2,1,False,False,False,True,False,False,True,False,False,False,True,False,5,0,0.09090909090909091,20667.0,53441.1,14807.0,92314.23,7933.0,85597.72,8130.917721881092,12372.0,5681.488185326096,110,15.597432905484247,11.65311575037602,6.75343791859778
8256,9464,531.27,3360,2022-03-01,3,2,1,False,False,False,True,False,False,True,False,False,False,True,False,9,0,0.18181818181818182,856.0,115048.27,4600.0,69887.29,11461.0,81652.81,10524.90495602375,11192.5,7293.3223362196195,1208,0.4069274554923096,11.126957202117563,9.01881660441743
10056,11163,1027.22,7885,2022-04-01,3,2,0,False,False,False,True,False,False,True,False,False,True,False,False,13,0,0.2727272727272727,8256.0,67978.21,20667.0,53441.1,14764.0,79707.23,10010.566434190092,10658.333333333334,7386.4969956445975,1107,0.7840310231679427,11.274342080518078,9.21602418844448
10488,10878,555.34,6926,2022-05-01,3,2,0,False,False,False,True,False,False,True,False,False,True,False,False,17,0,0.36363636363636365,10056.0,78773.3,856.0,115048.27,14807.0,92314.23,4875.790534193746,9873.666666666666,7107.936203052659,390,0.6603108017923539,11.174537574655574,9.258082367961604
8749,9899,871.4,12457,2022-06-01,3,2,2,False,False,False,True,False,False,True,False,False,False,False,True,22,0,0.45454545454545453,10488.0,71290.87,8256.0,67978.21,4600.0,69887.29,1183.8107956932952,9153.833333333334,6716.315252180071,1150,1.423657142857143,11.068462634844412,9.07680897935166
8707,9829,608.62,13455,2022-07-01,3,2,0,False,False,False,True,False,False,True,False,False,True,False,False,26,0,0.5454545454545454,8749.0,64115.86,10056.0,78773.3,20667.0,53441.1,905.4459306514809,9845.333333333334,6357.702593442592,1122,1.5451309141019751,11.12636316768009,9.071997422354437
13179,14454,899.47,9057,2022-08-01,3,2,2,False,False,False,True,False,False,True,False,False,False,False,True,31,0,0.6363636363636364,8707.0,67937.84,10488.0,71290.87,856.0,115048.27,1016.3534490192505,7852.0,3534.0904912013752,1275,0.6871775417298938,11.588700061818859,9.486455808056498
14406,15616,1216.59,3471,2022-09-01,3,2,1,False,False,False,True,False,False,True,False,False,False,True,False,35,0,0.7272727272727273,13179.0,107870.94,8749.0,64115.86,8256.0,67978.21,2569.8718515391633,9905.833333333334,1820.5769872945932,1210,0.24092455056569723,11.125073235466417,9.575469478561473
9010,9866,971.73,5165,2022-10-01,3,2,2,False,False,False,True,False,False,True,False,False,False,False,True,39,1,0.8181818181818182,14406.0,67850.26,8707.0,67937.84,10056.0,78773.3,2999.5253513403295,10930.833333333334,2357.893247512844,856,0.573188325380091,11.545038284484638,9.106201332235038
4638,5271,235.15,9202,2022-11-01,3,2,1,False,False,False,True,False,False,True,False,False,False,True,False,44,1,0.9090909090909091,9010.0,103262.4,13179.0,107870.94,10488.0,71290.87,2828.51274229644,10756.5,2471.445629586052,633,1.9836171588704463,11.038461985359987,8.442254104751743
4719,5062,346.14,10611,2022-12-01,3,2,2,False,False,False,True,False,False,True,False,False,False,False,True,48,1,1.0,4638.0,62220.88,14406.0,67850.26,8749.0,64115.86,4892.93749534299,9781.5,3527.050254816337,343,2.248093220338983,11.590936047737395,8.459564078579602
9835,9882,708.12,8000,2023-01-01,3,2,1,False,False,False,True,False,False,True,False,False,False,True,False,52,0,0.0,4719.0,108112.41,9010.0,103262.4,8707.0,67937.84,2501.1206155108425,9109.833333333334,4100.157334379578,47,0.813338755591704,11.438878306351942,9.193804403336083
9190,10059,569.32,13663,2023-02-01,3,2,2,False,False,False,True,False,False,True,False,False,False,False,True,5,0,0.09090909090909091,9835.0,92861.79,4638.0,62220.88,13179.0,107870.94,2977.3821275297087,9297.833333333334,4103.851333402156,869,1.4865629420084865,11.171656944547054,9.12598002335811
9070,9500,780.93,14739,2023-03-01,3,2,0,False,False,False,True,False,False,True,False,False,True,False,False,9,0,0.18181818181818182,9190.0,71085.8,4719.0,108112.41,14406.0,67850.26,2786.2556116288633,8633.0,3647.0298051976465,430,1.6248484180354978,11.48662614982431,9.112837790614945
7838,8024,844.15,4837,2023-04-01,3,2,2,False,False,False,True,False,False,True,False,False,False,False,True,13,0,0.2727272727272727,9070.0,97403.35,9835.0,92861.79,9010.0,103262.4,411.4304315434119,7743.666666666667,2392.575571777544,186,0.6170429901773186,11.061902792208317,8.966866554188723
7465,8189,780.47,9530,2023-05-01,3,2,1,False,False,False,True,False,False,True,False,False,False,True,False,18,0,0.36363636363636365,7838.0,63696.64,9190.0,71085.8,4638.0,62220.88,748.3457311519402,7548.333333333333,2315.1007465478992,724,1.2764532547548888,11.345568970949598,8.91811465947453
9262,9758,805.79,13833,2023-06-01,3,2,0,False,False,False,True,False,False,True,False,False,True,False,False,22,0,0.45454545454545453,7465.0,84588.8,9070.0,97403.35,4719.0,108112.41,839.9382913841539,8019.5,1844.0918361079468,496,1.493360682284357,11.1612817005385,9.133783249254028
6998,7183,356.9,13228,2023-07-01,3,2,2,False,False,False,True,False,False,True,False,False,False,False,True,26,0,0.5454545454545454,9262.0,70352.07,7838.0,63696.64,9835.0,92861.79,948.341886311752,8776.666666666666,918.04916353464,185,1.889984283469067,11.455095590456892,8.85352256068954
10325,10679,720.17,6065,2023-08-01,3,2,2,False,False,False,True,False,False,True,False,False,False,False,True,31,0,0.6363636363636364,6998.0,94380.05,7465.0,84588.8,9190.0,71085.8,1195.3377486440104,8303.833333333334,991.5874982403958,354,0.5873523145458067,10.977031574731447,9.242420265439595
4688,5323,290.42,3243,2023-09-01,3,2,0,False,False,False,True,False,False,True,False,False,True,False,False,35,0,0.7272727272727273,10325.0,58513.6,9262.0,70352.07,9070.0,97403.35,1699.2446361055056,8493.0,1265.0176283356618,635,0.691618682021753,11.064578273064303,8.452974619089586
10819,11416,671.86,7636,2023-10-01,3,2,1,False,False,False,True,False,False,True,False,False,False,True,False,39,1,0.8181818181818182,4688.0,63867.29,6998.0,94380.05,7838.0,63696.64,2833.748930304165,7762.666666666667,1946.5930922169223,597,0.7057301293900184,11.512054786039311,9.289151552400472
12717,12755,656.2,7161,2023-11-01,3,2,0,False,False,False,True,False,False,True,False,False,True,False,False,44,1,0.9090909090909091,10819.0,99911.97,10325.0,58513.6,7465.0,84588.8,3406.0966418076473,8259.5,2315.1916335370556,38,0.5630602295958484,11.481993981032096,9.450773591827353
8896,9145,573.79,7213,2023-12-01,3,2,0,False,False,False,True,False,False,True,False,False,True,False,False,48,1,1.0,12717.0,96953.2,4688.0,63867.29,9262.0,70352.07,4196.355680825924,9134.833333333334,2878.936846592272,249,0.8107227155220861,11.553417292991524,9.093469420244768
12668,14186,1054.61,14065,2024-01-01,3,2,0,False,False,False,True,False,False,True,False,False,True,False,False,1,0,0.0,8896.0,104131.28,10819.0,99911.97,6998.0,94380.05,1910.5136307635528,9073.833333333334,2879.580901219248,1518,1.1101902281158733,10.991008559714363,9.446913343602054
3021,3431,305.42,3974,2024-02-01,3,2,1,False,False,False,True,False,False,True,False,False,False,True,False,5,0,0.09090909090909091,12668.0,59337.2,12717.0,96953.2,10325.0,58513.6,2192.0472166447507,10018.833333333334,2990.342148762691,410,1.3150231634679022,11.615976606074184,8.013674142832684
3907,4416,283.65,6160,2024-03-01,3,2,0,False,False,False,True,False,False,True,False,False,True,False,False,9,0,0.18181818181818182,3021.0,110853.81,8896.0,104131.28,4688.0,63867.29,4861.553558277436,8801.5,4115.707994987009,509,1.5762538382804503,11.29281156961013,8.270781013162674
7530,8178,791.78,3253,2024-04-01,3,2,1,False,False,False,True,False,False,True,False,False,False,True,False,14,0,0.2727272727272727,3907.0,80241.74,12668.0,59337.2,10819.0,99911.97,5332.365422586866,8671.333333333334,4280.860879153473,648,0.4319479484796176,11.592798835230072,8.926783114101351
6960,7990,696.35,9546,2024-05-01,3,2,0,False,False,False,True,False,False,True,False,False,True,False,False,18,0,0.36363636363636365,7530.0,108313.99,3021.0,110853.81,12717.0,96953.2,2388.940002037166,8123.166666666667,4159.713904424996,1030,1.3713546904180434,11.176353243350682,8.848078421168667
6762,7330,443.25,3667,2024-06-01,3,2,1,False,False,False,True,False,False,True,False,False,False,True,False,22,0,0.45454545454545453,6960.0,71420.43,3907.0,80241.74,8896.0,104131.28,1948.1545968770893,7163.666666666667,3499.76883046104,568,0.5422149933461482,11.262642062142724,8.81922185757494
8473,9665,606.24,3960,2024-07-01,3,2,0,False,False,False,True,False,False,True,False,False,True,False,False,27,0,0.5454545454545454,6762.0,77857.01,7530.0,108313.99,12668.0,59337.2,398.73299336774403,6808.0,3395.387282770548,1192,0.46731177720084965,11.187017608259229,9.044757931186505
13280,14791,681.26,5231,2024-08-01,3,2,1,False,False,False,True,False,False,True,False,False,False,True,False,31,0,0.6363636363636364,8473.0,72186.17,6960.0,71420.43,3021.0,110853.81,935.9392786571867,6108.833333333333,2151.4132486964527,1511,0.39387094345305323,11.167566820928544,9.49408972140025
10739,12336,702.33,8314,2024-09-01,3,2,0,False,False,False,True,False,False,True,False,False,True,False,False,35,0,0.7272727272727273,13280.0,70795.64,6762.0,77857.01,3907.0,80241.74,3379.326708088462,7818.666666666667,3081.9679210962995,1597,0.7741154562383613,11.68541652706371,9.281730368062856
11035,11367,729.97,4351,2024-10-01,3,2,1,False,False,False,True,False,False,True,False,False,False,True,False,40,1,0.8181818181818182,10739.0,118825.12,8473.0,72186.17,7530.0,108313.99,2404.8106647579,8957.333333333334,2566.7283196058474,332,0.3942551649148242,11.564627480819782,9.308917935337176
10629,11030,548.46,6980,2024-11-01,3,2,0,False,False,False,True,False,False,True,False,False,True,False,False,44,1,0.9090909090909091,11035.0,105305.19,13280.0,70795.64,6960.0,71420.43,1389.5036283987658,9541.5,2575.747871978156,401,0.6566321730950141,11.668588828685534,9.271435471335993
8547,8647,917.95,5612,2024-12-01,3,2,1,False,False,False,True,False,False,True,False,False,False,True,False,48,1,1.0,10629.0,116842.28,10739.0,118825.12,6762.0,77857.01,209.98095151704086,10153.0,2255.9834219249055,100,0.6565278427702387,11.287674820293171,9.053452616439039
5949,6096,625.54,14004,2025-01-01,3,2,0,False,False,False,True,False,False,True,False,False,True,False,False,1,0,0.0,8547.0,79830.61,11035.0,105305.19,8473.0,72186.17,1334.7723900850422,10450.5,1788.6656199524857,147,2.3536134453781514,11.0710988682278,8.691146498539675
10862,11148,537.67,4644,2025-02-01,3,2,2,False,False,False,True,False,False,True,False,False,False,False,True,5,0,0.09090909090909091,5949.0,64285.11,10629.0,116842.28,13280.0,70795.64,2344.736232500364,10029.833333333334,2501.5138150061593,286,0.4275062137531069,11.238932205080259,9.293117798433752
10136,10478,541.26,9330,2025-03-01,3,2,2,False,False,False,True,False,False,True,False,False,False,False,True,9,0,0.18181818181818182,10862.0,76032.72,8547.0,79830.61,10739.0,118825.12,2457.8580783546754,9626.833333333334,2021.9950956089542,342,0.9203906481207458,11.274102125765538,9.2239473753824
14646,15998,1028.15,11480,2025-04-01,3,2,1,False,False,False,True,False,False,True,False,False,False,True,False,14,0,0.2727272727272727,10136.0,78754.4,5949.0,64285.11,11035.0,105305.19,2651.9054156084335,9526.333333333334,1969.9774279586716,1352,0.7837782481054141,11.162858213496936,9.591990815318308
7732,8655,778.23,14687,2025-05-01,3,2,1,False,False,False,True,False,False,True,False,False,False,True,False,18,0,0.36363636363636365,14646.0,70463.07,10862.0,76032.72,10629.0,116842.28,2421.632782511282,10128.166666666666,2869.34650515874,923,1.8992628992628993,11.158764928686024,8.953252164609035
5082,5510,359.81,8210,2025-06-01,3,2,2,False,False,False,True,False,False,True,False,False,False,False,True,22,0,0.45454545454545453,7732.0,70175.23,10136.0,78754.4,8547.0,79830.61,3510.05014209199,9645.333333333334,3008.5797092094244,428,1.615187881172536,11.497787359855781,8.533656917446903
8011,8218,576.79,6804,2025-07-01,3,2,1,False,False,False,True,False,False,True,False,False,False,True,False,27,0,0.5454545454545454,5082.0,98496.59,14646.0,70463.07,5949.0,64285.11,4937.880651993661,9067.833333333334,3546.1076360802494,207,0.8492261607588617,11.43054976298058,8.988695696785708
15156,15346,1093.51,8176,2025-08-01,3,2,1,False,False,False,True,False,False,True,False,False,False,True,False,31,0,0.6363636363636364,8011.0,92091.59,7732.0,70175.23,10862.0,76032.72,1616.5488960539783,9411.5,3272.782653950609,190,0.5394207296958501,11.022736924166995,9.626217750431657
17854,18489,950.73,5009,2025-09-01,3,2,1,False,False,False,True,False,False,True,False,False,False,True,False,36,0,0.7272727272727273,15156.0,61250.09,5082.0,98496.59,10136.0,78754.4,5181.948507398866,10127.166666666666,4034.297679481111,635,0.2805376645197424,11.297661289680619,9.790038860028549
834,903,51.79,14270,2025-10-01,3,2,0,False,False,False,True,False,False,True,False,False,True,False,False,40,1,0.8181818181818182,17854.0,80631.84,8011.0,92091.59,14646.0,70463.07,5086.172070755504,11413.5,5121.59630388808,69,17.089820359281436,11.11308620207663,6.727431724850855
9599,9925,515.47,11542,2025-11-01,3,2,2,False,False,False,True,False,False,True,False,False,False,False,True,44,1,0.9090909090909091,834.0,67041.78,15156.0,61250.09,7732.0,70175.23,9147.67081465732,9111.5,6337.748551339031,326,1.2022916666666668,10.98597977494912,9.169518377455928
9880,11062,1012.21,6257,2025-12-01,3,2,1,False,False,False,True,False,False,True,False,False,False,True,False,49,1,1.0,9599.0,59039.55,17854.0,80631.84,5082.0,98496.59,8511.273406488595,9422.666666666666,6302.205508127028,1182,0.6332355024795061,10.983686178849494,9.198369000194964
6558,6620,556.77,12718,2015-07-01,0,3,2,True,False,False,False,False,False,False,True,False,False,False,True,27,0,0.5454545454545454,7878.0,56209.18,15110.0,115153.01,7292.0,107082.3,6807.507326474207,7273.166666666667,4642.52338353472,62,1.9390150937642934,11.689381687605879,8.788593431293735
17528,18643,1567.0,14106,2015-08-01,0,3,1,True,False,False,False,False,False,False,True,False,False,True,False,31,0,0.6363636363636364,6558.0,119297.22,1504.0,55441.42,3797.0,62205.65,3364.3521416958324,7150.833333333333,4651.589681675145,1115,0.8047236008899538,11.528327246262956,9.771611931222546
7909,8216,563.52,6216,2015-09-01,0,3,2,True,False,False,False,False,False,False,True,False,False,False,True,36,0,0.7272727272727273,17528.0,101551.1,7878.0,56209.18,8058.0,87985.12,5988.959286331252,9439.333333333334,5885.582882490627,307,0.7858407079646018,11.246084304140268,8.9758830607617
9719,10041,712.89,3473,2015-10-01,0,3,1,True,False,False,False,False,False,False,True,False,False,True,False,40,1,0.8181818181818182,7909.0,76578.47,6558.0,119297.22,15110.0,115153.01,5981.7954662459,9414.5,5892.886686506029,322,0.3573045267489712,11.688035749595825,9.181940897454485
7548,8554,550.25,12714,2015-11-01,0,3,1,True,False,False,False,False,False,False,True,False,False,True,False,44,1,0.9090909090909091,9719.0,119136.76,17528.0,101551.1,1504.0,55441.42,5111.779566191536,8516.0,5223.80616026284,1006,1.6841965823287852,11.669045062349424,8.929170383139624
17386,18422,1875.08,7912,2015-12-01,0,3,1,True,False,False,False,False,False,False,True,False,False,True,False,49,1,1.0,7548.0,116895.6,7909.0,76578.47,7878.0,56209.18,1163.3043453885987,9523.333333333334,4052.6858090242663,1036,0.4550526255248174,11.144699203568637,9.76347807952779
10152,10455,505.57,3367,2016-01-01,0,3,2,True,False,False,False,False,False,False,True,False,False,False,True,53,0,0.0,17386.0,69195.06,9719.0,119136.76,6558.0,119297.22,5168.532577047376,11108.0,5023.319738977403,303,0.33162612035851474,11.488806732679054,9.225524507301223
12451,14262,1307.35,8325,2016-02-01,0,3,1,True,False,False,False,False,False,False,True,False,False,True,False,5,0,0.09090909090909091,10152.0,97615.98,7548.0,116895.6,17528.0,101551.1,5097.34924576817,11707.0,4565.683650889538,1811,0.6685672984259556,10.943305678491553,9.4296365315615
10421,11529,1084.83,6078,2016-03-01,0,3,2,True,False,False,False,False,False,False,True,False,False,False,True,9,0,0.18181818181818182,12451.0,56573.05,17386.0,69195.06,7909.0,76578.47,3696.177800557398,10860.833333333334,3649.680611596949,1108,0.5831894070236039,10.959233745042102,9.25167423546916
10534,11769,714.21,6637,2016-04-01,0,3,1,True,False,False,False,False,False,False,True,False,False,True,False,13,0,0.2727272727272727,10421.0,57481.38,10152.0,97615.98,9719.0,119136.76,1256.8918012303163,11279.5,3377.2558535,1235,0.6299952539155197,11.50904926219347,9.26245832623829
9938,10101,511.31,13132,2016-05-01,0,3,0,True,False,False,False,False,False,False,True,False,True,False,False,17,0,0.36363636363636365,10534.0,99612.13,12451.0,56573.05,7548.0,116895.6,1140.8007421689917,11415.333333333334,3317.8062430869404,163,1.3212596840728443,11.389153833415016,9.204221690968005
12651,12987,852.04,14248,2016-06-01,0,3,2,True,False,False,False,False,False,False,True,False,False,False,True,22,0,0.45454545454545453,9938.0,88357.16,10421.0,57481.38,17386.0,69195.06,316.5633164681636,11813.666666666666,2874.4885226187075,336,1.1261460638634209,11.386827858874842,9.445570584425539
8511,9241,584.71,7346,2016-07-01,0,3,1,True,False,False,False,False,False,False,True,False,False,True,False,26,0,0.5454545454545454,12651.0,88151.88,10534.0,99612.13,10152.0,97615.98,1425.7906578456702,11024.5,1202.2433613873748,730,0.863016917293233,11.420205387951798,9.049232211581426
7416,7599,652.98,9232,2016-08-01,0,3,0,True,False,False,False,False,False,False,True,False,True,False,False,31,0,0.6363636363636364,8511.0,91143.86,9938.0,88357.16,12451.0,56573.05,2103.025518944866,10751.0,1570.6405062903523,183,1.2447081030066065,11.19980318388111,8.911529941736559
11133,11512,940.18,10714,2016-09-01,0,3,0,True,False,False,False,False,False,False,True,False,True,False,False,35,0,0.7272727272727273,7416.0,73115.05,12651.0,88151.88,10421.0,57481.38,2761.1546497796876,9911.833333333334,1807.8483804419777,379,0.9622777079216813,11.595370331302888,9.317758768743452
10492,11662,686.18,3851,2016-10-01,0,3,1,True,False,False,False,False,False,False,True,False,False,True,False,39,1,0.8181818181818182,11133.0,108592.88,8511.0,91143.86,10534.0,99612.13,1910.0609937905094,10030.5,1870.245197828353,1170,0.3670065758124464,11.355565206618587,9.25846364715791
15569,17489,1389.53,8171,2016-11-01,0,3,1,True,False,False,False,False,False,False,True,False,False,True,False,44,1,0.9090909090909091,10492.0,85438.62,7416.0,73115.05,9938.0,88357.16,1986.9887602433291,10023.5,1868.0611071375622,1920,0.524791265253693,11.60851160669356,9.653101264828043
11076,11534,594.78,4785,2016-12-01,0,3,2,True,False,False,False,False,False,False,True,False,False,False,True,48,1,1.0,15569.0,110029.36,11133.0,108592.88,12651.0,88151.88,2764.805779797197,10962.0,2929.4650706229654,458,0.43197616683217477,11.620858728272824,9.312626165516933
10838,11231,1152.62,12647,2017-01-01,0,3,2,True,False,False,False,False,False,False,True,False,False,False,True,52,0,0.0,11076.0,111396.34,10492.0,85438.62,8511.0,91143.86,2778.0098991904233,10699.5,2816.2267486834253,393,1.1668050558169574,11.5127022400574,9.29090601981575
249,268,15.39,8569,2017-02-01,0,3,2,True,False,False,False,False,False,False,True,False,False,False,True,5,0,0.09090909090909091,10838.0,99976.68,15569.0,110029.36,7416.0,73115.05,2665.397218677419,11087.333333333334,2607.0223372013293,19,34.276,11.425843758234793,5.521460917862246
18097,18295,1332.84,5281,2017-03-01,0,3,0,True,False,False,False,False,False,False,True,False,True,False,False,9,0,0.18181818181818182,249.0,91659.22,11076.0,111396.34,11133.0,108592.88,6183.41186832426,9892.833333333334,5087.487136756877,198,0.2918001989170074,11.446411981544554,9.803556713911078
2885,3069,288.64,12186,2017-04-01,0,3,0,True,False,False,False,False,False,False,True,False,True,False,False,13,0,0.2727272727272727,18097.0,93564.03,10838.0,99976.68,10492.0,85438.62,8975.625382111264,11053.5,6117.190229182023,184,4.222453222453223,10.871060198733081,7.9676267393338165
14239,14773,741.14,12993,2017-05-01,0,3,2,True,False,False,False,False,False,False,True,False,False,False,True,18,0,0.36363636363636365,2885.0,52629.98,249.0,91659.22,15569.0,110029.36,9634.179985862833,9785.666666666666,6983.763789438091,534,0.9124297752808989,11.448303633695797,9.563810184965966
9474,9841,999.03,3108,2017-06-01,0,3,0,True,False,False,False,False,False,False,True,False,True,False,False,22,0,0.45454545454545453,14239.0,93741.19,18097.0,93564.03,11076.0,111396.34,7907.8275988626165,9564.0,6781.669410993138,367,0.32802110817941954,11.294884249572952,9.156412029950626
11469,12633,1018.45,11980,2017-07-01,0,3,0,True,False,False,False,False,False,False,True,False,True,False,False,26,0,0.5454545454545454,9474.0,80408.23,2885.0,52629.98,10838.0,99976.68,5701.366239770952,9297.0,6741.65294271368,1164,1.0444638186573671,11.59592923053546,9.347490210123416
7581,8402,665.23,3100,2017-08-01,0,3,2,True,False,False,False,False,False,False,True,False,False,False,True,31,0,0.6363636363636364,11469.0,108653.59,14239.0,93741.19,249.0,91659.22,2392.9810557823685,9402.166666666666,6775.3371109242,821,0.40886309680823,11.471812386422462,8.93353229607628
5933,5952,429.85,9794,2017-09-01,0,3,0,True,False,False,False,False,False,False,True,False,True,False,False,35,0,0.7272727272727273,7581.0,95971.06,9474.0,80408.23,18097.0,93564.03,1944.2229810389465,10624.166666666666,5293.43836902506,19,1.6504887091338052,11.228317063946971,8.688453800850768
9176,9273,462.47,8629,2017-10-01,0,3,2,True,False,False,False,False,False,False,True,False,False,False,True,39,1,0.8181818181818182,5933.0,75229.88,11469.0,108653.59,2885.0,52629.98,2842.5265756599883,8596.833333333334,4039.9448717360838,97,0.9402854963495696,11.07838966947308,9.124455632819013
5590,5772,282.57,6158,2017-11-01,0,3,1,True,False,False,False,False,False,False,True,False,False,True,False,44,1,0.9090909090909091,9176.0,64755.52,7581.0,95971.06,14239.0,93741.19,1621.5721795015163,9645.333333333334,2923.013969632489,182,1.101412985154713,11.61895993347081,8.628913441026645
12561,12677,787.57,10142,2017-12-01,0,3,1,True,False,False,False,False,False,False,True,False,False,True,False,48,1,1.0,5590.0,111185.02,5933.0,75229.88,9474.0,80408.23,1978.8083114170756,8203.833333333334,2262.585902604955,116,0.8073555166374781,10.941398216423151,9.438431663014326
3922,4416,401.22,12700,2018-01-01,0,3,2,True,False,False,False,False,False,False,True,False,False,False,True,1,0,0.0,12561.0,56465.24,9176.0,64755.52,11469.0,108653.59,3485.9829316851174,8718.333333333334,2876.796528548149,494,3.2373183787917412,11.089617770430173,8.274611946209552
7081,8077,369.63,5672,2018-02-01,0,3,2,True,False,False,False,False,False,False,True,False,False,False,True,5,0,0.09090909090909091,3922.0,65486.71,5590.0,111185.02,7581.0,95971.06,4582.74637453714,7460.5,3076.542523678165,996,0.8009036995199096,11.045858798623604,8.86531163267185
13571,15334,1400.53,10432,2018-03-01,0,3,2,True,False,False,False,False,False,False,True,False,False,False,True,9,0,0.18181818181818182,7081.0,62682.83,12561.0,56465.24,5933.0,75229.88,4371.1554917816975,7377.166666666667,3079.396136690874,1763,0.7686413203654583,11.159983117645968,9.51576412590412
6486,6577,433.91,10797,2018-04-01,0,3,0,True,False,False,False,False,False,False,True,False,True,False,False,13,0,0.2727272727272727,13571.0,70260.77,3922.0,65486.71,9176.0,64755.52,4919.393289149923,8650.166666666666,3846.249675549766,91,1.664405734546015,11.591803925940743,8.777555453213056
11713,12376,597.36,9071,2018-05-01,0,3,0,True,False,False,False,False,False,False,True,False,True,False,False,18,0,0.36363636363636365,6486.0,108206.28,7081.0,62682.83,5590.0,111185.02,3930.041348382986,8201.833333333334,3928.5947317923597,663,0.7743725456718457,10.903081578282789,9.368539986649727
10582,11794,730.16,10998,2018-06-01,0,3,2,True,False,False,False,False,False,False,True,False,False,False,True,22,0,0.45454545454545453,11713.0,54342.57,13571.0,70260.77,12561.0,56465.24,3673.5749618049117,9222.333333333334,3909.664418676708,1212,1.039213833506567,11.369506493809284,9.267004219093725
6137,6259,412.41,13555,2018-07-01,0,3,0,True,False,False,False,False,False,False,True,False,True,False,False,26,0,0.5454545454545454,10582.0,86638.1,6486.0,108206.28,3922.0,65486.71,2750.088059196158,8892.5,3646.275839812454,122,2.208374063212773,11.020472852314757,8.722254235179681
11344,11779,775.93,13309,2018-08-01,0,3,2,True,False,False,False,False,False,False,True,False,False,False,True,31,0,0.6363636363636364,6137.0,61111.57,11713.0,54342.57,7081.0,62682.83,2947.568545994019,9261.666666666666,3115.9538935399355,435,1.173115910092552,11.08898936354767,9.336532397213942
14872,15681,783.01,4351,2018-09-01,0,3,1,True,False,False,False,False,False,False,True,False,False,True,False,35,0,0.7272727272727273,11344.0,65445.57,10582.0,86638.1,13571.0,70260.77,2812.220889854368,9972.166666666666,3003.257792242731,809,0.29254353526524574,11.62223330966385,9.607302767592598
6871,6941,594.69,6496,2018-10-01,0,3,0,True,False,False,False,False,False,False,True,False,True,False,False,40,1,0.8181818181818182,14872.0,111549.57,6137.0,61111.57,6486.0,108206.28,4394.311815669582,10189.0,3342.8267080421642,70,0.9452852153667055,11.05247129415984,8.835210463664092
7901,8031,551.09,11206,2018-11-01,0,3,1,True,False,False,False,False,False,False,True,False,False,True,False,44,1,0.9090909090909091,6871.0,63098.7,11344.0,65445.57,11713.0,54342.57,4009.790393524325,10253.166666666666,3260.204374984286,130,1.4181219944317893,11.624993355809808,8.974871170971337
13841,14984,996.55,10203,2018-12-01,0,3,1,True,False,False,False,False,False,False,True,False,False,True,False,48,1,1.0,7901.0,111857.88,14872.0,111549.57,10582.0,86638.1,4352.618790261019,9617.833333333334,3290.1169229476754,1143,0.7371044646727352,11.014046857222192,9.535462727401809
6060,6093,537.22,4415,2019-01-01,0,3,1,True,False,False,False,False,False,False,True,False,False,True,False,1,0,0.0,13841.0,60720.12,6871.0,63098.7,6137.0,61111.57,3762.2112292285365,10161.0,3721.8190713681947,33,0.7284276522026069,10.891039408133679,8.709630081951286
3999,4181,418.7,11612,2019-02-01,0,3,0,True,False,False,False,False,False,False,True,False,True,False,False,5,0,0.09090909090909091,6060.0,53692.08,7901.0,111857.88,11344.0,65445.57,4066.4653365463837,10148.166666666666,3738.5645061529535,182,2.903,11.685257963494452,8.294049640102028
11583,12335,995.56,7670,2019-03-01,0,3,2,True,False,False,False,False,False,False,True,False,False,False,True,9,0,0.18181818181818182,3999.0,118806.28,13841.0,60720.12,14872.0,111549.57,5190.6429595314385,8924.0,4410.783422477238,752,0.6621201657458563,11.379268007256979,9.357380114625498
11163,12314,805.41,3619,2019-04-01,0,3,0,True,False,False,False,False,False,False,True,False,True,False,False,14,0,0.2727272727272727,11583.0,87487.97,6060.0,53692.08,6871.0,63098.7,3921.48581535111,8375.833333333334,3665.0704995493165,1151,0.32416696524543176,11.143949747193004,9.320449594656212
11616,11801,1233.62,12213,2019-05-01,0,3,2,True,False,False,False,False,False,False,True,False,False,False,True,18,0,0.36363636363636365,11163.0,69143.22,3999.0,118806.28,7901.0,111857.88,4262.556979091301,9091.166666666666,3730.87852478028,185,1.051304123267625,11.555145617611728,9.360224821513475
14693,16626,1042.47,5309,2019-06-01,0,3,0,True,False,False,False,False,False,False,True,False,True,False,False,22,0,0.45454545454545453,11616.0,104311.41,11583.0,87487.97,13841.0,60720.12,252.55296474197056,9710.333333333334,3801.456440190612,1933,0.3613039335783313,11.11280007515755,9.595194526180222
8330,8492,523.54,4171,2019-07-01,0,3,0,True,False,False,False,False,False,False,True,False,True,False,False,27,0,0.5454545454545454,14693.0,67022.6,11163.0,69143.22,6060.0,53692.08,1920.6786127130415,9852.333333333334,3997.4724847916937,162,0.5006601848517584,11.462063972079834,9.027738775974909
8889,9950,474.67,7931,2019-08-01,0,3,0,True,False,False,False,False,False,False,True,False,True,False,False,31,0,0.6363636363636364,8330.0,95040.03,11616.0,104311.41,3999.0,118806.28,3182.0720188790974,10230.666666666666,3659.940473104266,1061,0.8921259842519685,11.426059968248646,9.09268232850795
15884,17515,1336.64,6375,2019-09-01,0,3,2,True,False,False,False,False,False,False,True,False,False,False,True,35,0,0.7272727272727273,8889.0,91679.04,14693.0,67022.6,11583.0,87487.97,3523.413732920574,11045.666666666666,2278.4587480721875,1631,0.40132200188857414,11.07978114757843,9.673130546703616
6022,6408,528.43,12106,2019-10-01,0,3,1,True,False,False,False,False,False,False,True,False,False,True,False,40,1,0.8181818181818182,15884.0,64845.69,8330.0,95040.03,11163.0,69143.22,4209.224433709052,11762.5,3032.969287678333,386,2.009961813049975,11.022902295304362,8.70334075304372
499,545,51.95,9482,2019-11-01,0,3,2,True,False,False,False,False,False,False,True,False,False,False,True,44,1,0.9090909090909091,6022.0,61260.22,8889.0,91679.04,11616.0,104311.41,5072.947171023956,10905.666666666666,3851.8430220696537,46,18.964,11.663361367835051,6.214608098422191
14386,15722,1275.32,5585,2019-12-01,0,3,1,True,False,False,False,False,False,False,True,False,False,True,False,48,1,1.0,499.0,116233.08,15884.0,64845.69,14693.0,67022.6,7793.809487877754,9052.833333333334,5681.191122173824,1336,0.3881976784597206,11.476731494606074,9.574080300037034
10621,10724,670.72,8637,2020-01-01,0,3,2,True,False,False,False,False,False,False,True,False,False,False,True,1,0,0.0,14386.0,96444.32,6022.0,61260.22,8330.0,95040.03,6991.766514980314,9001.666666666666,5621.301296556401,103,0.8131237055168519,11.321786629976442,9.270682600982344
6932,7903,454.39,12886,2020-02-01,0,3,2,True,False,False,False,False,False,False,True,False,False,False,True,5,0,0.09090909090909091,10621.0,82600.79,499.0,116233.08,8889.0,91679.04,7181.908729578785,9383.5,5644.31511345708,971,1.8586470503389585,11.54873256992549,8.84404789894249
9500,9611,591.38,11481,2020-03-01,0,3,2,True,False,False,False,False,False,False,True,False,False,False,True,9,0,0.18181818181818182,6932.0,103644.59,14386.0,96444.32,15884.0,64845.69,3727.0645732712064,9057.333333333334,5734.430736059741,111,1.2083991158825387,11.623474039347608,9.15915233520675
4656,5043,333.14,5798,2020-04-01,0,3,2,True,False,False,False,False,False,False,True,False,False,False,True,14,0,0.2727272727272727,9500.0,111688.06,10621.0,82600.79,6022.0,61260.22,1891.2071101107072,7993.333333333333,4716.322281891545,387,1.2450075155679623,11.372876536418476,8.446126742982377
2004,2223,215.23,12661,2020-05-01,0,3,0,True,False,False,False,False,False,False,True,False,True,False,False,18,0,0.36363636363636365,4656.0,86930.57,6932.0,103644.59,499.0,116233.08,2423.466387910777,7765.666666666667,4861.257560206686,219,6.314713216957606,11.619385076400949,7.60339933974067
7718,7890,397.09,13809,2020-06-01,0,3,1,True,False,False,False,False,False,False,True,False,False,True,False,23,0,0.45454545454545453,2004.0,111232.3,9500.0,111688.06,14386.0,96444.32,3801.040559285486,8016.5,4431.116777969183,172,1.788962300816168,11.358607637841304,8.951440100949855
9091,10357,795.01,13938,2020-07-01,0,3,1,True,False,False,False,False,False,False,True,False,False,True,False,27,0,0.5454545454545454,7718.0,85698.96,4656.0,86930.57,10621.0,82600.79,2859.4505299678335,6905.166666666667,3171.188447044209,1266,1.532996040475143,11.414017420606402,9.115150184972434
11637,11652,782.01,10360,2020-08-01,0,3,1,True,False,False,False,False,False,False,True,False,False,True,False,31,0,0.6363636363636364,9091.0,90581.6,2004.0,111232.3,6932.0,103644.59,3758.5567708895896,6650.166666666667,2858.7578013302664,15,0.8901873174084894,11.068183106110563,9.362030885216615
6195,6676,332.67,5202,2020-09-01,0,3,2,True,False,False,False,False,False,False,True,False,False,False,True,36,0,0.7272727272727273,11637.0,64097.94,7718.0,85698.96,9500.0,111688.06,1988.542431028303,7434.333333333333,3520.285594474781,481,0.8395739186571982,10.966190240263693,8.73165920153676
7925,8863,710.87,9319,2020-10-01,0,3,0,True,False,False,False,False,False,False,True,False,True,False,False,40,1,0.8181818181818182,6195.0,57882.65,9091.0,90581.6,4656.0,86930.57,2722.875196062664,6883.5,3388.5252691989763,938,1.1757506939187483,10.862568580553337,8.97790377375038
4025,4178,207.69,9520,2020-11-01,0,3,0,True,False,False,False,False,False,False,True,False,True,False,False,44,1,0.9090909090909091,7925.0,52184.95,11637.0,64097.94,2004.0,111232.3,2780.5037912819494,7428.333333333333,3217.2169132134477,153,2.364629905613512,11.587665894223646,8.300528606199737
14723,15352,779.58,3676,2020-12-01,0,3,1,True,False,False,False,False,False,False,True,False,False,True,False,49,1,1.0,4025.0,107759.44,6195.0,57882.65,7718.0,85698.96,1954.1323735441563,7765.166666666667,2578.0212890251055,629,0.24966041836457484,11.108646353290183,9.597234094498912
10798,11052,1117.59,10807,2021-01-01,0,3,2,True,False,False,False,False,False,False,True,False,False,False,True,53,0,0.0,14723.0,66744.78,7925.0,52184.95,9091.0,90581.6,5414.025120000825,8932.666666666666,3833.062778858008,254,1.0007408093341976,11.496232814678404,9.28720881623276
10288,11101,509.26,12721,2021-02-01,0,3,0,True,False,False,False,False,False,False,True,False,True,False,False,5,0,0.09090909090909091,10798.0,98343.59,4025.0,107759.44,11637.0,64097.94,5411.813590039228,9217.166666666666,3909.74702080156,813,1.2363689377004567,11.00009499951818,9.23883064237581
11349,11618,987.36,11302,2021-03-01,0,3,0,True,False,False,False,False,False,False,True,False,True,False,False,9,0,0.18181818181818182,10288.0,59878.83,14723.0,66744.78,6195.0,57882.65,2426.758812353065,8992.333333333334,3779.37559216687,269,0.9957709251101322,11.31322081384806,9.336973022909548
8454,8914,617.56,4967,2021-04-01,0,3,1,True,False,False,False,False,False,False,True,False,False,True,False,13,0,0.2727272727272727,11349.0,81896.26,10798.0,98343.59,7925.0,52184.95,530.6320131063202,9851.333333333334,3597.7747937672093,460,0.5874630396215257,11.460277780125649,9.042513261332681
6296,6964,672.41,4663,2021-05-01,0,3,0,True,False,False,False,False,False,False,True,False,True,False,False,17,0,0.36363636363636365,8454.0,94870.42,10288.0,59878.83,4025.0,107759.44,1464.5990350035302,9939.5,3547.254078861566,668,0.740511354613308,10.86251664951889,8.747828608488742
15411,17636,1583.48,8771,2021-06-01,0,3,0,True,False,False,False,False,False,False,True,False,True,False,False,22,0,0.45454545454545453,6296.0,52182.24,11349.0,81896.26,14723.0,66744.78,2535.4420390403884,10318.0,2840.7487041271397,2225,0.5691019984427719,10.983034412110678,9.642901705746048
5107,5575,520.91,4295,2021-07-01,0,3,2,True,False,False,False,False,False,False,True,False,False,False,True,26,0,0.5454545454545454,15411.0,58865.91,8454.0,94870.42,10798.0,98343.59,4763.402810316725,10432.666666666666,3059.5751121138846,468,0.8408379013312451,11.500075253524722,8.53856321715243
9136,9679,649.57,7657,2021-08-01,0,3,0,True,False,False,False,False,False,False,True,False,True,False,False,30,0,0.6363636363636364,5107.0,98722.2,6296.0,52182.24,10288.0,59878.83,5637.218019555386,9484.166666666666,3731.925584288449,543,0.8380212323519755,11.53320934899283,9.120087382998621
4985,5637,310.32,10801,2021-09-01,0,3,0,True,False,False,False,False,False,False,True,False,True,False,False,35,0,0.7272727272727273,9136.0,102048.1,15411.0,58865.91,11349.0,81896.26,5192.6371270610925,9292.166666666666,3711.8790614278746,652,2.1662655435218614,11.50635170507973,8.514389264083503
7975,8297,582.57,5658,2021-10-01,0,3,0,True,False,False,False,False,False,False,True,False,True,False,False,39,1,0.8181818181818182,4985.0,99343.78,5107.0,98722.2,8454.0,94870.42,2362.150362134745,8231.5,3910.5311531811135,322,0.7093781344032096,11.550129434323685,8.984192311641674
11543,12126,734.13,4043,2021-11-01,0,3,0,True,False,False,False,False,False,False,True,False,True,False,False,44,1,0.9090909090909091,7975.0,103789.47,9136.0,102048.1,6296.0,52182.24,2141.604616481132,8151.666666666667,3909.969701502388,583,0.3502252252252252,11.418450156563772,9.353921100453707
11729,12498,1175.25,9081,2021-12-01,0,3,1,True,False,False,False,False,False,False,True,False,False,True,False,48,1,1.0,11543.0,90984.02,4985.0,99343.78,15411.0,58865.91,3283.2425029737424,9026.166666666666,3997.7107657591587,769,0.7741687979539642,11.267656440641373,9.36990494164752
12858,14363,1342.38,10521,2022-01-01,0,3,2,True,False,False,False,False,False,False,True,False,False,False,True,52,0,0.0,11729.0,78248.4,7975.0,103789.47,5107.0,98722.2,2115.7243046609974,8412.5,2972.815080020957,1505,0.8181818181818182,11.541334188649152,9.461799234270439
10212,11322,1067.66,7086,2022-02-01,0,3,2,True,False,False,False,False,False,False,True,False,False,False,True,5,0,0.09090909090909091,12858.0,102880.61,11543.0,90984.02,9136.0,102048.1,711.6251354001258,9704.333333333334,2932.960529340052,1110,0.6938215999216685,11.296315274697545,9.2314166975781
14748,15047,738.87,12734,2022-03-01,0,3,1,True,False,False,False,False,False,False,True,False,False,True,False,9,0,0.18181818181818182,10212.0,80523.38,11729.0,78248.4,4985.0,99343.78,1327.7327793397478,9883.666666666666,2924.1425181866016,299,0.8633805681741135,11.161828648595552,9.598930562859502
11546,13120,957.74,7828,2022-04-01,0,3,1,True,False,False,False,False,False,False,True,False,False,True,False,13,0,0.2727272727272727,14748.0,70390.56,12858.0,102880.61,7975.0,103789.47,2278.475806323146,11510.833333333334,2303.55476745544,1574,0.6779250021650646,11.660831544948149,9.354180941951856
6711,7424,697.61,4199,2022-05-01,0,3,2,True,False,False,False,False,False,False,True,False,False,False,True,17,0,0.36363636363636365,11546.0,115939.4,10212.0,80523.38,11543.0,90984.02,2331.2248568795862,12106.0,1543.0879430544526,713,0.6255959475566151,11.235197683759813,8.811652248147043
8196,8771,854.43,6172,2022-06-01,0,3,0,True,False,False,False,False,False,False,True,False,True,False,False,22,0,0.45454545454545453,6711.0,75749.3,14748.0,70390.56,11729.0,78248.4,4046.0556512896924,11300.666666666666,2713.0531632584507,575,0.7529583994144199,10.91439768022373,9.011523512653032
10868,11884,560.79,11643,2022-07-01,0,3,0,True,False,False,False,False,False,False,True,False,True,False,False,26,0,0.5454545454545454,8196.0,54961.02,11546.0,115939.4,12858.0,102880.61,2476.723305767779,10711.833333333334,2972.488009507639,1016,1.0712117030085564,11.054569102205264,9.293669979563187
11585,12840,1192.1,3858,2022-08-01,0,3,0,True,False,False,False,False,False,False,True,False,True,False,False,31,0,0.6363636363636364,10868.0,63231.21,6711.0,75749.3,10212.0,80523.38,2106.555561416142,10380.166666666666,2790.5829080438884,1255,0.33298808907301913,11.056161641407188,9.35755275165657
12131,13532,638.7,11831,2022-09-01,0,3,0,True,False,False,False,False,False,False,True,False,True,False,False,35,0,0.7272727272727273,11585.0,63331.99,8196.0,54961.02,14748.0,70390.56,1786.0101716768763,10609.0,2830.0501762336335,1401,0.9751895812726673,11.318903605815763,9.403601868808472
15871,17003,1680.74,10935,2022-10-01,0,3,1,True,False,False,False,False,False,False,True,False,False,True,False,39,1,0.8181818181818182,12131.0,82362.99,10868.0,63231.21,11546.0,115939.4,633.4263966712494,10172.833333333334,2194.9776688309807,1132,0.6889490927419355,11.380132428265302,9.672311829524654
7397,7921,395.0,11990,2022-11-01,0,3,0,True,False,False,False,False,False,False,True,False,True,False,False,44,1,0.9090909090909091,15871.0,87563.63,11585.0,63331.99,6711.0,75749.3,2332.9349183664003,10893.666666666666,3211.091631621042,524,1.6207082995404163,11.486580668275053,8.908964972392399
6375,7256,439.87,9697,2022-12-01,0,3,0,True,False,False,False,False,False,False,True,False,True,False,False,48,1,1.0,7397.0,97398.92,12131.0,82362.99,8196.0,54961.02,4246.705232687248,11008.0,3040.035920840413,881,1.5208594730238394,10.999679080191845,8.760296220470051
10406,11745,555.68,5882,2023-01-01,0,3,0,True,False,False,False,False,False,False,True,False,True,False,False,52,0,0.0,6375.0,59853.93,15871.0,87563.63,10868.0,63231.21,5212.599735256865,10704.5,3441.330077164935,1339,0.5651965023541847,11.256709371705075,9.25023393563786
5798,5833,425.28,3141,2023-02-01,0,3,2,True,False,False,False,False,False,False,True,False,False,False,True,5,0,0.09090909090909091,10406.0,77396.47,7397.0,97398.92,11585.0,63331.99,2095.531992915708,10627.5,3442.10864151613,35,0.5416451112260735,11.267066741515922,8.66544076787644
6987,7810,476.86,10605,2023-03-01,0,3,1,True,False,False,False,False,False,False,True,False,False,True,False,9,0,0.18181818181818182,5798.0,78202.27,6375.0,59853.93,12131.0,82362.99,2510.4964316511746,9663.0,3900.4169520706396,823,1.5176016027475672,11.24357434920317,8.851949671253948
8362,8893,886.79,9288,2023-04-01,0,3,2,True,False,False,False,False,False,False,True,False,False,False,True,13,0,0.2727272727272727,6987.0,76386.5,10406.0,77396.47,15871.0,87563.63,2392.242532297526,8805.666666666666,3813.819380446154,531,1.110606241779266,11.22841568879501,9.031572493381526
10595,11246,746.95,9646,2023-05-01,0,3,0,True,False,False,False,False,False,False,True,False,True,False,False,18,0,0.36363636363636365,8362.0,75237.3,5798.0,78202.27,7397.0,97398.92,1283.1239223083444,7554.166666666667,1649.6352829236773,651,0.9103435258588146,11.68987503511358,9.26823185039196
13321,14199,937.13,3854,2023-06-01,0,3,0,True,False,False,False,False,False,False,True,False,True,False,False,22,0,0.45454545454545453,10595.0,119356.09,6987.0,76386.5,6375.0,59853.93,1820.9236667142156,8087.166666666667,2055.427684611327,878,0.28929590151628887,11.168324620550328,9.497172082973124
6290,7032,456.65,4568,2023-07-01,0,3,1,True,False,False,False,False,False,False,True,False,False,True,False,26,0,0.5454545454545454,13321.0,70849.31,8362.0,75237.3,10406.0,77396.47,2483.5809496235997,9244.833333333334,2740.2284150535124,742,0.7261166746145287,11.208118121902075,8.74687531957003
8254,9011,512.57,5591,2023-08-01,0,3,1,True,False,False,False,False,False,False,True,False,False,True,False,31,0,0.6363636363636364,6290.0,73725.54,10595.0,119356.09,5798.0,78202.27,3544.9274087537065,8558.833333333334,2901.841306251374,757,0.6772864930345245,11.013750046583716,9.018574356354229
11694,12628,608.67,6777,2023-09-01,0,3,2,True,False,False,False,False,False,False,True,False,False,False,True,35,0,0.7272727272727273,8254.0,60702.1,13321.0,70849.31,6987.0,76386.5,3627.8263923916306,8968.166666666666,2591.0930061784125,934,0.5794784095767422,10.996315142047452,9.36691667901828
7375,8187,390.51,9387,2023-10-01,0,3,2,True,False,False,False,False,False,False,True,False,False,False,True,39,1,0.8181818181818182,11694.0,59652.92,6290.0,73725.54,8362.0,75237.3,2735.3888206249485,9752.666666666666,2583.846718879951,812,1.2726409978308026,10.955817130743577,8.90598676523643
15680,17800,1382.98,5739,2023-11-01,0,3,2,True,False,False,False,False,False,False,True,False,False,False,True,44,1,0.9090909090909091,7375.0,57285.32,8254.0,60702.1,10595.0,119356.09,2282.542515120645,9588.166666666666,2718.0251225230954,2120,0.3659843122249857,11.644691262348383,9.660205067381032
8534,8672,549.16,14418,2023-12-01,0,3,2,True,False,False,False,False,False,False,True,False,False,False,True,48,1,1.0,15680.0,114083.11,11694.0,59652.92,13321.0,70849.31,4153.612524056611,10435.666666666666,3707.438073207251,138,1.689279437609842,11.357701509388548,9.05193063522854
3197,3640,231.14,9362,2024-01-01,0,3,1,True,False,False,False,False,False,False,True,False,False,True,False,1,0,0.0,8534.0,85621.34,7375.0,57285.32,6290.0,73725.54,4497.80728059054,9637.833333333334,3469.7966751189742,443,2.927454659161976,11.242433590783667,8.0702808933939
13035,14376,656.96,3833,2024-02-01,0,3,1,True,False,False,False,False,False,False,True,False,False,True,False,5,0,0.09090909090909091,3197.0,76299.41,15680.0,114083.11,8254.0,60702.1,6263.308151448397,9122.333333333334,4216.143957061557,1341,0.2940319116293342,10.844519481186278,9.475470039957452
3163,3193,215.87,3856,2024-03-01,0,3,1,True,False,False,False,False,False,False,True,False,False,True,False,9,0,0.18181818181818182,13035.0,51251.49,8534.0,85621.34,11694.0,59652.92,4924.916479833265,9919.166666666666,4463.7349122306405,30,1.2187104930467763,10.887354125717362,8.059592328887545
6267,6555,322.44,11502,2024-04-01,0,3,1,True,False,False,False,False,False,False,True,False,False,True,False,14,0,0.2727272727272727,3163.0,53494.57,3197.0,76299.41,7375.0,57285.32,5689.812299188785,8497.333333333334,5098.837932967342,288,1.8350350989151245,11.329806630434824,8.74321260347591
11323,12990,606.35,12768,2024-05-01,0,3,1,True,False,False,False,False,False,False,True,False,False,True,False,18,0,0.36363636363636365,6267.0,83265.92,13035.0,51251.49,15680.0,114083.11,5048.052825925387,8312.666666666666,5167.22140677818,1667,1.1275167785234899,10.904364990927474,9.33467964623179
16936,19459,840.87,11332,2024-06-01,0,3,0,True,False,False,False,False,False,False,True,False,True,False,False,22,0,0.45454545454545453,11323.0,54412.36,3163.0,53494.57,8534.0,85621.34,4118.728606418889,7586.5,4126.050981265258,2523,0.6690677215563559,10.988861769984172,9.737255856891121
17392,19819,884.38,14726,2024-07-01,0,3,1,True,False,False,False,False,False,False,True,False,False,True,False,27,0,0.5454545454545454,16936.0,59209.95,6267.0,83265.92,3197.0,76299.41,5336.9227400566,8986.833333333334,5654.578266030692,2427,0.8466624504110849,11.289594396075696,9.763823105408154
13506,13585,968.38,11173,2024-08-01,0,3,0,True,False,False,False,False,False,False,True,False,True,False,False,31,0,0.6363636363636364,17392.0,79984.0,11323.0,54412.36,13035.0,51251.49,3380.001627218526,11352.666666666666,5716.8685367661465,79,0.827200710742578,11.688220644489311,9.510963348560765
8409,8777,741.67,6509,2024-09-01,0,3,2,True,False,False,False,False,False,False,True,False,False,False,True,35,0,0.7272727272727273,13506.0,119158.79,16936.0,59209.95,3163.0,53494.57,2124.2187583516943,11431.166666666666,5747.739639777249,368,0.7739595719381689,11.547894942876317,9.037176752966994
4300,4787,288.96,6129,2024-10-01,0,3,0,True,False,False,False,False,False,False,True,False,True,False,False,40,1,0.8181818181818182,8409.0,103557.81,17392.0,79984.0,6267.0,83265.92,4505.084053969829,12305.5,4502.592886326727,487,1.4250174378051617,11.30951738183433,8.366602832783736
12222,13625,887.32,3198,2024-11-01,0,3,0,True,False,False,False,False,False,False,True,False,True,False,False,44,1,0.9090909090909091,4300.0,81593.52,13506.0,119158.79,11323.0,54412.36,4611.82765650813,11977.666666666666,5066.486224857096,1403,0.2616378957702692,11.597325435203356,9.411074701777263
18088,18840,1554.66,7661,2024-12-01,0,3,0,True,False,False,False,False,False,False,True,False,True,False,False,48,1,1.0,12222.0,108805.4,8409.0,103557.81,16936.0,59209.95,3961.9215455802846,12127.5,5056.536828700058,752,0.4235170545635469,11.330365639792618,9.803059297701635
12017,12840,823.77,5011,2025-01-01,0,3,2,True,False,False,False,False,False,False,True,False,False,False,True,1,0,0.0,18088.0,83312.48,4300.0,81593.52,17392.0,79984.0,6919.501234433971,12319.5,5292.022817411132,823,0.41695789648860043,11.197941532133154,9.394160804893874
20012,20874,1269.76,3665,2025-02-01,0,3,0,True,False,False,False,False,False,False,True,False,True,False,False,5,0,0.09090909090909091,12017.0,72979.06,12222.0,108805.4,13506.0,119158.79,3447.4391945326443,11423.666666666666,4681.31762078442,862,0.18313096487283265,11.42382153648469,9.904137341377625
11956,13742,1273.31,8997,2025-03-01,0,3,0,True,False,False,False,False,False,False,True,False,True,False,False,9,0,0.18181818181818182,20012.0,91474.05,18088.0,83312.48,8409.0,103557.81,4172.905502564515,12508.0,5864.168449149465,1786,0.7524462657857323,10.970937981418928,9.38907215991958
11382,12375,836.58,11104,2025-04-01,0,3,2,True,False,False,False,False,False,False,True,False,False,False,True,14,0,0.2727272727272727,11956.0,58158.12,12017.0,72979.06,4300.0,81593.52,4633.624966841104,13099.166666666666,5538.021177881746,993,0.9754897654396908,11.614417859082629,9.339876293325217
8555,8640,583.88,3268,2025-05-01,0,3,0,True,False,False,False,False,False,False,True,False,True,False,False,18,0,0.36363636363636365,11382.0,110681.15,20012.0,91474.05,12222.0,108805.4,4825.375840284349,14279.5,3755.33219569189,85,0.38195418419822347,11.39221417114766,9.054388070202297
9651,10848,632.62,14189,2025-06-01,0,3,2,True,False,False,False,False,False,False,True,False,False,False,True,22,0,0.45454545454545453,8555.0,88627.98,11956.0,58158.12,18088.0,83312.48,1820.6320331137508,13668.333333333334,4400.182844685744,1197,1.4700580190634065,10.853744060690188,9.174920426744922
16163,18239,1132.22,7278,2025-07-01,0,3,0,True,False,False,False,False,False,False,True,False,True,False,False,27,0,0.5454545454545454,9651.0,51726.46,11382.0,110681.15,12017.0,72979.06,1425.3365684403275,12262.166666666666,4038.55743634614,2076,0.4502598366740906,11.180275872725296,9.690541826198364
11494,12162,1018.94,5260,2025-08-01,0,3,2,True,False,False,False,False,False,False,True,False,False,False,True,31,0,0.6363636363636364,16163.0,71701.14,8555.0,88627.98,20012.0,91474.05,4112.765168756081,12953.166666666666,4332.233577113164,668,0.4575902566333188,11.411303064955327,9.349667437197281
12084,13554,801.17,7795,2025-09-01,0,3,1,True,False,False,False,False,False,False,True,False,False,True,False,36,0,0.7272727272727273,11494.0,90336.06,9651.0,51726.46,11956.0,58158.12,3356.6440085299328,11533.5,2609.6190334989565,1470,0.6450144807612743,11.084478587444552,9.399720293137584
5013,5164,331.61,5996,2025-10-01,0,3,2,True,False,False,False,False,False,False,True,False,False,False,True,40,1,0.8181818181818182,12084.0,65151.02,16163.0,71701.14,11382.0,110681.15,2542.502114060063,11554.833333333334,2614.282725082866,151,1.1958516154766654,10.913967836545904,8.519989278718239
9950,10033,879.08,8881,2025-11-01,0,3,1,True,False,False,False,False,False,False,True,False,False,True,False,44,1,0.9090909090909091,5013.0,54937.4,11494.0,90336.06,8555.0,88627.98,3923.2321284029636,10493.333333333334,3746.395316389699,83,0.8924731182795699,11.682175713222847,9.205428327615163
13671,15308,713.63,8520,2025-12-01,0,3,0,True,False,False,False,False,False,False,True,False,True,False,False,49,1,1.0,9950.0,118440.65,12084.0,65151.02,9651.0,51726.46,3626.9125069862453,10725.833333333334,3643.929934379458,1637,0.6231714452896431,11.12724871935062,9.523105224795426
6676,7646,590.83,6094,2015-07-01,1,3,0,False,True,False,False,False,False,False,True,False,True,False,False,27,0,0.5454545454545454,12870.0,116466.44,8458.0,88193.18,8833.0,113652.43,3850.3880323936173,10020.666666666666,4154.177158796513,970,0.9126853377265239,11.613553299137441,8.806424063857868
6084,6741,319.41,9512,2015-08-01,1,3,2,False,True,False,False,False,False,False,True,False,False,False,True,31,0,0.6363636363636364,6676.0,110585.5,16130.0,117425.58,9893.0,69505.25,4802.279875225932,9661.166666666666,4365.4722730383555,657,1.563188167625308,11.460382231839882,8.713582005421628
15086,15130,1332.85,5142,2015-09-01,1,3,2,False,True,False,False,False,False,False,True,False,False,False,True,36,0,0.7272727272727273,6084.0,94880.33,12870.0,116466.44,3940.0,98722.09,3758.6765401312905,9026.333333333334,4595.890236577313,44,0.3408232252932989,10.9558569300295,9.621588724840075
9615,10665,690.84,8217,2015-10-01,1,3,2,False,True,False,False,False,False,False,True,False,False,False,True,40,1,0.8181818181818182,15086.0,57287.6,6676.0,110585.5,8458.0,88193.18,5035.119462336519,10884.0,4376.168552512575,1050,0.8545133111480865,11.346698374616619,9.17118365677499
12699,14494,904.8,9152,2015-11-01,1,3,2,False,True,False,False,False,False,False,True,False,False,False,True,44,1,0.9090909090909091,9615.0,84684.39,6084.0,94880.33,16130.0,117425.58,4535.706596918867,11076.833333333334,4272.143088271585,1795,0.7206299212598425,11.466633013916743,9.449357272446683
7199,8250,633.87,4561,2015-12-01,1,3,2,False,True,False,False,False,False,False,True,False,False,False,True,49,1,1.0,12699.0,95475.27,15086.0,57287.6,12870.0,116466.44,2742.8897778316455,10505.0,3643.926563475176,1051,0.6334722222222222,11.676934109291661,8.881836305004146
7412,7789,369.12,13737,2016-01-01,1,3,1,False,True,False,False,False,False,False,True,False,False,True,False,53,0,0.0,7199.0,117821.45,9615.0,84684.39,6676.0,110585.5,2756.7526790289567,9559.833333333334,3643.2780523405936,377,1.8530959125859976,11.580946290840545,8.910990494656719
18306,18871,1856.23,3685,2016-02-01,1,3,0,False,True,False,False,False,False,False,True,False,True,False,False,5,0,0.09090909090909091,7412.0,107037.76,12699.0,95475.27,6084.0,94880.33,3115.7593509982976,9682.5,3537.6202594399533,565,0.20128912437865298,10.965355805219197,9.815038779351015
12255,12614,801.48,13776,2016-03-01,1,3,0,False,True,False,False,False,False,False,True,False,True,False,False,9,0,0.18181818181818182,18306.0,57834.37,7199.0,117821.45,15086.0,57287.6,6352.03450347472,11719.5,4451.811350450512,359,1.1240208877284594,10.830330414344074,9.413770891980372
5161,5521,447.46,14491,2016-04-01,1,3,2,False,True,False,False,False,False,False,True,False,False,False,True,13,0,0.2727272727272727,12255.0,50529.4,7412.0,107037.76,9615.0,84684.39,5458.151182711352,11247.666666666666,4164.391896383754,360,2.8072452537776056,10.900638381007377,8.54907938027856
8790,9863,744.95,10486,2016-05-01,1,3,1,False,True,False,False,False,False,False,True,False,False,True,False,17,0,0.36363636363636365,5161.0,54209.96,18306.0,57834.37,12699.0,95475.27,6579.392854461065,10505.333333333334,4853.583363522942,1073,1.1928108292571948,11.441068066067876,9.081483749851179
13711,15380,937.83,7059,2016-06-01,1,3,0,False,True,False,False,False,False,False,True,False,True,False,False,22,0,0.45454545454545453,8790.0,93065.36,12255.0,50529.4,7199.0,117821.45,3547.3159336790586,9853.833333333334,4761.718992828815,1669,0.5148045507584598,11.471629399762888,9.52602664083756
14833,15941,1007.9,7010,2016-07-01,1,3,1,False,True,False,False,False,False,False,True,False,False,True,False,26,0,0.5454545454545454,13711.0,95953.5,5161.0,54209.96,7412.0,107037.76,4291.238787731735,10939.166666666666,4777.692807900763,1108,0.47256303087501683,10.922246060127392,9.604677122296504
14658,16528,1519.3,4377,2016-08-01,1,3,0,False,True,False,False,False,False,False,True,False,True,False,False,31,0,0.6363636363636364,14833.0,55394.08,8790.0,93065.36,18306.0,57834.37,3214.3681079386843,12176.0,4640.5653965869315,1870,0.29858789821952386,11.399606699614022,9.59280976029003
14559,15638,742.51,5085,2016-09-01,1,3,2,False,True,False,False,False,False,False,True,False,False,False,True,35,0,0.7272727272727273,14658.0,89285.6,13711.0,95953.5,12255.0,50529.4,603.6442108836218,11568.0,3848.1080026423397,1079,0.3492445054945055,11.589686949159157,9.586033321750676
14647,14853,960.11,12951,2016-10-01,1,3,1,False,True,False,False,False,False,False,True,False,False,True,False,39,1,0.8181818181818182,14559.0,107977.45,14833.0,55394.08,5161.0,54209.96,138.74557049977994,11952.0,4040.5210555075714,206,0.8841480065537958,11.641097723051573,9.592059086354347
10075,11169,899.19,3797,2016-11-01,1,3,1,False,True,False,False,False,False,False,True,False,False,True,False,44,1,0.9090909090909091,14647.0,113673.88,14658.0,89285.6,8790.0,93065.36,54.261711485258736,13533.0,2356.990878217401,1094,0.37683604605001986,10.975757405904517,9.2179116374725
8111,8817,695.92,10514,2016-12-01,1,3,2,False,True,False,False,False,False,False,True,False,False,False,True,48,1,1.0,10075.0,58439.09,14559.0,107977.45,13711.0,95953.5,2614.612272084201,13747.166666666666,1841.9305542464688,706,1.296104536489152,10.997836934581908,9.001099725830965
10853,10934,1113.52,6543,2017-01-01,1,3,2,False,True,False,False,False,False,False,True,False,False,False,True,52,0,0.0,8111.0,59743.77,14647.0,113673.88,14833.0,55394.08,3353.5994592874845,12813.833333333334,2949.642040429091,81,0.6028192371475953,10.916979946959998,9.29228895462335
5444,5940,372.37,10819,2017-02-01,1,3,2,False,True,False,False,False,False,False,True,False,False,False,True,5,0,0.09090909090909091,10853.0,55103.13,10075.0,58439.09,14658.0,89285.6,1413.1020250970246,12150.5,2850.6037079888915,496,1.9869605142332416,11.165806148822854,8.602453035367061
18358,19736,1828.46,6296,2017-03-01,1,3,2,False,True,False,False,False,False,False,True,False,False,False,True,9,0,0.18181818181818182,5444.0,70671.1,8111.0,59743.77,14559.0,107977.45,2704.586659731941,10614.833333333334,3610.2537537777966,1378,0.34293806852225067,11.48837064788562,9.817875196460205
3743,4244,273.43,8033,2017-04-01,1,3,0,False,True,False,False,False,False,False,True,False,True,False,False,13,0,0.2727272727272727,18358.0,97573.42,10853.0,55103.13,14647.0,113673.88,6485.287220573451,11248.0,4629.566718387371,501,2.1455662393162394,11.663523785491034,8.227909837597483
8451,9514,607.2,14643,2017-05-01,1,3,1,False,True,False,False,False,False,False,True,False,False,True,False,18,0,0.36363636363636365,3743.0,116251.96,5444.0,70671.1,10075.0,58439.09,7992.319458913871,9430.666666666666,5140.429190900956,1063,1.7324893516327498,10.835656751663713,9.042158378735948
6329,6475,334.17,13595,2017-06-01,1,3,0,False,True,False,False,False,False,False,True,False,True,False,False,22,0,0.45454545454545453,8451.0,50799.26,18358.0,97573.42,8111.0,59743.77,7460.02835115256,9160.0,5142.471779212793,146,2.147709320695103,11.662487404040569,8.753055515138222
8880,9964,606.06,6470,2017-07-01,1,3,2,False,True,False,False,False,False,False,True,False,False,False,True,26,0,0.5454545454545454,6329.0,116131.54,3743.0,116251.96,10853.0,55103.13,2357.8077388398992,8863.0,5265.1682974051255,1084,0.7285215628870623,11.492318594357073,9.091669442258505
7497,8021,383.47,12642,2017-08-01,1,3,2,False,True,False,False,False,False,False,True,False,False,False,True,31,0,0.6363636363636364,8880.0,97959.4,8451.0,50799.26,5444.0,70671.1,1365.9261815095713,8534.166666666666,5176.898431171569,524,1.6860496132301948,10.920527825846708,8.922391597295857
7844,7883,495.35,9688,2017-09-01,1,3,2,False,True,False,False,False,False,False,True,False,False,False,True,35,0,0.7272727272727273,7497.0,55298.98,6329.0,116131.54,18358.0,97573.42,1277.0091359631372,8876.333333333334,4996.508847852334,39,1.2349267049075845,11.622174410874857,8.967631665167133
9182,9225,915.9,10282,2017-10-01,1,3,1,False,True,False,False,False,False,False,True,False,False,True,False,39,1,0.8181818181818182,7844.0,111543.0,8880.0,97959.4,3743.0,116251.96,719.5361932059552,7124.0,1874.3094728459262,43,1.1196776652510072,11.285202192724862,9.125109227613523
8800,9446,740.52,9631,2017-11-01,1,3,2,False,True,False,False,False,False,False,True,False,False,False,True,44,1,0.9090909090909091,9182.0,79633.46,7497.0,55298.98,8451.0,50799.26,889.7450945823293,8030.5,1042.9697502804092,646,1.0943074650607885,11.463032978466712,9.082620630373812
12980,14796,926.77,11141,2017-12-01,1,3,2,False,True,False,False,False,False,False,True,False,False,False,True,48,1,1.0,8800.0,95132.17,7844.0,111543.0,6329.0,116131.54,689.2150124114523,8088.666666666667,1080.1795529756369,1816,0.8582543717741314,11.135840066188432,9.471242028892995
10309,11575,1043.79,14636,2018-01-01,1,3,2,False,True,False,False,False,False,False,True,False,False,False,True,1,0,0.0,12980.0,68584.75,9182.0,79633.46,8880.0,97959.4,2310.9568004039625,9197.166666666666,1964.1802785555742,1266,1.4195926285160039,11.685623362548025,9.240869577011006
10561,11898,682.77,6701,2018-02-01,1,3,1,False,True,False,False,False,False,False,True,False,False,True,False,5,0,0.09090909090909091,10309.0,118849.7,8800.0,95132.17,7497.0,55298.98,2116.747583755163,9435.333333333334,2004.2584331035393,1337,0.6344442340465821,11.337171573767787,9.26501793326688
7221,7258,518.83,5321,2018-03-01,1,3,0,False,True,False,False,False,False,False,True,False,True,False,False,9,0,0.18181818181818182,10561.0,83881.44,12980.0,68584.75,7844.0,111543.0,1474.7489051812584,9946.0,1790.56225806309,37,0.7367765162004984,11.25719079608983,8.884887201837403
21473,24427,1075.8,11576,2018-04-01,1,3,1,False,True,False,False,False,False,False,True,False,False,True,False,13,0,0.2727272727272727,7221.0,77433.74,10309.0,118849.7,9182.0,79633.46,1859.876698422054,9842.166666666666,1947.9783794145812,2954,0.5390705038651392,11.270374043433012,9.97459817999408
11900,12449,1272.7,12719,2018-05-01,1,3,1,False,True,False,False,False,False,False,True,False,False,True,False,18,0,0.36363636363636365,21473.0,78461.34,10561.0,83881.44,8800.0,95132.17,7453.711022034594,11890.666666666666,5072.187877698012,549,1.0687337198554743,11.439877776670713,9.38437770918244
8387,9141,429.0,5595,2018-06-01,1,3,0,False,True,False,False,False,False,False,True,False,True,False,False,22,0,0.45454545454545453,11900.0,92954.65,7221.0,77433.74,12980.0,68584.75,7264.696300144509,12407.333333333334,4847.301297285601,754,0.6670243204577968,11.636639588013539,9.03455739202181
9807,11267,1047.39,12967,2018-07-01,1,3,2,False,True,False,False,False,False,False,True,False,False,False,True,26,0,0.5454545454545454,8387.0,113168.23,21473.0,78461.34,10309.0,118849.7,6772.824300098149,11641.833333333334,5095.112183913782,1460,1.3220840130505709,11.11017576679725,9.190953658175992
15325,15719,1055.13,6399,2018-08-01,1,3,1,False,True,False,False,False,False,False,True,False,False,True,False,31,0,0.6363636363636364,9807.0,66846.94,11900.0,92954.65,10561.0,83881.44,1767.211456881524,11558.166666666666,5125.407473232413,394,0.4175257731958763,11.365195693585834,9.637306011530349
4968,5607,356.95,11903,2018-09-01,1,3,1,False,True,False,False,False,False,False,True,False,False,True,False,35,0,0.7272727272727273,15325.0,86265.42,8387.0,113168.23,7221.0,77433.74,3665.1641163800546,12352.166666666666,5305.86627862658,639,2.395451801167237,10.988999066242778,8.51097389160232
8207,9267,812.49,12336,2018-10-01,1,3,0,False,True,False,False,False,False,False,True,False,True,False,False,40,1,0.8181818181818182,4968.0,59218.08,9807.0,66846.94,21473.0,78461.34,5182.208248742357,11976.666666666666,5798.48479058682,1060,1.5029239766081872,11.613887822896269,9.012864567410551
14686,16707,766.61,12699,2018-11-01,1,3,0,False,True,False,False,False,False,False,True,False,True,False,False,44,1,0.9090909090909091,8207.0,110622.5,15325.0,86265.42,11900.0,92954.65,5298.183556654109,9765.666666666666,3544.3206213132953,2021,0.8646422005855519,11.627359164524046,9.594718027753862
6229,6403,323.29,5448,2018-12-01,1,3,0,False,True,False,False,False,False,False,True,False,True,False,False,48,1,1.0,14686.0,112122.83,4968.0,59218.08,8387.0,113168.23,4948.19977365506,10230.0,4029.1863198417614,174,0.874478330658106,11.537197110917795,8.737131611781498
6901,7866,714.25,6934,2019-01-01,1,3,1,False,True,False,False,False,False,False,True,False,False,True,False,1,0,0.0,6229.0,102455.86,8207.0,110622.5,9807.0,66846.94,4423.625473899585,9870.333333333334,4312.931794808105,965,1.004636337293538,11.649082308081441,8.839566503657949
8777,8804,564.8,12799,2019-02-01,1,3,1,False,True,False,False,False,False,False,True,False,False,True,False,5,0,0.09090909090909091,6901.0,114585.16,14686.0,112122.83,15325.0,86265.42,4700.68537555961,9386.0,4481.347118891817,27,1.4580770107085896,10.86687539712898,9.080003870248179
9014,9238,805.85,7116,2019-03-01,1,3,0,False,True,False,False,False,False,False,True,False,True,False,False,9,0,0.18181818181818182,8777.0,52410.19,6229.0,102455.86,4968.0,59218.08,1320.559477393323,8294.666666666666,3416.590971519221,224,0.789351081530782,11.202207560042966,9.106645135637418
12794,14038,658.25,14603,2019-04-01,1,3,1,False,True,False,False,False,False,False,True,False,False,True,False,14,0,0.2727272727272727,9014.0,73291.06,6901.0,114585.16,8207.0,110622.5,1157.6062946154564,8969.0,3002.9267723339494,1244,1.141305197342712,11.359512829387967,9.456809748593889
13602,14061,887.53,13981,2019-05-01,1,3,1,False,True,False,False,False,False,False,True,False,False,True,False,18,0,0.36363636363636365,12794.0,85776.57,8777.0,52410.19,14686.0,112122.83,2253.917256688895,9733.5,3335.5978624528466,459,1.0277879879438359,11.47588018384788,9.51804563563343
13504,15384,937.85,9303,2019-06-01,1,3,0,False,True,False,False,False,False,False,True,False,True,False,False,22,0,0.45454545454545453,13602.0,96362.25,9014.0,73291.06,6229.0,102455.86,2449.1838096258366,9552.833333333334,3028.9687629070495,1880,0.6888559792669382,11.460336911043468,9.510815266226716
8165,8713,439.69,6506,2019-07-01,1,3,2,False,True,False,False,False,False,False,True,False,False,False,True,27,0,0.5454545454545454,13504.0,94876.03,12794.0,85776.57,6901.0,114585.16,440.9399052025022,10765.333333333334,2885.0016060076414,548,0.7967180994366887,11.269375359032436,9.007734471879521
8803,9254,459.52,7993,2019-08-01,1,3,0,False,True,False,False,False,False,False,True,False,True,False,False,31,0,0.6363636363636364,8165.0,78383.02,13602.0,96362.25,8777.0,52410.19,3111.149144608788,10976.0,2575.987189409141,451,0.9078827805542935,11.684336299049018,9.082961442646353
6790,7203,714.99,8027,2019-09-01,1,3,2,False,True,False,False,False,False,False,True,False,False,False,True,35,0,0.7272727272727273,8803.0,118696.83,13504.0,94876.03,9014.0,73291.06,2915.8008048104602,10980.333333333334,2571.5662672127805,413,1.18200559564129,11.651486512646864,8.823353485113792
10136,11624,869.67,12041,2019-10-01,1,3,0,False,True,False,False,False,False,False,True,False,True,False,False,40,1,0.8181818181818182,6790.0,114860.98,8165.0,78383.02,12794.0,85776.57,1028.7401680372589,10609.666666666666,3030.934817290975,1488,1.1878267732070633,11.351956745041168,9.2239473753824
10964,12047,1110.1,11064,2019-11-01,1,3,2,False,True,False,False,False,False,False,True,False,False,False,True,44,1,0.9090909090909091,10136.0,85130.87,8803.0,118696.83,13602.0,96362.25,1684.4768723058583,10166.666666666666,2835.785017709677,1083,1.009028727770178,11.688891618907222,9.302463660851988
5928,6097,369.91,10538,2019-12-01,1,3,2,False,True,False,False,False,False,False,True,False,False,False,True,48,1,1.0,10964.0,119238.77,6790.0,114860.98,13504.0,94876.03,2209.9613872946575,9727.0,2361.472760799922,169,1.7773654916512058,11.234157278857754,8.687610843707368
12267,13257,846.42,11937,2020-01-01,1,3,0,False,True,False,False,False,False,False,True,False,True,False,False,1,0,0.0,5928.0,75670.53,10136.0,85130.87,8165.0,78383.02,2700.4365079248446,8464.333333333334,1922.6792417526822,990,0.9730192370394523,11.357562283693426,9.414749525234143
10403,11265,519.63,9354,2020-02-01,1,3,2,False,True,False,False,False,False,False,True,False,False,False,True,5,0,0.09090909090909091,12267.0,85609.42,10964.0,119238.77,8803.0,118696.83,3347.6864150235656,9148.0,2451.5199366923375,862,0.8990772779700116,10.968766059351244,9.249945626568541
6591,7080,570.45,9033,2020-03-01,1,3,2,False,True,False,False,False,False,False,True,False,False,False,True,9,0,0.18181818181818182,10403.0,58031.94,5928.0,75670.53,6790.0,114860.98,3257.8889381520253,9414.666666666666,2493.1539596797206,489,1.3702973300970873,10.933627013042742,8.793612071589308
3764,3814,261.97,5139,2020-04-01,1,3,1,False,True,False,False,False,False,False,True,False,False,True,False,14,0,0.2727272727272727,6591.0,56028.13,12267.0,85609.42,10136.0,85130.87,2893.176339826754,9381.5,2536.008734212089,50,1.3649402390438248,11.613229065960754,8.233503140233994
8980,10325,759.71,4916,2020-05-01,1,3,1,False,True,False,False,False,False,False,True,False,False,True,False,18,0,0.36363636363636365,3764.0,110549.65,10403.0,58031.94,10964.0,119238.77,3331.65609469725,8319.5,3357.876516490742,1345,0.5473777975726534,11.157396578342578,9.10286651367095
13212,15110,1141.52,6640,2020-06-01,1,3,1,False,True,False,False,False,False,False,True,False,False,True,False,23,0,0.45454545454545453,8980.0,70079.27,6591.0,56028.13,5928.0,75670.53,2611.0631934137473,7988.833333333333,3135.7139803666187,1898,0.5025353818209339,10.92307232638135,9.488956472414216
12980,14620,1135.1,8649,2020-07-01,1,3,0,False,True,False,False,False,False,False,True,False,True,False,False,27,0,0.5454545454545454,13212.0,55439.87,3764.0,110549.65,12267.0,85609.42,4732.53251441551,9202.833333333334,3559.6396119082992,1640,0.6662814883290964,11.229948439737038,9.471242028892995
6007,6335,523.51,3893,2020-08-01,1,3,2,False,True,False,False,False,False,False,True,False,False,False,True,31,0,0.6363636363636364,12980.0,75352.71,8980.0,70079.27,10403.0,58031.94,2379.2032279735995,9321.666666666666,3691.8373023017507,328,0.6479693741677763,11.293171163654014,8.700847193443972
6776,6874,608.82,12245,2020-09-01,1,3,1,False,True,False,False,False,False,False,True,False,False,True,False,36,0,0.7272727272727273,6007.0,80270.6,13212.0,55439.87,6591.0,56028.13,4094.4795762098993,8589.0,3866.3999793089174,98,1.806846687324775,11.330503543139873,8.821289805136113
8875,9062,559.12,9048,2020-10-01,1,3,2,False,True,False,False,False,False,False,True,False,False,False,True,40,1,0.8181818181818182,6776.0,83323.97,12980.0,75352.71,3764.0,110549.65,3823.255724292233,8619.833333333334,3847.9736182394317,187,1.0193780982424516,11.446566193939784,9.091106284052485
8939,9066,756.24,8085,2020-11-01,1,3,0,False,True,False,False,False,False,False,True,False,True,False,False,44,1,0.9090909090909091,8875.0,93578.46,6007.0,80270.6,8980.0,70079.27,1484.5081115754556,9471.666666666666,3038.6436886654983,127,0.9043624161073825,11.681080143757427,9.09829086816756
1598,1741,79.82,7767,2020-12-01,1,3,2,False,True,False,False,False,False,False,True,False,False,False,True,49,1,1.0,8939.0,118310.96,6776.0,83323.97,13212.0,55439.87,1230.7495006431348,9464.833333333334,3040.0162773687025,143,4.857410881801126,11.57612990912269,7.377133712833954
8424,8688,567.36,6372,2021-01-01,1,3,2,False,True,False,False,False,False,False,True,False,False,False,True,53,0,0.0,1598.0,106523.46,8875.0,93578.46,12980.0,75352.71,4219.974447000043,7529.166666666667,3783.476465721262,264,0.7563204747774481,10.836155246889573,9.038958755220563
11811,13576,845.08,7263,2021-02-01,1,3,1,False,True,False,False,False,False,False,True,False,False,True,False,5,0,0.09090909090909091,8424.0,50824.59,8939.0,118310.96,6007.0,80270.6,4097.75918439985,6769.833333333333,2800.1103847289028,1765,0.614883169657975,11.538167390075486,9.376871242863814
6517,6629,429.14,13254,2021-03-01,1,3,2,False,True,False,False,False,False,False,True,False,False,False,True,9,0,0.18181818181818182,11811.0,102555.32,1598.0,106523.46,6776.0,83323.97,5202.105567299968,7737.166666666667,3418.1905983526804,112,2.0334458422829087,10.959373082382811,8.782322859397507
8545,9233,845.95,5937,2021-04-01,1,3,1,False,True,False,False,False,False,False,True,False,False,True,False,13,0,0.2727272727272727,6517.0,57489.39,8424.0,50824.59,8875.0,93578.46,2681.2576029418233,7694.0,3434.353505392243,688,0.6947109758951556,10.886538959733404,9.05321861620397
12865,13825,683.13,7926,2021-05-01,1,3,2,False,True,False,False,False,False,False,True,False,False,False,True,17,0,0.36363636363636365,8545.0,53450.98,11811.0,102555.32,8939.0,118310.96,2671.0165355784175,7639.0,3414.241057687636,960,0.6160422819835225,11.59843881213993,9.462343451970945
12017,13245,841.79,14565,2021-06-01,1,3,2,False,True,False,False,False,False,False,True,False,False,False,True,22,0,0.45454545454545453,12865.0,108926.61,6517.0,57489.39,1598.0,106523.46,3242.2288629891623,8293.333333333334,4033.295757400721,1228,1.211932101847229,10.90501057977228,9.394160804893874
6373,7051,432.09,7940,2021-07-01,1,3,0,False,True,False,False,False,False,False,True,False,True,False,False,26,0,0.5454545454545454,12017.0,54447.5,8545.0,53450.98,8424.0,50824.59,2288.9694915689306,10029.833333333334,2540.983464461481,678,1.245685597740822,11.486734763304561,8.759982494977281
9226,10565,979.8,3393,2021-08-01,1,3,1,False,True,False,False,False,False,False,True,False,False,True,False,30,0,0.6363636363636364,6373.0,97413.93,12865.0,108926.61,11811.0,102555.32,3528.925804452869,9688.0,2911.206416590895,1339,0.3677251544380622,11.539665054244317,9.129889247578555
7322,7942,499.73,12427,2021-09-01,1,3,0,False,True,False,False,False,False,False,True,False,True,False,False,35,0,0.7272727272727273,9226.0,102709.03,12017.0,54447.5,6517.0,57489.39,2822.0567558667794,9257.166666666666,2719.125772498702,620,1.69698211115663,11.60921734456777,8.89877535906107
9106,9660,453.48,10124,2021-10-01,1,3,2,False,True,False,False,False,False,False,True,False,False,False,True,39,1,0.8181818181818182,7322.0,110107.04,6373.0,97413.93,8545.0,53450.98,1452.895155657604,9391.333333333334,2572.8030368970462,554,1.1116723399582737,11.488321555945578,9.11679862756782
4265,4364,273.81,7945,2021-11-01,1,3,2,False,True,False,False,False,False,False,True,False,False,False,True,44,1,0.9090909090909091,9106.0,97568.63,9226.0,102709.03,12865.0,108926.61,1066.3232780603323,9484.833333333334,2545.948107614659,99,1.862400375058603,11.622949857825152,8.358431899031295
10220,10830,646.93,6158,2021-12-01,1,3,0,False,True,False,False,False,False,False,True,False,True,False,False,48,1,1.0,4265.0,111629.53,7322.0,110107.04,12017.0,54447.5,2448.2369847164173,8051.5,2679.6912322131416,610,0.6024850797377947,11.0334641323105,9.232199706329077
15237,17350,950.79,6996,2022-01-01,1,3,0,False,True,False,False,False,False,False,True,False,True,False,False,52,0,0.0,10220.0,61910.68,9106.0,97568.63,6373.0,97413.93,3165.9201400751303,7752.0,2206.478008048116,2113,0.4591153694710592,10.966063080556976,9.631547587032955
6243,6550,446.69,6993,2022-02-01,1,3,1,False,True,False,False,False,False,False,True,False,False,True,False,5,0,0.09090909090909091,15237.0,57875.29,4265.0,111629.53,9226.0,102709.03,5492.67842981303,9229.333333333334,3615.8326104324383,307,1.1199551569506727,11.517229788066084,8.739376281635323
607,672,38.7,8638,2022-03-01,1,3,2,False,True,False,False,False,False,False,True,False,False,False,True,9,0,0.18181818181818182,6243.0,100430.36,10220.0,61910.68,7322.0,110107.04,4507.010354251844,8732.166666666666,3815.923343919091,65,14.207236842105264,11.071568377322608,6.410174881966167
7427,7905,463.44,11113,2022-04-01,1,3,0,False,True,False,False,False,False,False,True,False,True,False,False,13,0,0.2727272727272727,607.0,64315.3,15237.0,57875.29,9106.0,97568.63,7378.950151161975,7613.0,5085.684103441737,478,1.4960958535271944,11.271528071372904,8.913011922472597
9529,10402,814.73,5658,2022-05-01,1,3,0,False,True,False,False,False,False,False,True,False,True,False,False,17,0,0.36363636363636365,7427.0,78551.94,6243.0,100430.36,4265.0,111629.53,3644.144892838373,7333.166666666667,5033.023362420112,873,0.593704092339979,11.584515720333282,9.162199996648248
14719,15739,989.12,14983,2022-06-01,1,3,1,False,True,False,False,False,False,False,True,False,False,True,False,22,0,0.45454545454545453,9529.0,107420.51,607.0,64315.3,10220.0,61910.68,4664.27715014163,8210.5,4846.573542204842,1020,1.017866847826087,11.390091846565749,9.596962392282867
11844,12021,1225.85,3520,2022-07-01,1,3,0,False,True,False,False,False,False,False,True,False,True,False,False,26,0,0.5454545454545454,14719.0,88440.08,7427.0,78551.94,15237.0,57875.29,3753.393309171492,8960.333333333334,5520.78540306238,177,0.29717180244829045,11.231009536312683,9.379661116592885
5100,5665,322.83,7505,2022-08-01,1,3,2,False,True,False,False,False,False,False,True,False,False,False,True,31,0,0.6363636363636364,11844.0,75432.71,9529.0,107420.51,6243.0,100430.36,2600.0304485396555,8394.833333333334,4886.626747222122,565,1.4712801411487944,11.261680234295113,8.537191877922927
8462,9003,426.48,11922,2022-09-01,1,3,2,False,True,False,False,False,False,False,True,False,False,False,True,35,0,0.7272727272727273,5100.0,77782.16,14719.0,88440.08,607.0,64315.3,4937.481172959886,8204.333333333334,5008.061567779159,541,1.4087203119461185,11.392364110858978,9.043458999670106
12079,13501,603.35,11109,2022-10-01,1,3,2,False,True,False,False,False,False,False,True,False,False,False,True,39,1,0.8181818181818182,8462.0,88641.27,11844.0,75432.71,7427.0,78551.94,3372.004942661462,9513.5,3390.186351810176,1422,0.9196192052980132,11.066663674521452,9.399306471488806
14662,14989,1572.5,7697,2022-11-01,1,3,0,False,True,False,False,False,False,False,True,False,True,False,False,44,1,0.9090909090909091,12079.0,64000.62,5100.0,77782.16,9529.0,107420.51,3490.2763500903475,10288.833333333334,3349.2767826303425,327,0.5249266862170088,11.397378914016457,9.59308259297708
13132,14123,1083.39,5881,2022-12-01,1,3,0,False,True,False,False,False,False,False,True,False,True,False,False,48,1,1.0,14662.0,89086.91,8462.0,88641.27,14719.0,88440.08,3114.3372221603313,11144.333333333334,3748.179113471855,991,0.4478032437371507,10.839317739824878,9.48288342558516
6636,7522,330.47,12853,2023-01-01,1,3,0,False,True,False,False,False,False,False,True,False,True,False,False,52,0,0.0,13132.0,50985.58,12079.0,64000.62,11844.0,75432.71,1298.8198489397955,10879.833333333334,3492.7653466367674,886,1.9365677263824017,11.515902927924786,8.800415333145924
10361,10389,744.44,12484,2023-02-01,1,3,0,False,True,False,False,False,False,False,True,False,True,False,False,5,0,0.09090909090909091,6636.0,100297.19,14662.0,89086.91,5100.0,77782.16,4261.3689506229475,10011.833333333334,3835.5445202300357,28,1.2047867207102876,11.387289563616912,9.245900547374733
7063,7817,586.94,11327,2023-03-01,1,3,2,False,True,False,False,False,False,False,True,False,False,False,True,9,0,0.18181818181818182,10361.0,88192.59,13132.0,50985.58,8462.0,88641.27,3259.65442953697,10888.666666666666,2997.992639528433,754,1.6034824462061155,11.41419116956741,8.862766742283796
18742,20023,1641.8,12114,2023-04-01,1,3,0,False,True,False,False,False,False,False,True,False,True,False,False,13,0,0.2727272727272727,7063.0,90597.34,6636.0,100297.19,12079.0,64000.62,2038.5762188350939,10655.5,3266.8214980313805,1281,0.6463212932828256,11.213318708578953,9.838575628358985
13362,14234,1390.98,10000,2023-05-01,1,3,0,False,True,False,False,False,False,False,True,False,True,False,False,18,0,0.36363636363636365,18742.0,74109.96,10361.0,88192.59,14662.0,89086.91,6021.032663367084,11766.0,4676.034259925818,872,0.7483349547257352,11.266179428535724,9.500244972781061
14659,15639,1259.94,3575,2023-06-01,1,3,1,False,True,False,False,False,False,False,True,False,False,True,False,22,0,0.45454545454545453,13362.0,78132.91,7063.0,90597.34,13132.0,50985.58,5845.523101770561,11549.333333333334,4543.241471313919,980,0.24386084583901774,11.40242152231852,9.592877975440642
6115,6844,637.49,7242,2023-07-01,1,3,2,False,True,False,False,False,False,False,True,False,False,False,True,26,0,0.5454545454545454,14659.0,89537.28,18742.0,74109.96,6636.0,100297.19,2807.6531718382384,11803.833333333334,4690.027437730686,729,1.184107259646828,11.452703799455996,8.718663567048953
11623,11690,601.49,7423,2023-08-01,1,3,1,False,True,False,False,False,False,False,True,False,False,True,False,31,0,0.6363636363636364,6115.0,94154.58,13362.0,78132.91,10361.0,88192.59,4604.366659306503,11717.0,4808.177825330506,67,0.6385925671025464,11.540017829996396,9.36082720525012
5499,5702,290.35,8377,2023-09-01,1,3,2,False,True,False,False,False,False,False,True,False,False,False,True,35,0,0.7272727272727273,11623.0,102745.27,14659.0,89537.28,7063.0,90597.34,4331.191060205031,11927.333333333334,4764.399843282117,203,1.523090909090909,11.480260217720712,8.612503371220562
9476,9662,697.91,6954,2023-10-01,1,3,0,False,True,False,False,False,False,False,True,False,True,False,False,39,1,0.8181818181818182,5499.0,96785.25,6115.0,94154.58,18742.0,74109.96,3371.9652034582623,11666.666666666666,5113.737915328343,186,0.7337765115542894,11.583780122257927,9.156623089470195
11323,12413,1194.01,13865,2023-11-01,1,3,1,False,True,False,False,False,False,False,True,False,False,True,False,44,1,0.9090909090909091,9476.0,107341.52,11623.0,102745.27,13362.0,78132.91,3107.236553595491,10122.333333333334,3773.0746966720194,1090,1.2243906746732602,10.86199565693767,9.33467964623179
6937,7210,622.25,3098,2023-12-01,1,3,0,False,True,False,False,False,False,False,True,False,True,False,False,48,1,1.0,11323.0,52155.06,5499.0,96785.25,14659.0,89537.28,2976.2088300386426,9782.5,3505.2447418119013,273,0.446526376477371,11.11502264057926,8.844768827529695
13567,15581,838.44,5037,2024-01-01,1,3,1,False,True,False,False,False,False,False,True,False,False,True,False,1,0,0.0,6937.0,67171.73,9476.0,107341.52,6115.0,94154.58,2202.079547458111,8495.5,2676.270072320798,2014,0.37124115566037735,11.27063133123237,9.515469358031684
3265,3468,338.91,9564,2024-02-01,1,3,1,False,True,False,False,False,False,False,True,False,False,True,False,5,0,0.09090909090909091,13567.0,78481.53,11323.0,52155.06,11623.0,102745.27,3372.176151982572,9737.5,3053.1968655820383,203,2.9283527250459276,11.562553183055341,8.09132127353041
9744,10496,670.87,10874,2024-03-01,1,3,1,False,True,False,False,False,False,False,True,False,False,True,False,9,0,0.18181818181818182,3265.0,105086.98,6937.0,67171.73,5499.0,96785.25,5221.297539884122,8344.5,3828.981783712214,752,1.1158542842483326,10.98787295055762,9.184509611941662
9738,9893,975.75,10632,2024-04-01,1,3,0,False,True,False,False,False,False,False,True,False,True,False,False,14,0,0.2727272727272727,9744.0,59151.43,13567.0,78481.53,9476.0,107341.52,5207.750218024413,9052.0,3582.286979012147,155,1.09169319231954,11.214407023916406,9.1838937219612
8375,9325,613.05,10880,2024-05-01,1,3,0,False,True,False,False,False,False,False,True,False,True,False,False,18,0,0.36363636363636365,9738.0,74190.66,3265.0,105086.98,11323.0,52155.06,3738.9215468278167,9095.666666666666,3590.0774179210457,950,1.2989493791786055,11.179823622185301,9.033125752550372
8099,8458,668.17,3252,2024-06-01,1,3,0,False,True,False,False,False,False,False,True,False,True,False,False,22,0,0.45454545454545453,8375.0,71668.72,9744.0,59151.43,6937.0,67171.73,788.6661735698535,8604.333333333334,3422.0805172682067,359,0.4014814814814815,11.616955966551322,8.99961934066053
10126,10487,525.54,5482,2024-07-01,1,3,2,False,True,False,False,False,False,False,True,False,False,False,True,27,0,0.5454545454545454,8099.0,110962.43,9738.0,74190.66,13567.0,78481.53,877.521699636718,8798.0,3340.763266081566,361,0.5413251703367236,11.604386701632489,9.222960403332285
10413,10457,520.13,6019,2024-08-01,1,3,2,False,True,False,False,False,False,False,True,False,False,False,True,31,0,0.6363636363636364,10126.0,109576.43,8375.0,71668.72,3265.0,105086.98,1099.310844726511,8224.5,2563.2130422576984,44,0.5779719608219704,10.840457390232013,9.250906333722844
12707,13306,1097.88,12881,2024-09-01,1,3,0,False,True,False,False,False,False,False,True,False,True,False,False,35,0,0.7272727272727273,10413.0,51043.72,8099.0,110962.43,9744.0,59151.43,1261.3282681364049,9415.833333333334,951.5825590387033,599,1.0136134718287693,11.39951832858602,9.449986995389407
10751,12000,936.95,3602,2024-10-01,1,3,0,False,True,False,False,False,False,False,True,False,True,False,False,40,1,0.8181818181818182,12707.0,89277.71,10126.0,109576.43,9738.0,74190.66,1414.5886327833905,9909.666666666666,1660.6265885703067,1249,0.33500744047619047,11.206591454924864,9.282847062762931
6741,7454,427.72,6963,2024-11-01,1,3,1,False,True,False,False,False,False,False,True,False,False,True,False,44,1,0.9090909090909091,10751.0,73613.07,10413.0,51043.72,8375.0,71668.72,1238.4544131026041,10078.5,1690.901978235282,713,1.032779590625927,11.48879607873811,8.816111895794005
10907,11879,541.53,9499,2024-12-01,1,3,1,False,True,False,False,False,False,False,True,False,False,True,False,48,1,1.0,6741.0,97614.94,12707.0,89277.71,8099.0,110962.43,3041.3591260049047,9806.166666666666,2101.7967948083497,972,0.8708287495416208,11.213754176855874,9.297251743965479
6915,7670,708.44,5525,2025-01-01,1,3,0,False,True,False,False,False,False,False,True,False,True,False,False,1,0,0.0,10907.0,74142.24,10751.0,73613.07,10126.0,109576.43,2361.496418234277,10274.166666666666,1952.9987625870783,755,0.7988721804511278,11.536108255425738,8.84159284680318
16396,17730,1355.13,14808,2025-02-01,1,3,2,False,True,False,False,False,False,False,True,False,False,False,True,5,0,0.09090909090909091,6915.0,102344.36,6741.0,97614.94,10413.0,51043.72,2356.6181984643417,9739.0,2392.2645338674365,1334,0.9030920290297005,11.57055010899688,9.704853670249868
10895,11081,924.99,6730,2025-03-01,1,3,2,False,True,False,False,False,False,False,True,False,False,False,True,9,0,0.18181818181818182,16396.0,105930.73,10907.0,74142.24,12707.0,89277.71,4760.156615070558,10736.166666666666,3647.1899548373767,186,0.6176578560939795,10.930919221196863,9.296151028389293
8951,10171,742.49,4323,2025-04-01,1,3,0,False,True,False,False,False,False,False,True,False,True,False,False,14,0,0.2727272727272727,10895.0,55876.62,6915.0,102344.36,10751.0,73613.07,4760.790585606553,10434.166666666666,3524.309658169478,1220,0.4829088471849866,11.365463548738186,9.09963224999176
5490,5625,349.16,8539,2025-05-01,1,3,0,False,True,False,False,False,False,False,True,False,True,False,False,18,0,0.36363636363636365,8951.0,86288.53,16396.0,105930.73,6741.0,97614.94,3861.523058759758,10134.166666666666,3568.2822991835524,135,1.555090147514114,10.893355458572817,8.610865667278873
9221,10089,923.94,13264,2025-06-01,1,3,2,False,True,False,False,False,False,False,True,False,False,False,True,22,0,0.45454545454545453,5490.0,53816.58,10895.0,55876.62,10907.0,74142.24,2737.750962621202,9925.666666666666,3832.937863658457,868,1.4382997180654955,11.597492139441659,9.129347212766652
15335,16038,770.58,10636,2025-07-01,1,3,0,False,True,False,False,False,False,False,True,False,True,False,False,27,0,0.5454545454545454,9221.0,108823.54,8951.0,86288.53,6915.0,102344.36,2080.5360687412553,9644.666666666666,3808.328697298416,703,0.6935315597287428,11.316570985675396,9.63795828472548
13341,15209,1420.82,11279,2025-08-01,1,3,2,False,True,False,False,False,False,False,True,False,False,False,True,31,0,0.6363636363636364,15335.0,82171.09,5490.0,53816.58,16396.0,105930.73,4970.3350323024815,11048.0,4138.347109656222,1868,0.8453755059211513,11.088431348245772,9.498672233269462
6319,6848,335.54,6384,2025-09-01,1,3,0,False,True,False,False,False,False,False,True,False,True,False,False,36,0,0.7272727272727273,13341.0,65409.06,9221.0,108823.54,10895.0,55876.62,3117.9970066267397,10538.833333333334,3485.1348563099623,529,1.010126582278481,11.610926475784867,8.751474487140904
9986,10201,522.77,13175,2025-10-01,1,3,0,False,True,False,False,False,False,False,True,False,True,False,False,40,1,0.8181818181818182,6319.0,110295.39,15335.0,82171.09,8951.0,86288.53,4735.90498215494,9776.166666666666,3870.943059083491,215,1.3192149794733152,11.474942042057588,9.209039526243135
7622,8449,680.26,12934,2025-11-01,1,3,2,False,True,False,False,False,False,False,True,False,False,False,True,44,1,0.9090909090909091,9986.0,96271.89,13341.0,65409.06,5490.0,53816.58,3512.1550364412983,9948.666666666666,3849.820601880905,827,1.6967073330709694,11.05118250227482,8.938925271988273
4553,4640,315.52,4933,2025-12-01,1,3,1,False,True,False,False,False,False,False,True,False,False,True,False,49,1,1.0,7622.0,63017.43,6319.0,110295.39,9221.0,108823.54,1858.9062196176844,10304.0,3431.6670001618736,87,1.083223539745279,11.360336714695672,8.423761246623686
9377,9660,642.79,12774,2015-07-01,2,3,2,False,False,True,False,False,False,False,True,False,False,False,True,27,0,0.5454545454545454,792.0,67670.59,12380.0,102666.22,7419.0,79927.87,5861.5605714974345,7362.833333333333,4180.024278238903,283,1.36212412028151,11.026091720533516,9.146121799649531
10293,10639,859.98,5116,2015-08-01,2,3,2,False,False,True,False,False,False,False,True,False,False,False,True,31,0,0.6363636363636364,9377.0,61455.92,8123.0,108948.32,4718.0,55889.8,4637.138161984538,7689.166666666667,4260.93339148439,346,0.4969885370118516,11.310463688702267,9.2393164802127
3159,3625,217.02,6267,2015-09-01,2,3,1,False,False,True,False,False,False,False,True,False,False,True,False,36,0,0.7272727272727273,10293.0,81670.77,792.0,67670.59,10745.0,117385.39,5241.0285568133795,8618.333333333334,4087.7812889961065,466,1.9832278481012657,11.37135395130809,8.058327306580958
8150,8565,404.65,6783,2015-10-01,2,3,1,False,False,True,False,False,False,False,True,False,False,True,False,40,1,0.8181818181818182,3159.0,86798.31,9377.0,61455.92,12380.0,102666.22,3881.5060650903706,7354.0,4455.112927861649,415,0.8321678321678322,11.52024530942267,9.005895898094458
7876,8191,570.62,10901,2015-11-01,2,3,2,False,False,True,False,False,False,False,True,False,False,False,True,44,1,0.9090909090909091,8150.0,100733.67,10293.0,81670.77,8123.0,108948.32,3660.5210466999542,6649.0,3784.995270802857,315,1.383902500952139,11.621825608746587,8.971702399703325
15316,17145,955.72,4502,2015-12-01,2,3,1,False,False,True,False,False,False,False,True,False,False,True,False,49,1,1.0,7876.0,111504.1,3159.0,86798.31,792.0,67670.59,2805.804875610561,6607.833333333333,3767.05802539152,1829,0.29392178625057125,11.335084574979373,9.636718601664555
9845,11192,857.99,10578,2016-01-01,2,3,0,False,False,True,False,False,False,False,True,False,True,False,False,53,0,0.0,15316.0,83706.56,8150.0,100733.67,9377.0,61455.92,4218.614148429949,9028.5,3944.720966050704,1347,1.0743449116392443,11.078248052083339,9.194820560318146
5427,6240,399.7,7882,2016-02-01,2,3,2,False,False,True,False,False,False,False,True,False,False,False,True,5,0,0.09090909090909091,9845.0,64746.35,7876.0,111504.1,10293.0,81670.77,3854.918978828653,9106.5,3957.596075902643,813,1.4521002210759026,10.885113488112006,8.59932602095476
7228,7951,755.69,8421,2016-03-01,2,3,1,False,False,True,False,False,False,False,True,False,False,True,False,9,0,0.18181818181818182,5427.0,53374.84,15316.0,83706.56,3159.0,86798.31,4953.834979084387,8295.5,4159.265451975865,723,1.1648914096002214,10.945326118067214,8.885855993000296
9604,10742,654.03,7835,2016-04-01,2,3,0,False,False,True,False,False,False,False,True,False,True,False,False,13,0,0.2727272727272727,7228.0,56687.47,9845.0,64746.35,8150.0,100733.67,2221.5240264287017,8973.666666666666,3420.348208394383,1138,0.8157209786569495,11.175051806816427,9.170039075202657
17304,18501,905.86,13741,2016-05-01,2,3,2,False,False,True,False,False,False,False,True,False,False,False,True,17,0,0.36363636363636365,9604.0,71327.54,5427.0,53374.84,7876.0,111504.1,2095.0857579901885,9216.0,3401.7774765554555,1197,0.7940479630164692,11.457466664791887,9.758750756069444
11524,11540,829.73,14901,2016-06-01,2,3,0,False,False,True,False,False,False,False,True,False,True,False,False,22,0,0.45454545454545453,17304.0,94604.1,7228.0,56687.47,15316.0,83706.56,5267.21229241174,10787.333333333334,4618.789090948695,16,1.2929284164859003,11.1164476498857,9.352273867864849
1489,1586,131.33,4906,2016-07-01,2,3,0,False,False,True,False,False,False,False,True,False,True,False,False,26,0,0.5454545454545454,11524.0,67267.52,9604.0,71327.54,9845.0,64746.35,4008.008649358598,10155.333333333334,4106.175235747577,97,3.2926174496644296,11.523534786562088,7.306531398939505
6992,7205,443.64,12514,2016-08-01,2,3,0,False,False,True,False,False,False,False,True,False,True,False,False,31,0,0.6363636363636364,1489.0,101065.58,17304.0,94604.1,5427.0,53374.84,8002.331431110145,8762.666666666666,5434.616441540899,213,1.7895037895037895,11.369448435195808,8.852664927703866
6101,6994,312.98,3504,2016-09-01,2,3,0,False,False,True,False,False,False,False,True,False,True,False,False,35,0,0.7272727272727273,6992.0,86633.07,11524.0,67267.52,7228.0,56687.47,5025.32350534106,9023.5,5277.796197277799,893,0.5742379547689282,10.963903563138102,8.716371865276615
6991,7968,348.15,10404,2016-10-01,2,3,2,False,False,True,False,False,False,False,True,False,False,False,True,39,1,0.8181818181818182,6101.0,57750.44,1489.0,101065.58,9604.0,71327.54,2953.7387043090594,8835.666666666666,5373.660974295519,977,1.4879862700228832,11.261794519855258,8.852521917335372
15582,17164,1591.7,5614,2016-11-01,2,3,0,False,False,True,False,False,False,False,True,False,True,False,False,44,1,0.9090909090909091,6991.0,77791.05,6992.0,86633.07,17304.0,94604.1,514.130657842299,8400.166666666666,5404.732349216441,1582,0.3602643906821536,11.433942320761014,9.653935855445614
11142,11477,742.06,8269,2016-12-01,2,3,0,False,False,True,False,False,False,False,True,False,True,False,False,48,1,1.0,15582.0,92404.55,6101.0,57750.44,11524.0,67267.52,5235.8816831551885,8113.166666666667,4855.140097532374,335,0.7420802297406444,10.962136679170651,9.318566777047053
10620,11123,678.62,6244,2017-01-01,2,3,2,False,False,True,False,False,False,False,True,False,False,False,True,52,0,0.0,11142.0,57648.49,6991.0,77791.05,1489.0,101065.58,4296.310083470853,8049.5,4803.699688781554,503,0.5878919122493174,10.95314538854019,9.27058845232154
16196,17766,1724.87,3283,2017-02-01,2,3,2,False,False,True,False,False,False,False,True,False,False,False,True,5,0,0.09090909090909091,10620.0,57132.47,15582.0,92404.55,6992.0,86633.07,2726.6440911860836,9571.333333333334,3606.9128997893295,1570,0.20269185651663887,11.680087782237573,9.692581318886397
11422,13008,817.24,5664,2017-03-01,2,3,0,False,False,True,False,False,False,False,True,False,True,False,False,9,0,0.18181818181818182,16196.0,118193.61,11142.0,57648.49,6101.0,57750.44,3079.6963053738455,11105.333333333334,4199.128846161627,1586,0.4958417228398844,11.097536831149634,9.343384145733948
7289,7694,529.18,14818,2017-04-01,2,3,1,False,False,True,False,False,False,False,True,False,False,True,False,13,0,0.2727272727272727,11422.0,66007.37,10620.0,57132.47,6991.0,77791.05,3014.5772506273543,11992.166666666666,3420.570152279686,405,2.032647462277092,11.636353073343212,8.894258825002703
3170,3619,227.29,10587,2017-05-01,2,3,2,False,False,True,False,False,False,False,True,False,False,False,True,18,0,0.36363636363636365,7289.0,113135.81,16196.0,118193.61,15582.0,92404.55,4457.34251918487,12041.833333333334,3334.5107237294465,449,3.338694418164617,11.460815100029324,8.061802274538348
7136,8154,518.07,12875,2017-06-01,2,3,1,False,False,True,False,False,False,False,True,False,False,True,False,22,0,0.45454545454545453,3170.0,94921.41,11422.0,66007.37,11142.0,57648.49,4126.001979317673,9973.166666666666,4383.951752319666,1018,1.8039792629956564,11.59630502990719,8.873047798971067
4965,5147,347.8,5810,2017-07-01,2,3,0,False,False,True,False,False,False,False,True,False,True,False,False,26,0,0.5454545454545454,7136.0,108694.43,7289.0,113135.81,10620.0,57132.47,2335.1918550731625,9305.5,4474.457184955512,182,1.1699556987515103,10.897521427032704,8.510369966068112
6555,7430,438.53,12104,2017-08-01,2,3,0,False,False,True,False,False,False,False,True,False,True,False,False,31,0,0.6363636363636364,4965.0,54041.25,3170.0,94921.41,16196.0,118193.61,1985.9683616143982,8363.0,4730.455115525356,875,1.8462477120195242,11.537612711692546,8.78813593986372
10095,10441,740.47,14149,2017-09-01,2,3,0,False,False,True,False,False,False,False,True,False,True,False,False,35,0,0.7272727272727273,6555.0,102498.45,7136.0,108694.43,11422.0,66007.37,1123.8996099889741,6756.166666666667,2767.9422982906767,346,1.401446117274168,11.42715655216584,9.219894584780995
10725,12116,534.1,8814,2017-10-01,2,3,0,False,False,True,False,False,False,False,True,False,True,False,False,39,1,0.8181818181818182,10095.0,91779.63,4965.0,54041.25,7289.0,113135.81,2626.0426500725434,6535.0,2340.591463711685,1391,0.8217415625582696,11.016097580798064,9.280425979542871
9250,9926,602.17,14994,2017-11-01,2,3,1,False,False,True,False,False,False,False,True,False,False,True,False,44,1,0.9090909090909091,10725.0,60844.77,6555.0,102498.45,3170.0,94921.41,2247.8656543485895,7107.666666666667,2912.4471955155987,676,1.6207977515944223,11.291030633680545,9.132486932771318
16989,17788,1177.34,5287,2017-12-01,2,3,0,False,False,True,False,False,False,False,True,False,True,False,False,48,1,1.0,9250.0,80098.96,10095.0,91779.63,7136.0,108694.43,740.106974249899,8121.0,2251.0019991106205,799,0.31118304885226605,11.496541070852704,9.740380214665977
10681,11741,745.0,9607,2018-01-01,2,3,2,False,False,True,False,False,False,False,True,False,False,False,True,1,0,0.0,16989.0,98373.91,10725.0,60844.77,4965.0,54041.25,4109.0437249235165,9763.166666666666,4167.156844500419,1060,0.899363415090807,10.921923416257611,9.276315360899716
7551,7813,552.73,8035,2018-02-01,2,3,1,False,False,True,False,False,False,False,True,False,False,True,False,5,0,0.09090909090909091,10681.0,55376.21,9250.0,80098.96,6555.0,102498.45,4117.660055581729,10715.833333333334,3440.9461731719502,262,1.06395656779661,11.615388817902105,8.929567707825337
7292,7429,765.66,13162,2018-03-01,2,3,2,False,False,True,False,False,False,False,True,False,False,False,True,9,0,0.18181818181818182,7551.0,110788.67,16989.0,98373.91,10095.0,91779.63,4807.348680232518,10881.833333333334,3216.7950768842406,137,1.8047442753325107,11.683019317162874,8.894670262984233
13505,14142,1130.37,14848,2018-04-01,2,3,0,False,False,True,False,False,False,False,True,False,True,False,False,13,0,0.2727272727272727,7292.0,118540.61,10681.0,55376.21,10725.0,60844.77,1886.3236731801937,10414.666666666666,3541.106644350984,637,1.0993632459647564,10.946695300194476,9.510889310134788
10524,11157,1052.93,7700,2018-05-01,2,3,2,False,False,True,False,False,False,False,True,False,False,False,True,18,0,0.36363636363636365,13505.0,56765.14,7551.0,110788.67,9250.0,80098.96,3514.6969049028035,10878.0,3764.6505282695257,633,0.7315914489311164,11.207308994993745,9.261508658550582
17589,17847,883.85,9495,2018-06-01,2,3,1,False,False,True,False,False,False,False,True,False,False,True,False,22,0,0.45454545454545453,10524.0,73665.91,7292.0,118540.61,16989.0,98373.91,3107.3449009296246,11090.333333333334,3689.644626067216,258,0.5397953382603752,10.879661172386644,9.775085837731604
6750,7014,438.41,12554,2018-07-01,2,3,1,False,False,True,False,False,False,False,True,False,False,True,False,26,0,0.5454545454545454,17589.0,53084.61,13505.0,56765.14,10681.0,55376.21,3546.8211589158695,11190.333333333334,3884.476472662267,264,1.8595763590579173,11.499310399171511,8.81744592104187
8863,9533,910.67,10742,2018-08-01,2,3,2,False,False,True,False,False,False,False,True,False,False,False,True,31,0,0.6363636363636364,6750.0,98646.72,10524.0,73665.91,7551.0,110788.67,5502.139311213411,10535.166666666666,4297.149446629322,670,1.2118682310469313,11.182395458278616,9.089753408987065
10157,10828,525.62,9093,2018-09-01,2,3,1,False,False,True,False,False,False,False,True,False,False,True,False,35,0,0.7272727272727273,8863.0,71853.28,17589.0,53084.61,7292.0,118540.61,5745.893693180664,10753.833333333334,4145.635459934542,671,0.8951565268753692,11.622631704277769,9.22601685136119
6459,7254,643.32,14465,2018-10-01,2,3,1,False,False,True,False,False,False,False,True,False,False,True,False,40,1,0.8181818181818182,10157.0,111594.02,6750.0,98646.72,13505.0,56765.14,1719.8281890933215,11231.333333333334,3819.302274848992,795,2.2391640866873064,11.386513355715758,8.773384596776648
7086,7874,472.99,9647,2018-11-01,2,3,0,False,False,True,False,False,False,False,True,False,True,False,False,44,1,0.9090909090909091,6459.0,88124.16,8863.0,71853.28,10524.0,73665.91,1876.5596180244352,10057.0,4056.269271140665,788,1.3612247777620996,11.388137564937123,8.866017398810255
13653,14025,856.04,11479,2018-12-01,2,3,0,False,False,True,False,False,False,False,True,False,True,False,False,48,1,1.0,7086.0,88267.41,10157.0,111594.02,17589.0,53084.61,1979.0306549756506,9484.0,4216.7613164607765,372,0.8407060202138568,11.291346439147503,9.521787797978225
13208,14709,671.63,14095,2019-01-01,2,3,0,False,False,True,False,False,False,False,True,False,True,False,False,1,0,0.0,13653.0,80124.26,6459.0,88124.16,6750.0,98646.72,3984.809782160249,8828.0,2757.277642893443,1501,1.0670754788401848,11.152461637985136,9.488653694423864
2439,2652,203.78,10173,2019-02-01,2,3,2,False,False,True,False,False,False,False,True,False,False,False,True,5,0,0.09090909090909091,13208.0,69734.28,7086.0,88267.41,8863.0,71853.28,3669.7501731498464,9904.333333333334,3030.7839029971583,213,4.1692622950819676,11.625405933500213,7.799753318287247
7494,7784,747.53,6638,2019-03-01,2,3,0,False,False,True,False,False,False,False,True,False,True,False,False,9,0,0.18181818181818182,2439.0,111904.04,13653.0,80124.26,10157.0,111594.02,6349.8449062424625,8833.666666666666,4328.9056199767965,290,0.885657104736491,11.186544143379171,8.921991410536698
13892,15134,1166.93,13099,2019-04-01,2,3,1,False,False,True,False,False,False,False,True,False,False,True,False,14,0,0.2727272727272727,7494.0,72152.0,13208.0,69734.28,6459.0,88124.16,5387.859531700262,8389.833333333334,4302.526858331821,1242,0.9428489167206507,11.530487151861458,9.539140395148861
12584,13581,628.57,10794,2019-05-01,2,3,1,False,False,True,False,False,False,False,True,False,False,True,False,18,0,0.36363636363636365,13892.0,101770.68,2439.0,111904.04,7086.0,88267.41,5739.608552273698,9628.666666666666,4688.201346643154,997,0.8576877234803337,11.323086966628383,9.440260907569415
11186,11734,1166.14,6290,2019-06-01,2,3,1,False,False,True,False,False,False,False,True,False,False,True,False,22,0,0.45454545454545453,12584.0,82708.27,7494.0,72152.0,13653.0,80124.26,3380.1717905061187,10545.0,4628.757932750427,548,0.5622597657995888,11.21820548444177,9.32250766884693
6486,6723,442.67,12368,2019-07-01,2,3,0,False,False,True,False,False,False,False,True,False,True,False,False,27,0,0.5454545454545454,11186.0,74473.01,13892.0,101770.68,13208.0,69734.28,1353.2494226860017,10133.833333333334,4401.451325036627,237,1.9065823955603514,11.570249681730779,8.777555453213056
7950,8493,491.31,8072,2019-08-01,2,3,1,False,False,True,False,False,False,False,True,False,False,True,False,31,0,0.6363636363636364,6486.0,105898.91,12584.0,82708.27,2439.0,111904.04,3194.52677768294,9013.5,4317.1559040646225,543,1.0152182115457176,11.36514526713162,8.981052985901483
8123,8610,694.52,12262,2019-09-01,2,3,1,False,False,True,False,False,False,False,True,False,False,True,False,35,0,0.7272727272727273,7950.0,86261.07,11186.0,74473.01,7494.0,72152.0,2405.0291751522186,9932.0,3034.280936235144,487,1.5093549975381586,11.66394304175206,9.002577922700276
6086,6530,304.0,5866,2019-10-01,2,3,0,False,False,True,False,False,False,False,True,False,True,False,False,40,1,0.8181818181818182,8123.0,116300.71,6486.0,105898.91,13892.0,101770.68,899.3510623407134,10036.833333333334,2942.685876315494,444,0.9636931164777395,11.203463796306384,8.713910628493924
9854,9934,637.06,9324,2019-11-01,2,3,2,False,False,True,False,False,False,False,True,False,False,False,True,44,1,0.9090909090909091,6086.0,73383.19,7950.0,86261.07,12584.0,82708.27,1129.4389462619797,8735.833333333334,2603.3889003886247,80,0.9461187214611873,11.594982573145277,9.19573421958682
14160,15916,1497.42,11563,2019-12-01,2,3,0,False,False,True,False,False,False,False,True,False,True,False,False,48,1,1.0,9854.0,108550.78,8123.0,116300.71,11186.0,74473.01,1886.0697229954228,8280.833333333334,1953.8643163399797,1756,0.8165383800579055,11.400729194239743,9.55824698622306
19577,21213,992.55,9779,2020-01-01,2,3,1,False,False,True,False,False,False,False,True,False,False,True,False,1,0,0.0,14160.0,89385.88,6086.0,73383.19,6486.0,105898.91,4039.9863036071474,8776.5,2957.6485085283593,1636,0.4994892225967923,11.532586121404709,9.882161765821376
12077,12821,811.57,4567,2020-02-01,2,3,1,False,False,True,False,False,False,False,True,False,False,True,False,5,0,0.09090909090909091,19577.0,101984.52,9854.0,108550.78,7950.0,86261.07,4872.067562476252,10958.333333333334,5031.509780042834,744,0.37812551746977974,11.085827903454742,9.399140894867847
8652,9846,747.53,10156,2020-03-01,2,3,1,False,False,True,False,False,False,False,True,False,False,True,False,9,0,0.18181818181818182,12077.0,65238.99,14160.0,89385.88,8123.0,116300.71,3871.5366888786252,11646.166666666666,4815.456589635783,1194,1.1736969837050735,11.415447356906695,9.06566136060674
15453,16331,1087.12,12815,2020-04-01,2,3,0,False,False,True,False,False,False,False,True,False,True,False,False,14,0,0.2727272727272727,8652.0,90711.22,19577.0,101984.52,6086.0,73383.19,5587.728369680589,11734.333333333334,4742.337004754794,878,0.8292351494758639,11.173174077806753,9.645623148493529
4010,4210,424.66,3624,2020-05-01,2,3,2,False,False,True,False,False,False,False,True,False,False,False,True,18,0,0.36363636363636365,15453.0,71193.73,12077.0,65238.99,9854.0,108550.78,3400.529419565916,13295.5,3993.7492535210567,200,0.9035153328347045,11.186555369460601,8.296795865770052
14735,15380,1507.39,13930,2020-06-01,2,3,1,False,False,True,False,False,False,False,True,False,False,True,False,23,0,0.45454545454545453,4010.0,72152.81,8652.0,90711.22,14160.0,89385.88,5755.345544216554,12321.5,5448.572244175533,645,0.9453040173724213,11.036404805942372,9.598048758495088
7553,7956,535.89,12801,2020-07-01,2,3,2,False,False,True,False,False,False,False,True,False,False,False,True,27,0,0.5454545454545454,14735.0,62093.01,15453.0,71193.73,19577.0,101984.52,6409.41232355458,12417.333333333334,5492.258066284456,403,1.6945988880063543,11.536022952366046,8.929832503272403
17066,18115,1159.63,6337,2020-08-01,2,3,1,False,False,True,False,False,False,False,True,False,False,True,False,31,0,0.6363636363636364,7553.0,102335.63,4010.0,72152.81,12077.0,65238.99,5464.424306365678,10413.333333333334,4452.6241551097355,1049,0.37130134177066854,11.335479682247536,9.744902053418757
7019,8016,433.77,8308,2020-09-01,2,3,0,False,False,True,False,False,False,False,True,False,True,False,False,36,0,0.7272727272727273,17066.0,83739.64,14735.0,62093.01,8652.0,90711.22,4958.3574901372285,11244.833333333334,5224.387865259114,997,1.1834757834757834,11.285222284327501,8.856518497019858
6655,7595,566.01,5808,2020-10-01,2,3,0,False,False,True,False,False,False,False,True,False,True,False,False,40,1,0.8181818181818182,7019.0,79635.06,7553.0,102335.63,15453.0,71193.73,5652.794795497179,10972.666666666666,5425.155801142184,940,0.8725961538461539,11.36553284790806,8.803273982501045
2824,2913,286.35,4528,2020-11-01,2,3,2,False,False,True,False,False,False,False,True,False,False,False,True,44,1,0.9090909090909091,6655.0,86294.51,17066.0,83739.64,4010.0,72152.81,5908.519639751849,9506.333333333334,5154.2144956013135,89,1.6028318584070798,11.096324128610458,7.946263643580541
13334,13717,1390.07,14870,2020-12-01,2,3,1,False,False,True,False,False,False,False,True,False,False,True,False,49,1,1.0,2824.0,65927.37,7019.0,79635.06,14735.0,62093.01,2324.0439611447537,9308.666666666666,5422.897773945837,383,1.1151106111736033,10.902024777348862,9.498147436616115
7651,8241,486.6,10101,2021-01-01,2,3,1,False,False,True,False,False,False,False,True,False,False,True,False,53,0,0.0,13334.0,54285.17,6655.0,86294.51,7553.0,102335.63,5318.923794653705,9075.166666666666,5166.6271944728815,590,1.3200470465237846,11.06682256412562,8.942722330560143
4938,5121,249.62,13580,2021-02-01,2,3,0,False,False,True,False,False,False,False,True,False,True,False,False,5,0,0.09090909090909091,7651.0,64010.79,2824.0,65927.37,17066.0,83739.64,5260.806623829978,9091.5,5161.004582443233,183,2.749544442194776,11.536517667453369,8.504918160540624
13830,14112,939.75,5377,2021-03-01,2,3,1,False,False,True,False,False,False,False,True,False,False,True,False,9,0,0.18181818181818182,4938.0,102386.27,13334.0,54285.17,7019.0,79635.06,4284.656228917324,7070.166666666667,3530.5530114511434,282,0.388764369893717,11.063025594146731,9.534667728624708
12967,13501,1332.36,13741,2021-04-01,2,3,0,False,False,True,False,False,False,False,True,False,True,False,False,13,0,0.2727272727272727,13830.0,63768.2,7651.0,64010.79,6655.0,86294.51,4557.193471132574,8205.333333333334,4478.507147104571,534,1.0596082665021591,10.864694095815539,9.470240063415512
9058,10053,658.97,5999,2021-05-01,2,3,1,False,False,True,False,False,False,False,True,False,False,True,False,17,0,0.36363636363636365,12967.0,52295.99,4938.0,102386.27,2824.0,65927.37,4903.6937438356945,9257.333333333334,4773.150811221735,995,0.66221437244729,11.492848668093004,9.111514017669288
8154,9222,831.71,5487,2021-06-01,2,3,1,False,False,True,False,False,False,False,True,False,False,True,False,22,0,0.45454545454545453,9058.0,98011.34,13830.0,63768.2,13334.0,54285.17,2542.8669515594606,10296.333333333334,3635.6477643834933,1068,0.672838749233599,11.259970949624362,9.006386515055114
9834,9938,1041.42,13097,2021-07-01,2,3,2,False,False,True,False,False,False,False,True,False,False,False,True,26,0,0.5454545454545454,8154.0,77649.32,12967.0,52295.99,7651.0,64010.79,2558.074340853554,9433.0,3375.789685392151,104,1.3316725978647688,11.054949374024345,9.19370273082316
10813,11769,575.79,14482,2021-08-01,2,3,0,False,False,True,False,False,False,False,True,False,True,False,False,30,0,0.6363636363636364,9834.0,63255.26,9058.0,98011.34,4938.0,102386.27,840.8123056505333,9796.833333333334,3261.0062506328777,956,1.3391899389680044,11.308295597876763,9.28859686994195
10573,11018,662.93,11799,2021-09-01,2,3,0,False,False,True,False,False,False,False,True,False,True,False,False,35,0,0.7272727272727273,10813.0,81493.89,8154.0,77649.32,13830.0,63768.2,1344.812378487554,10776.0,2229.014939384664,445,1.1158501986003404,11.678923515302294,9.266153436795395
11128,11881,584.22,5998,2021-10-01,2,3,2,False,False,True,False,False,False,False,True,False,False,False,True,39,1,0.8181818181818182,10573.0,118056.08,9834.0,63255.26,12967.0,52295.99,510.25516492568147,10233.166666666666,1660.6518499272186,753,0.5389522868182227,11.271648619747221,9.317309592973425
3096,3470,324.62,8119,2021-11-01,2,3,2,False,False,True,False,False,False,False,True,False,False,False,True,44,1,0.9090909090909091,11128.0,78561.41,10813.0,81493.89,9058.0,98011.34,278.34331319432107,9926.666666666666,1144.7315260211444,374,2.62156926057475,11.160041184522802,8.038189179973203
13859,15058,690.18,14913,2021-12-01,2,3,0,False,False,True,False,False,False,False,True,False,True,False,False,48,1,1.0,3096.0,70264.85,10573.0,118056.08,8154.0,77649.32,4485.654504454548,8933.0,3050.614233232391,1199,1.075974025974026,11.211274141948648,9.536762272743895
10130,11031,505.99,14760,2022-01-01,2,3,2,False,False,True,False,False,False,False,True,False,False,False,True,52,0,0.0,13859.0,73958.59,11128.0,78561.41,9834.0,63255.26,5594.842178292433,9883.833333333334,3599.037839015686,901,1.456914421083802,11.026694074971832,9.223355309053677
8449,9164,911.22,8106,2022-02-01,2,3,0,False,False,True,False,False,False,False,True,False,True,False,False,5,0,0.09090909090909091,10130.0,61492.95,3096.0,70264.85,10813.0,81493.89,5465.418038296189,9933.166666666666,3600.246625811446,715,0.9592899408284024,10.968513757004839,9.041921720351219
11191,12382,1131.41,11953,2022-03-01,2,3,0,False,False,True,False,False,False,False,True,False,True,False,False,9,0,0.18181818181818182,8449.0,58017.3,13859.0,73958.59,10573.0,118056.08,2768.8536135616346,9539.166666666666,3614.031179537153,1191,1.0679949964260187,11.666010777495222,9.322954516345318
9731,9758,502.12,11279,2022-04-01,2,3,2,False,False,True,False,False,False,False,True,False,False,False,True,13,0,0.2727272727272727,11191.0,116541.44,10130.0,61492.95,11128.0,78561.41,1382.6331159542426,9642.166666666666,3657.928234214923,27,1.1589601315248663,10.95147527053955,9.183174703903413
13056,14295,830.36,8531,2022-05-01,2,3,2,False,False,True,False,False,False,False,True,False,False,False,True,17,0,0.36363636363636365,9731.0,57037.13,8449.0,58017.3,3096.0,70264.85,1371.9625845238425,9409.333333333334,3588.2340317580606,1239,0.6533660105690434,11.68116474700943,9.477079667408038
14086,14087,967.71,4253,2022-06-01,2,3,2,False,False,True,False,False,False,False,True,False,False,False,True,22,0,0.45454545454545453,13056.0,118320.97,11191.0,116541.44,13859.0,73958.59,1666.6058322230767,11069.333333333334,2063.1780016922166,1,0.30190956200752467,11.513601036720237,9.553007665260306
8386,8428,527.06,7151,2022-07-01,2,3,2,False,False,True,False,False,False,False,True,False,False,False,True,26,0,0.5454545454545454,14086.0,100066.58,9731.0,57037.13,10130.0,61492.95,2276.0547005728913,11107.166666666666,2125.6983244728517,42,0.8526290687969477,11.424333785414547,9.034438166984412
9804,10357,519.12,9369,2022-08-01,2,3,0,False,False,True,False,False,False,False,True,False,True,False,False,31,0,0.6363636363636364,8386.0,91520.92,13056.0,118320.97,8449.0,58017.3,3037.5373797425596,10816.5,2388.97205927571,553,0.955532891381948,11.483078544226535,9.190647738630446
4364,4537,231.07,6681,2022-09-01,2,3,0,False,False,True,False,False,False,False,True,False,True,False,False,35,0,0.7272727272727273,9804.0,97058.41,14086.0,100066.58,11191.0,116541.44,2967.497486659983,11042.333333333334,2174.857849760919,173,1.5305841924398624,11.494337779333447,8.381373468273702
14060,14177,748.69,8776,2022-10-01,2,3,1,False,False,True,False,False,False,False,True,False,False,True,False,39,1,0.8181818181818182,4364.0,98157.4,8386.0,91520.92,9731.0,57037.13,2821.9617290105216,9904.5,3477.3576031233893,117,0.6241376857975962,11.40954421150229,9.551160286590816
5929,6452,510.49,9599,2022-11-01,2,3,0,False,False,True,False,False,False,False,True,False,True,False,False,44,1,0.9090909090909091,14060.0,90177.31,9804.0,97058.41,13056.0,118320.97,4860.033470392292,10626.0,3861.988710496191,523,1.6187183811129848,11.40700123489973,8.68777949199177
11779,12668,632.53,12688,2022-12-01,2,3,1,False,False,True,False,False,False,False,True,False,False,True,False,48,1,1.0,5929.0,89948.28,4364.0,98157.4,14086.0,100066.58,5205.362651471401,9438.166666666666,4056.2545490472758,889,1.0770797962648557,11.63146217210046,9.374158457205578
6197,6673,425.73,3778,2023-01-01,2,3,2,False,False,True,False,False,False,False,True,False,False,False,True,52,0,0.0,11779.0,112583.82,14060.0,90177.31,8386.0,91520.92,4194.016014911402,9053.666666666666,3612.6474871853643,476,0.6095514682155534,11.112004815151602,8.731981938347694
2076,2270,176.88,8165,2023-02-01,2,3,2,False,False,True,False,False,False,False,True,False,False,False,True,5,0,0.09090909090909091,6197.0,66969.32,5929.0,89948.28,9804.0,97058.41,3302.8535137564572,8688.833333333334,3799.2697938770725,194,3.9311506981222917,11.590939747549104,7.638679823876112
4694,4872,342.9,5329,2023-03-01,2,3,2,False,False,True,False,False,False,False,True,False,False,False,True,9,0,0.18181818181818182,2076.0,108112.81,11779.0,112583.82,4364.0,98157.4,4869.797634399203,7400.833333333333,4576.124098696053,178,1.1350372736954206,11.611384228233813,8.454253391642363
14231,15537,922.17,10081,2023-04-01,2,3,1,False,False,True,False,False,False,False,True,False,False,True,False,13,0,0.2727272727272727,4694.0,110345.89,6197.0,66969.32,14060.0,90177.31,2085.4885119159635,7455.833333333333,4534.115102935385,1306,0.7083333333333334,11.029377564798553,9.563248229345671
6438,6827,562.04,13454,2023-05-01,2,3,1,False,False,True,False,False,False,False,True,False,False,True,False,18,0,0.36363636363636365,14231.0,61658.19,2076.0,108112.81,5929.0,89948.28,6397.29523574873,7484.333333333333,4584.190033873679,389,2.0894548842988043,11.07509391939884,8.770128527538184
6595,7144,354.15,12144,2023-06-01,2,3,1,False,False,True,False,False,False,False,True,False,False,True,False,22,0,0.45454545454545453,6438.0,64542.45,4694.0,110345.89,11779.0,112583.82,5078.168206482863,7569.166666666667,4554.263120052107,549,1.8411158277744086,11.157761949676122,8.794218683679489
15532,17175,1661.15,11403,2023-07-01,2,3,0,False,False,True,False,False,False,False,True,False,True,False,False,26,0,0.5454545454545454,6595.0,70104.88,14231.0,61658.19,6197.0,66969.32,4454.660368647651,6705.166666666667,4060.8839144534495,1643,0.7341144659756648,11.412164577009753,9.650722071987907
9332,10184,818.88,10138,2023-08-01,2,3,2,False,False,True,False,False,False,False,True,False,False,False,True,31,0,0.6363636363636364,15532.0,90413.92,6438.0,64542.45,2076.0,108112.81,5205.693261548681,8261.0,5396.015937708123,852,1.0862530804671595,11.145400153838537,9.141311785565748
9521,10178,652.66,8629,2023-09-01,2,3,2,False,False,True,False,False,False,False,True,False,False,False,True,35,0,0.7272727272727273,9332.0,69243.58,6595.0,70104.88,4694.0,110345.89,4578.957996458728,9470.333333333334,4465.486162409051,657,0.9062171812644403,11.40370930363218,9.161360189754465
4490,4791,396.02,6457,2023-10-01,2,3,2,False,False,True,False,False,False,False,True,False,False,False,True,39,1,0.8181818181818182,9521.0,89652.66,15532.0,90413.92,14231.0,61658.19,3526.2785388186944,10274.833333333334,3821.2228103928583,301,1.4377644177243376,11.604508252124138,8.409830673087738
10530,10951,698.14,10316,2023-11-01,2,3,1,False,False,True,False,False,False,False,True,False,False,True,False,44,1,0.9090909090909091,4490.0,109589.75,9332.0,69243.58,6438.0,64542.45,2851.655834773904,8651.333333333334,3873.170467029141,421,0.9795840850821385,11.299869487566175,9.262078567380597
10739,11242,782.87,7842,2023-12-01,2,3,1,False,False,True,False,False,False,False,True,False,False,True,False,48,1,1.0,10530.0,80810.09,9521.0,89652.66,6595.0,70104.88,3235.4969221641018,9333.333333333334,3764.227605587462,503,0.7301675977653631,11.042558889867614,9.281730368062856
15387,16070,1294.82,8327,2024-01-01,2,3,2,False,False,True,False,False,False,False,True,False,False,False,True,1,0,0.0,10739.0,62476.32,4490.0,109589.75,15532.0,90413.92,3549.0675301173637,10024.0,3534.468955868765,683,0.54113595009098,11.386813225099532,9.641343263872185
12916,13789,668.4,14340,2024-02-01,2,3,1,False,False,True,False,False,False,False,True,False,False,True,False,5,0,0.09090909090909091,15387.0,88150.59,10530.0,80810.09,9332.0,69243.58,2745.846378320041,9999.833333333334,3489.485773959639,873,1.1101648989703492,11.285698337195432,9.466299552232016
8095,8115,412.84,9965,2024-03-01,2,3,1,False,False,True,False,False,False,False,True,False,False,True,False,9,0,0.18181818181818182,12916.0,79672.98,10739.0,62476.32,9521.0,89652.66,2325.5491824513056,10597.166666666666,3655.126231290335,20,1.230854743083004,11.580924616214059,8.999125391527247
10425,11691,1116.52,9110,2024-04-01,2,3,1,False,False,True,False,False,False,False,True,False,False,True,False,14,0,0.2727272727272727,8095.0,107035.44,15387.0,88150.59,4490.0,109589.75,3708.5744341098625,10359.5,3783.21370001749,1266,0.8737770957222328,11.596710484528273,9.252057965328051
11236,12899,782.03,10493,2024-05-01,2,3,2,False,False,True,False,False,False,False,True,False,False,False,True,18,0,0.36363636363636365,10425.0,108738.51,12916.0,79672.98,10530.0,80810.09,2410.948015477173,11348.666666666666,2499.84340842915,1663,0.9337901575153511,11.262719250964409,9.326967183907902
6679,6837,429.79,14004,2024-06-01,2,3,0,False,False,True,False,False,False,False,True,False,True,False,False,22,0,0.45454545454545453,11236.0,77863.02,8095.0,107035.44,10739.0,62476.32,1630.567488125938,11466.333333333334,2470.040134626696,158,2.0964071856287427,11.610445111195862,8.806873266530692
8381,8724,419.89,13188,2024-07-01,2,3,2,False,False,True,False,False,False,False,True,False,False,False,True,27,0,0.5454545454545454,6679.0,110242.31,10425.0,108738.51,15387.0,88150.59,2430.9286977065663,10789.666666666666,3166.9471524903415,343,1.5733715103793844,11.114185492359537,9.033841828485016
11996,13445,761.15,11154,2024-08-01,2,3,1,False,False,True,False,False,False,False,True,False,False,True,False,31,0,0.6363636363636364,8381.0,67115.52,11236.0,77863.02,12916.0,79672.98,2302.6824212933393,9622.0,2307.9558054694294,1449,0.929732433108277,11.023765437977012,9.392411897514927
4042,4146,351.65,11156,2024-09-01,2,3,0,False,False,True,False,False,False,False,True,False,True,False,False,35,0,0.7272727272727273,11996.0,61313.12,6679.0,110242.31,8095.0,107035.44,2715.250694380419,9468.666666666666,2062.894729904246,104,2.7593371258966113,11.516693058667343,8.304742269640771
11341,11531,1001.98,7400,2024-10-01,2,3,2,False,False,True,False,False,False,False,True,False,False,False,True,40,1,0.8181818181818182,4042.0,100376.47,8381.0,67115.52,10425.0,108738.51,3982.487957713541,8793.166666666666,3036.4987348370046,190,0.652442250044084,11.408896839730225,9.336267928573973
9916,10880,490.84,10100,2024-11-01,2,3,1,False,False,True,False,False,False,False,True,False,False,True,False,44,1,0.9090909090909091,11341.0,90118.95,11996.0,61313.12,11236.0,77863.02,4415.324487886858,8945.833333333334,3155.6411340117124,964,1.0184531612382777,11.268078207954858,9.202005735186125
6862,7366,340.7,9455,2024-12-01,2,3,2,False,False,True,False,False,False,False,True,False,False,False,True,48,1,1.0,9916.0,78281.41,4042.0,100376.47,6679.0,110242.31,3868.890926350862,8725.833333333334,3006.5367063561243,504,1.3776774005536938,10.859403723343343,8.833899942908635
11734,12840,593.15,8616,2025-01-01,2,3,1,False,False,True,False,False,False,False,True,False,False,True,False,1,0,0.0,6862.0,52020.05,11341.0,90118.95,8381.0,67115.52,2288.339354204269,8756.333333333334,2982.451385465776,1106,0.7342138900724329,11.036291261974924,9.370331108285123
8905,9306,794.77,7807,2025-02-01,2,3,2,False,False,True,False,False,False,False,True,False,False,False,True,5,0,0.09090909090909091,11734.0,62085.96,9916.0,78281.41,11996.0,61313.12,2461.9918765097514,9315.166666666666,3203.9643204422105,401,0.8766000449135415,11.471734027214225,9.094480485881647
9205,9975,631.0,6423,2025-03-01,2,3,0,False,False,True,False,False,False,False,True,False,True,False,False,9,0,0.18181818181818182,8905.0,95963.54,6862.0,52020.05,4042.0,100376.47,2446.5442975756673,8800.0,2922.872764935221,770,0.6976971540299804,10.8960733631019,9.127610724377186
11783,12535,809.49,9726,2025-04-01,2,3,2,False,False,True,False,False,False,False,True,False,False,False,True,14,0,0.2727272727272727,9205.0,53963.05,11734.0,62085.96,11341.0,90118.95,1553.9777990692137,9660.5,1777.561560115441,752,0.825356415478615,11.463012060202201,9.374497958142467
9105,10082,768.92,3542,2025-05-01,2,3,1,False,False,True,False,False,False,False,True,False,False,True,False,18,0,0.36363636363636365,11783.0,95130.18,8905.0,95963.54,9916.0,78281.41,1582.1382156225573,9734.166666666666,1867.9930852834295,977,0.3889743026575884,11.545768963771993,9.116688815894728
16710,16947,1132.94,5236,2025-06-01,2,3,0,False,False,True,False,False,False,False,True,False,True,False,False,22,0,0.45454545454545453,9105.0,103337.88,9205.0,53963.05,6862.0,52020.05,1518.100128450029,9599.0,1881.4971698092036,237,0.3133265513733469,11.21561034332613,9.723822464203383
12850,13463,880.87,13151,2025-07-01,2,3,2,False,False,True,False,False,False,False,True,False,False,False,True,27,0,0.5454545454545454,16710.0,74279.99,11783.0,95130.18,11734.0,62085.96,3857.525934239882,11240.333333333334,2987.02056683021,613,1.023344486810365,11.445506425787814,9.461176908307142
17242,17644,1192.28,7006,2025-08-01,2,3,0,False,False,True,False,False,False,False,True,False,True,False,False,31,0,0.6363636363636364,12850.0,93479.34,9105.0,103337.88,8905.0,95963.54,3802.6449128643694,11426.333333333334,3057.816323238965,402,0.40630980687815343,11.426462046914585,9.755161543000131
12995,14883,814.79,4598,2025-09-01,2,3,1,False,False,True,False,False,False,False,True,False,False,True,False,36,0,0.7272727272727273,17242.0,91715.91,16710.0,74279.99,9205.0,53963.05,2396.952509611571,12815.833333333334,3539.2597766576323,1888,0.3538011695906433,11.482996117085126,9.472396896788991
8887,10011,470.57,5152,2025-10-01,2,3,2,False,False,True,False,False,False,False,True,False,False,False,True,40,1,0.8181818181818182,12995.0,97050.41,12850.0,93479.34,11783.0,95130.18,2494.918101528231,13447.5,3073.492004219297,1124,0.5796579657965797,11.360484173306194,9.092457331319466
6457,7175,544.33,6034,2025-11-01,2,3,2,False,False,True,False,False,False,False,True,False,False,False,True,44,1,0.9090909090909091,8887.0,85859.93,17242.0,91715.91,9105.0,103337.88,4177.6927045120565,12964.833333333334,3573.8372328166583,718,0.934344998451533,11.498226056076348,8.77307495131822
9319,10387,788.39,14172,2025-12-01,2,3,1,False,False,True,False,False,False,False,True,False,False,True,False,49,1,1.0,6457.0,98539.81,12995.0,97050.41,16710.0,74279.99,3304.693833524271,12523.5,4246.092168099978,1068,1.5206008583690986,11.597185452022249,9.139917907679637
16092,17133,1361.38,7356,2015-07-01,3,3,1,False,False,False,True,False,False,False,True,False,False,True,False,27,0,0.5454545454545454,11329.0,104062.29,11775.0,56848.39,8122.0,62838.32,4246.497066210376,8719.166666666666,2833.561604530007,1041,0.4570931460883614,10.98413306769677,9.686139673818495
4085,4170,213.24,9401,2015-08-01,3,3,0,False,False,False,True,False,False,False,True,False,True,False,False,31,0,0.6363636363636364,16092.0,58930.62,4207.0,116307.4,7191.0,79897.55,5981.391671955058,10047.5,4088.0460736151194,85,2.3007831620166423,11.567250379350572,8.315321775377567
7705,7747,547.83,3788,2015-09-01,3,3,2,False,False,False,True,False,False,False,True,False,False,False,True,36,0,0.7272727272727273,4085.0,105581.76,11329.0,104062.29,9691.0,94179.7,6046.069715112455,9529.833333333334,4676.4205292794895,42,0.4915650142745912,11.32714621724685,8.949754525186103
12070,12219,834.64,7671,2015-10-01,3,3,2,False,False,False,True,False,False,False,True,False,False,False,True,40,1,0.8181818181818182,7705.0,83044.69,16092.0,58930.62,11775.0,56848.39,6159.196619689941,9198.833333333334,4732.678329093016,149,0.6354900173970673,11.431950197598034,9.398561160701128
8217,8736,566.97,4325,2015-11-01,3,3,1,False,False,False,True,False,False,False,True,False,False,True,False,44,1,0.9090909090909091,12070.0,92220.65,4085.0,105581.76,4207.0,116307.4,3998.2881753737224,9248.0,4766.207716833163,519,0.5262837673399854,11.529111363703008,9.014082149443356
10764,11784,563.5,9479,2015-12-01,3,3,0,False,False,False,True,False,False,False,True,False,True,False,False,49,1,1.0,8217.0,101630.76,7705.0,83044.69,11329.0,104062.29,2386.1048454192724,9916.333333333334,4160.647625871081,1020,0.8805387830933581,11.13001287620757,9.284055409798464
9985,10910,648.53,3117,2016-01-01,3,3,2,False,False,False,True,False,False,False,True,False,False,False,True,53,0,0.0,10764.0,68186.25,12070.0,92220.65,16092.0,58930.62,1959.526048138511,9822.166666666666,4128.550613310519,925,0.3121369917885039,11.504626624655533,9.208939391060555
4821,5380,354.34,8445,2016-02-01,3,3,0,False,False,False,True,False,False,False,True,False,True,False,False,5,0,0.09090909090909091,9985.0,99172.55,8217.0,101630.76,4085.0,105581.76,1305.1100847565813,8804.333333333334,2818.668030589389,559,1.7513479883865617,10.988037427314406,8.480944058741116
6034,6249,304.11,3878,2016-03-01,3,3,0,False,False,False,True,False,False,False,True,False,True,False,False,9,0,0.18181818181818182,4821.0,59161.16,10764.0,68186.25,7705.0,83044.69,3229.8861177034296,8927.0,2577.9449955342334,215,0.6425849212924607,11.240179688604382,8.705331133531631
12275,12779,1020.05,13730,2016-04-01,3,3,2,False,False,False,True,False,False,False,True,False,False,False,True,13,0,0.2727272727272727,6034.0,76127.63,9985.0,99172.55,12070.0,92220.65,2700.2674558890153,8648.5,2815.6631012960343,504,1.1184424894102314,10.92522527632893,9.415401415739627
10226,11707,1039.98,9073,2016-05-01,3,3,0,False,False,False,True,False,False,False,True,False,True,False,False,17,0,0.36363636363636365,12275.0,55559.36,4821.0,59161.16,8217.0,101630.76,3999.6576103461657,8682.666666666666,2866.2738645612126,1481,0.8871614354160555,11.293224107503338,9.232786560806012
5812,5963,508.26,12172,2016-06-01,3,3,2,False,False,False,True,False,False,False,True,False,False,False,True,22,0,0.45454545454545453,10226.0,80274.85,6034.0,76127.63,10764.0,68186.25,3181.2300032115463,9017.5,2917.8753057661665,151,2.0939274040942712,10.948852006367414,8.66785206770135
12889,14815,1326.28,11664,2016-07-01,3,3,0,False,False,False,True,False,False,False,True,False,True,False,False,26,0,0.5454545454545454,5812.0,56887.7,12275.0,55559.36,9985.0,99172.55,3302.831260196823,8192.166666666666,3023.504550462372,1926,0.9048875096974399,11.235624917522767,9.464207095933233
303,318,15.0,10965,2016-08-01,3,3,2,False,False,False,True,False,False,False,True,False,False,False,True,31,0,0.6363636363636364,12889.0,75781.67,10226.0,80274.85,4821.0,59161.16,3574.420559102319,8676.166666666666,3553.8248362386507,15,36.06907894736842,11.635048668457417,5.717027701406222
10096,11560,907.13,11015,2016-09-01,3,3,2,False,False,False,True,False,False,False,True,False,False,False,True,35,0,0.7272727272727273,303.0,112988.33,5812.0,56887.7,6034.0,76127.63,6309.257827457468,7923.166666666667,4795.704553730001,1464,1.09091809448351,11.280290386286435,9.219993629004321
9922,10370,1007.58,6599,2016-10-01,3,3,2,False,False,False,True,False,False,False,True,False,False,False,True,39,1,0.8181818181818182,10096.0,79243.27,12889.0,75781.67,12275.0,55559.36,6609.476706467262,8600.166666666666,4762.272374262802,448,0.6650206590748765,11.428304174900473,9.202610573914242
8067,8378,842.19,11239,2016-11-01,3,3,1,False,False,False,True,False,False,False,True,False,False,True,False,44,1,0.9090909090909091,9922.0,91885.02,303.0,112988.33,10226.0,80274.85,5604.4370219794,8208.0,4488.12357227383,311,1.3930342092216164,10.899840622660369,8.995660899074103
12787,13943,1379.08,6460,2016-12-01,3,3,0,False,False,False,True,False,False,False,True,False,True,False,False,48,1,1.0,8067.0,54166.73,10096.0,79243.27,5812.0,56887.7,1124.5845158694501,7848.166666666667,4379.199534922641,1156,0.5051610885204879,11.588686897975265,9.456262510179732
12900,14332,681.12,12227,2017-01-01,3,3,1,False,False,False,True,False,False,False,True,False,False,True,False,52,0,0.0,12787.0,107869.52,9922.0,91885.02,12889.0,75781.67,2377.9420374208717,9010.666666666666,4648.109407777174,1432,0.9477559879079142,11.002108507833348,9.465060106725137
10354,10816,750.15,10729,2017-02-01,3,3,1,False,False,False,True,False,False,False,True,False,False,True,False,5,0,0.09090909090909091,12900.0,59999.52,8067.0,54166.73,303.0,112988.33,2758.2922856965915,9012.5,4649.946870664224,462,1.0361178174794785,10.95739078796124,9.245224773829685
4959,5104,354.07,12375,2017-03-01,3,3,1,False,False,False,True,False,False,False,True,False,False,True,False,9,0,0.18181818181818182,10354.0,57375.54,12787.0,107869.52,10096.0,79243.27,1438.4235583906864,10687.666666666666,1855.6487454975613,145,2.494959677419355,10.99971717156671,8.509161019718974
2533,2832,219.61,7302,2017-04-01,3,3,0,False,False,False,True,False,False,False,True,False,True,False,False,13,0,0.2727272727272727,4959.0,59856.21,12900.0,59999.52,9922.0,91885.02,4054.7836358224254,9831.5,3009.537688748889,299,2.881610102604578,11.120935655827653,7.837554360881084
12138,13438,1085.14,11335,2017-05-01,3,3,0,False,False,False,True,False,False,False,True,False,True,False,False,18,0,0.36363636363636365,2533.0,67570.1,10354.0,57375.54,8067.0,54166.73,4003.3224118640924,8600.0,4229.584944175966,1300,0.9337671966389324,11.318383097333058,9.404178688897805
6312,6933,411.86,3923,2017-06-01,3,3,1,False,False,False,True,False,False,False,True,False,False,True,False,22,0,0.45454545454545453,12138.0,82320.13,4959.0,59856.21,12787.0,107869.52,4994.656177689645,9278.5,4447.878719119936,621,0.6214161254554095,11.676731750469566,8.750366278367625
7576,8078,555.7,3768,2017-07-01,3,3,1,False,False,False,True,False,False,False,True,False,False,True,False,26,0,0.5454545454545454,6312.0,117797.61,2533.0,67570.1,12900.0,59999.52,4838.717839813903,8199.333333333334,4205.26030902567,502,0.4972944437112314,11.466395125472522,8.932872621931374
13433,13844,689.11,3217,2017-08-01,3,3,0,False,False,False,True,False,False,False,True,False,True,False,False,31,0,0.6363636363636364,7576.0,95452.56,12138.0,82320.13,10354.0,57375.54,3064.632006184972,7312.0,3521.0562619759435,411,0.2394670239690338,11.356825302803168,9.50554408582681
12043,13481,1266.32,6168,2017-09-01,3,3,0,False,False,False,True,False,False,False,True,False,True,False,False,35,0,0.7272727272727273,13433.0,85546.35,6312.0,117797.61,4959.0,59856.21,3799.3592880905585,7825.166666666667,4210.036171657753,1438,0.5121222185320492,11.142401058434425,9.396321889601625
7030,7700,482.96,11461,2017-10-01,3,3,2,False,False,False,True,False,False,False,True,False,False,False,True,39,1,0.8181818181818182,12043.0,69036.22,7576.0,95452.56,2533.0,67570.1,3060.2461229994765,9005.833333333334,4238.711757912618,670,1.6300668468212203,11.429023612032081,8.858084222199162
11928,12489,1270.33,14873,2017-11-01,3,3,2,False,False,False,True,False,False,False,True,False,False,False,True,44,1,0.9090909090909091,7030.0,91951.15,13433.0,85546.35,12138.0,82320.13,3368.0033155169735,9755.333333333334,3113.494221396063,561,1.246793528376226,11.381250519509404,9.386727689281946
7720,8424,530.36,7557,2017-12-01,3,3,1,False,False,False,True,False,False,False,True,False,False,True,False,48,1,1.0,11928.0,87661.59,12043.0,69036.22,6312.0,117797.61,2861.6370023700297,9720.333333333334,3082.377696951929,704,0.9787592280792643,11.151589389100197,8.951699168308815
11056,12145,565.51,6921,2018-01-01,3,3,2,False,False,False,True,False,False,False,True,False,False,False,True,1,0,0.0,7720.0,69673.48,7030.0,91951.15,7576.0,95452.56,2651.218839200817,9955.0,2812.808134231699,1089,0.6259383196165326,11.634151898654371,9.310818990542401
3942,4239,423.96,5645,2018-02-01,3,3,2,False,False,False,True,False,False,False,True,False,False,False,True,5,0,0.09090909090909091,11056.0,112887.05,11928.0,87661.59,13433.0,85546.35,2220.9811645606833,10535.0,2572.687621923815,297,1.431651027136698,11.52490393577625,8.279697133877628
11729,12123,851.53,14164,2018-03-01,3,3,2,False,False,False,True,False,False,False,True,False,False,False,True,9,0,0.18181818181818182,3942.0,101204.05,7720.0,69673.48,12043.0,69036.22,3559.28775646664,8953.166666666666,3260.3580427104434,394,1.2075021312872976,11.094778227542923,9.36990494164752
6612,7086,561.36,8584,2018-04-01,3,3,1,False,False,False,True,False,False,False,True,False,False,True,False,13,0,0.2727272727272727,11729.0,65825.53,11056.0,112887.05,7030.0,91951.15,4314.689907745398,8900.833333333334,3202.855626884652,474,1.2980492968395585,11.652871477359984,8.796792687674662
17044,18626,1689.91,6414,2018-05-01,3,3,0,False,False,False,True,False,False,False,True,False,True,False,False,18,0,0.36363636363636365,6612.0,115020.17,3942.0,101204.05,11928.0,87661.59,3957.060314593818,8831.166666666666,3255.796088004695,1582,0.37629803461425637,11.0519339047655,9.743612184572003
12022,13515,1033.29,10561,2018-06-01,3,3,0,False,False,False,True,False,False,False,True,False,True,False,False,22,0,0.45454545454545453,17044.0,63064.8,11729.0,65825.53,7720.0,69673.48,5216.313161611369,9683.833333333334,4615.171780840522,1493,0.8783997338434667,10.926191505778968,9.394576760974909
14614,15514,938.22,3288,2018-07-01,3,3,0,False,False,False,True,False,False,False,True,False,True,False,False,26,0,0.5454545454545454,12022.0,55613.07,6612.0,115020.17,11056.0,112887.05,5217.202443200123,10400.833333333334,4583.11904347538,900,0.22497434143003764,11.341853473866143,9.589803677545346
1240,1336,85.37,3270,2018-08-01,3,3,2,False,False,False,True,False,False,False,True,False,False,False,True,31,0,0.6363636363636364,14614.0,84275.09,17044.0,63064.8,3942.0,101204.05,2511.435446114431,10993.833333333334,4903.805396492267,96,2.634971796937953,11.633027853292004,7.123672785204607
11034,11534,1176.78,12175,2018-09-01,3,3,0,False,False,False,True,False,False,False,True,False,True,False,False,35,0,0.7272727272727273,1240.0,112760.23,12022.0,55613.07,11729.0,65825.53,7092.647178592771,10543.5,5734.608051122589,500,1.103307657453557,11.609233964469395,9.308827318690836
8168,8418,824.56,3002,2018-10-01,3,3,2,False,False,False,True,False,False,False,True,False,False,False,True,40,1,0.8181818181818182,11034.0,110108.87,14614.0,84275.09,6612.0,115020.17,6923.422949187297,10427.666666666666,5712.850835324399,250,0.3674868404945526,11.281115216093015,9.00810178134187
10138,11349,885.05,4869,2018-11-01,3,3,1,False,False,False,True,False,False,False,True,False,False,True,False,44,1,0.9090909090909091,8168.0,79308.66,1240.0,112760.23,17044.0,63064.8,5035.434042860654,10687.0,5537.627325849945,1211,0.48022487424795346,11.530410211977754,9.22414465295258
9743,10457,869.56,9827,2018-12-01,3,3,0,False,False,False,True,False,False,False,True,False,True,False,False,48,1,1.0,10138.0,101762.85,11034.0,110108.87,12022.0,55613.07,1466.1555169899273,9536.0,4588.414279465185,714,1.0085180623973728,11.220116807341286,9.184406989949679
8411,9189,605.59,14071,2019-01-01,3,3,1,False,False,False,True,False,False,False,True,False,False,True,False,1,0,0.0,9743.0,74615.49,8168.0,79308.66,14614.0,84275.09,1042.2371771018973,9156.166666666666,4433.164576988619,778,1.6727294341417023,11.677493014612065,9.03741453682259
13847,15194,903.52,4575,2019-02-01,3,3,2,False,False,False,True,False,False,False,True,False,False,False,True,5,0,0.09090909090909091,8411.0,117887.32,10138.0,101762.85,1240.0,112760.23,904.8736560058162,8122.333333333333,3538.903822748886,1347,0.33037261698440207,11.634686533307827,9.535896096856046
11553,12761,769.43,8766,2019-03-01,3,3,0,False,False,False,True,False,False,False,True,False,True,False,False,9,0,0.18181818181818182,13847.0,112947.42,9743.0,74615.49,11034.0,110108.87,2833.347137221277,10223.5,2075.3356114132507,1208,0.7586982863077723,10.930005916417882,9.354786976341211
9977,10879,517.81,11339,2019-04-01,3,3,0,False,False,False,True,False,False,False,True,False,True,False,False,14,0,0.2727272727272727,11553.0,55825.61,8411.0,117887.32,8168.0,79308.66,2729.0015268103725,10310.0,2126.0694250188567,902,1.136400080176388,11.096034378276128,9.208137948420983
7479,7555,517.17,9071,2019-05-01,3,3,1,False,False,False,True,False,False,False,True,False,False,True,False,18,0,0.36363636363636365,9977.0,65908.27,13847.0,112947.42,10138.0,101762.85,1946.069200551036,10611.5,1875.0022666652999,76,1.2127005347593582,11.186977711177072,8.919988070968524
6397,7290,459.62,11703,2019-06-01,3,3,0,False,False,False,True,False,False,False,True,False,True,False,False,22,0,0.45454545454545453,7479.0,72183.29,11553.0,55825.61,9743.0,74615.49,2054.314808721714,10168.333333333334,2279.830753952293,893,1.829165364176305,10.853717962025828,8.763740720509464
8155,8938,548.02,3401,2019-07-01,3,3,1,False,False,False,True,False,False,False,True,False,False,True,False,27,0,0.5454545454545454,6397.0,51725.11,9977.0,65908.27,8411.0,117887.32,1836.0795189751411,9610.666666666666,2762.7607689893603,783,0.41699362432564985,11.184315003449605,9.006509131694346
9682,10592,514.11,5820,2019-08-01,3,3,1,False,False,False,True,False,False,False,True,False,False,True,False,31,0,0.6363636363636364,8155.0,71991.34,7479.0,72183.29,13847.0,112947.42,886.7791908549244,9568.0,2786.8648334643026,910,0.6010533925436332,11.005888654577452,9.17812704961153
1930,2093,102.48,8413,2019-09-01,3,3,1,False,False,False,True,False,False,False,True,False,False,True,False,35,0,0.7272727272727273,9682.0,60226.76,6397.0,51725.11,11553.0,55825.61,1643.8530956262446,8873.833333333334,1878.5648156682496,163,4.356809943034697,11.645478178844897,7.565793282428515
12891,14178,1276.21,9504,2019-10-01,3,3,0,False,False,False,True,False,False,False,True,False,True,False,False,40,1,0.8181818181818182,1930.0,114172.92,8155.0,71991.34,9977.0,65908.27,4106.414859704262,7270.0,2941.095986192907,1287,0.7372013651877133,11.586055287462939,9.464362242935328
15709,16507,1081.56,11903,2019-11-01,3,3,0,False,False,False,True,False,False,False,True,False,True,False,False,44,1,0.9090909090909091,12891.0,107586.02,9682.0,60226.76,7479.0,72183.29,5635.227088000387,7755.666666666667,3636.008452502097,798,0.7576702737110121,11.40157593983301,9.662052731249666
12529,12922,900.21,7830,2019-12-01,3,3,0,False,False,False,True,False,False,False,True,False,True,False,False,48,1,1.0,15709.0,89461.6,1930.0,114172.92,6397.0,51725.11,7279.485856386654,9127.333333333334,4857.837735728385,393,0.6249002394253791,10.91649765266019,9.435881047890113
4111,4435,419.94,9291,2020-01-01,3,3,1,False,False,False,True,False,False,False,True,False,False,True,False,1,0,0.0,12529.0,55076.56,12891.0,107586.02,8155.0,71991.34,1740.908192103581,10149.333333333334,4813.369907524943,324,2.2594844357976656,11.576997877496057,8.321664807135
9445,10658,650.29,8097,2020-02-01,3,3,2,False,False,False,True,False,False,False,True,False,False,False,True,5,0,0.09090909090909091,4111.0,106615.96,15709.0,89461.6,9682.0,60226.76,5992.894793002794,9475.333333333334,5396.315360194091,1213,0.8571882278213,11.260929790408046,9.153346650456063
11918,13671,600.67,5541,2020-03-01,3,3,1,False,False,False,True,False,False,False,True,False,False,True,False,9,0,0.18181818181818182,9445.0,77723.81,12529.0,55076.56,1930.0,114172.92,4258.820963600137,9435.833333333334,5395.367361604461,1753,0.46488799395922475,11.016979915073685,9.385889044482708
8284,9287,716.98,11394,2020-04-01,3,3,0,False,False,False,True,False,False,False,True,False,True,False,False,14,0,0.2727272727272727,11918.0,60898.48,4111.0,106615.96,12891.0,107586.02,3989.9150784613607,11100.5,3968.548135023689,1003,1.3752564876282438,11.497837106028484,9.022201929860664
7373,8436,759.79,5683,2020-05-01,3,3,1,False,False,False,True,False,False,False,True,False,False,True,False,18,0,0.36363636363636365,8284.0,98501.49,9445.0,77723.81,15709.0,89461.6,1856.0534295470409,10332.666666666666,3998.405815655369,1063,0.7706807702739354,11.575987772039777,8.90571557879409
15404,15772,1374.81,5003,2020-06-01,3,3,2,False,False,False,True,False,False,False,True,False,False,False,True,23,0,0.45454545454545453,7373.0,106508.32,11918.0,60898.48,12529.0,55076.56,2404.610224825082,8943.333333333334,3105.1386227778453,368,0.32476468679000325,11.67642558794021,9.642447411030767
2130,2389,186.27,3563,2020-07-01,3,3,1,False,False,False,True,False,False,False,True,False,False,True,False,27,0,0.5454545454545454,15404.0,117761.55,8284.0,98501.49,4111.0,106615.96,4397.3719803234,9422.5,3891.4016369426613,259,1.671984983575786,11.6145940237347,7.664346632098617
9309,10327,469.17,8844,2020-08-01,3,3,2,False,False,False,True,False,False,False,True,False,False,False,True,31,0,0.6363636363636364,2130.0,110700.65,7373.0,106508.32,9445.0,77723.81,6685.619966265906,9092.333333333334,4472.795486791978,1018,0.9499462943071966,10.847877381023054,9.138844370271112
18338,20455,984.75,13682,2020-09-01,3,3,2,False,False,False,True,False,False,False,True,False,False,False,True,36,0,0.7272727272727273,9309.0,51423.88,15404.0,117761.55,11918.0,60898.48,6644.372832204206,9069.666666666666,4470.995086853339,2117,0.7460603086318774,10.955674678213548,9.816785218696834
11801,12368,585.92,3526,2020-10-01,3,3,1,False,False,False,True,False,False,False,True,False,False,True,False,40,1,0.8181818181818182,18338.0,57277.16,2130.0,110700.65,8284.0,98501.49,8121.577699765812,10139.666666666666,5845.829031597373,567,0.29876292153872225,11.39261666726068,9.376024287617113
11180,12361,967.63,13195,2020-11-01,3,3,1,False,False,False,True,False,False,False,True,False,False,True,False,44,1,0.9090909090909091,11801.0,88663.66,9309.0,51423.88,7373.0,106508.32,4663.068982261934,10725.833333333334,5798.682037037957,1181,1.1801270011626868,11.311668886801206,9.321971188147367
935,1063,47.83,7602,2020-12-01,3,3,1,False,False,False,True,False,False,False,True,False,False,True,False,49,1,1.0,11180.0,81769.26,18338.0,57277.16,15404.0,117761.55,3965.5805375758055,11360.333333333334,5561.88459666925,128,8.121794871794872,11.2356118537647,6.841615476477592
12743,13026,1261.56,5023,2021-01-01,3,3,1,False,False,False,True,False,False,False,True,False,False,True,False,53,0,0.0,935.0,75780.68,11801.0,88663.66,2130.0,110700.65,6102.1256132596955,8948.833333333334,6513.326996755705,283,0.39414626490897675,11.535107318485213,9.452815851589884
20568,22879,2048.57,3641,2021-02-01,3,3,1,False,False,False,True,False,False,False,True,False,False,True,False,5,0,0.09090909090909091,12743.0,102241.97,11180.0,81769.26,9309.0,51423.88,6413.94130001203,10717.666666666666,5678.797889225031,2311,0.17701395303612233,11.674443198438482,9.931540366978163
10175,10870,679.18,3156,2021-03-01,3,3,1,False,False,False,True,False,False,False,True,False,False,True,False,9,0,0.18181818181818182,20568.0,117528.33,935.0,75780.68,18338.0,57277.16,9883.607455445272,12594.166666666666,6858.001732769294,695,0.31014150943396224,10.862046656422127,9.227787285579904
8093,8477,507.43,9042,2021-04-01,3,3,0,False,False,False,True,False,False,False,True,False,True,False,False,13,0,0.2727272727272727,10175.0,52157.72,12743.0,102241.97,11801.0,88663.66,5413.558564690454,11233.666666666666,6275.602334968865,384,1.117123795404003,11.264616273580785,8.998878325435811
8612,8882,576.14,4253,2021-05-01,3,3,0,False,False,False,True,False,False,False,True,False,True,False,False,17,0,0.36363636363636365,8093.0,78010.87,20568.0,117528.33,11180.0,81769.26,6682.998304154608,10615.666666666666,6390.090755745701,270,0.4937884593057007,11.312936881261395,9.061027968789174
7939,8893,398.93,8937,2021-06-01,3,3,2,False,False,False,True,False,False,False,True,False,False,False,True,22,0,0.45454545454545453,8612.0,81873.01,10175.0,52157.72,935.0,75780.68,1083.747664357362,10187.666666666666,6430.605000049892,954,1.125566750629723,11.432882298963253,8.979668554241181
10517,11404,1068.0,11800,2021-07-01,3,3,2,False,False,False,True,False,False,False,True,False,False,False,True,26,0,0.5454545454545454,7939.0,92306.65,8093.0,78010.87,12743.0,102241.97,352.61073910669603,11355.0,4858.643061596518,887,1.1218862901692337,11.183542400682107,9.260843354149289
11564,13051,1156.98,11354,2021-08-01,3,3,1,False,False,False,True,False,False,False,True,False,False,True,False,30,0,0.6363636363636364,10517.0,71935.74,8612.0,81873.01,20568.0,117528.33,1337.1635402348402,10984.0,4816.262368268573,1487,0.9817552961521833,11.346278024888674,9.355738574665539
3727,3854,372.89,6711,2021-09-01,3,3,2,False,False,False,True,False,False,False,True,False,False,False,True,35,0,0.7272727272727273,11564.0,84648.8,7939.0,92306.65,10175.0,52157.72,1865.6061570796157,9483.333333333334,1480.0849525168107,127,1.8001609442060085,10.835805558727362,8.223627175805483
14290,16239,1485.45,12448,2021-10-01,3,3,2,False,False,False,True,False,False,False,True,False,False,False,True,39,1,0.8181818181818182,3727.0,50806.82,10517.0,71935.74,8093.0,78010.87,4254.779234382599,8408.666666666666,2708.5338223228273,1949,0.8710377160450633,10.844729205099659,9.567385247481795
9645,10063,1024.3,8484,2021-11-01,3,3,0,False,False,False,True,False,False,False,True,False,True,False,False,44,1,0.9090909090909091,14290.0,51262.24,11564.0,84648.8,8612.0,81873.01,5483.712459031142,9441.5,3599.187283262712,418,0.8795355587808418,11.577114925193126,9.174298600628918
7084,7179,368.72,8025,2021-12-01,3,3,0,False,False,False,True,False,False,False,True,False,True,False,False,48,1,1.0,9645.0,106628.44,3727.0,50806.82,7939.0,92306.65,5294.269197286191,9613.666666666666,3576.20579199054,95,1.1326746647847565,11.422494721331283,8.865735152124781
10780,11489,577.27,8643,2022-01-01,3,3,2,False,False,False,True,False,False,False,True,False,False,False,True,52,0,0.0,7084.0,91352.76,14290.0,51262.24,10517.0,71935.74,3652.8797315725265,9471.166666666666,3672.0323210269657,709,0.8016881550876542,10.880735462688394,9.285540604539118
13191,13201,918.09,6872,2022-02-01,3,3,1,False,False,False,True,False,False,False,True,False,False,True,False,5,0,0.09090909090909091,10780.0,53141.67,9645.0,106628.44,11564.0,84648.8,1893.2935148395168,9515.0,3688.545946575699,10,0.5209217707701638,11.402422192422746,9.487365864239434
10773,10838,701.32,14407,2022-03-01,3,3,0,False,False,False,True,False,False,False,True,False,True,False,False,9,0,0.18181818181818182,13191.0,89537.34,7084.0,91352.76,3727.0,50806.82,3075.9493385511687,9786.166666666666,3921.7405022090234,65,1.337200668275478,11.185137530403049,9.28489110324048
9951,10203,667.21,10259,2022-04-01,3,3,0,False,False,False,True,False,False,False,True,False,True,False,False,13,0,0.2727272727272727,10773.0,72050.58,10780.0,53141.67,14290.0,51262.24,1394.0166187436128,10960.5,2564.61418150957,252,1.0308480707395498,10.98241587686733,9.20552881497896
11824,13043,783.93,3537,2022-05-01,3,3,0,False,False,False,True,False,False,False,True,False,True,False,False,17,0,0.36363636363636365,9951.0,58829.51,13191.0,89537.34,9645.0,106628.44,1684.2410753808497,10237.333333333334,1984.0327282246813,1219,0.2991120507399577,11.45456345651255,9.377971213360134
15131,16082,960.06,9061,2022-06-01,3,3,2,False,False,False,True,False,False,False,True,False,False,False,True,22,0,0.45454545454545453,11824.0,94329.84,10773.0,72050.58,7084.0,91352.76,938.8303006046268,10600.5,2052.1813516353773,951,0.5987972508591065,11.060063356788708,9.624566985752919
9618,10791,859.85,13911,2022-07-01,3,3,2,False,False,False,True,False,False,False,True,False,False,False,True,26,0,0.5454545454545454,15131.0,63579.58,9951.0,58829.51,10780.0,53141.67,2622.8730430579444,11941.666666666666,1919.6109675313546,1173,1.4462002287140034,11.668437845833099,9.171495588152615
11368,12014,593.41,13691,2022-08-01,3,3,0,False,False,False,True,False,False,False,True,False,True,False,False,31,0,0.6363636363636364,9618.0,116824.64,11824.0,94329.84,13191.0,89537.34,2774.762872751479,11748.0,2109.476143501035,646,1.2042395989093149,11.209388363194348,9.338645632129106
13861,14807,1420.06,4918,2022-09-01,3,3,1,False,False,False,True,False,False,False,True,False,False,True,False,35,0,0.7272727272727273,11368.0,73819.25,15131.0,63579.58,10773.0,72050.58,2817.085905683396,11444.166666666666,1987.848627704501,946,0.354782859616217,11.501522699844886,9.53690656247793
9311,10061,794.69,10384,2022-10-01,3,3,1,False,False,False,True,False,False,False,True,False,False,True,False,39,1,0.8181818181818182,13861.0,98865.2,9618.0,116824.64,9951.0,58829.51,2132.3147828905035,11958.833333333334,2170.6698889206214,750,1.1151202749140894,11.692427717926014,9.139059169971219
9357,10368,656.86,9789,2022-11-01,3,3,2,False,False,False,True,False,False,False,True,False,False,False,True,44,1,0.9090909090909091,9311.0,119661.16,11368.0,73819.25,11824.0,94329.84,2278.4789516985616,11852.166666666666,2300.886734862597,1011,1.046056849754221,11.394563799439863,9.143986871426161
10666,11185,1059.13,12789,2022-12-01,3,3,2,False,False,False,True,False,False,False,True,False,False,False,True,48,1,1.0,9357.0,88836.47,13861.0,98865.2,15131.0,63579.58,2613.7658655663945,11441.0,2517.1854917744945,519,1.1989312833973937,11.163910820164157,9.274910142625483
14120,15873,1472.01,11649,2023-01-01,3,3,0,False,False,False,True,False,False,False,True,False,True,False,False,52,0,0.0,10666.0,70537.28,9311.0,119661.16,9618.0,116824.64,769.3744212020853,10696.833333333334,1751.738270024001,1753,0.8249415763756108,11.24894286169862,9.555418330069251
7483,8068,474.8,6857,2023-02-01,3,3,1,False,False,False,True,False,False,False,True,False,False,True,False,5,0,0.09090909090909091,14120.0,76797.69,9357.0,88836.47,11368.0,73819.25,2460.6830352566835,11447.166666666666,2122.2216111110233,585,0.9162212720470336,11.035663396876815,8.92052268739398
13516,15356,904.22,6713,2023-03-01,3,3,1,False,False,False,True,False,False,False,True,False,False,True,False,9,0,0.18181818181818182,7483.0,62046.99,10666.0,70537.28,13861.0,98865.2,3319.4219878366443,10799.666666666666,2672.524474474776,1840,0.4966338684619368,11.104943692717775,9.511703431483827
12491,12935,1116.7,12908,2023-04-01,3,3,2,False,False,False,True,False,False,False,True,False,False,False,True,13,0,0.2727272727272727,13516.0,66498.1,14120.0,76797.69,9311.0,119661.16,3669.9608081467813,10742.166666666666,2596.1048836028717,444,1.0333013128402178,11.159212416000972,9.43284371840297
9251,9823,657.75,3852,2023-05-01,3,3,1,False,False,False,True,False,False,False,True,False,False,True,False,18,0,0.36363636363636365,12491.0,70206.64,7483.0,62046.99,9357.0,88836.47,3228.203267040875,11272.166666666666,2569.9643123332803,572,0.4163424124513619,11.54730940361194,9.13259502335133
10493,11366,881.41,7419,2023-06-01,3,3,2,False,False,False,True,False,False,False,True,False,False,False,True,22,0,0.45454545454545453,9251.0,103497.19,13516.0,66498.1,10666.0,70537.28,2226.2992461332265,11254.5,2586.0766229947644,873,0.7069754145225844,11.532463645538748,9.258558944246657
9697,10023,664.73,12325,2023-07-01,3,3,1,False,False,False,True,False,False,False,True,False,False,True,False,26,0,0.5454545454545454,10493.0,101972.03,12491.0,70206.64,14120.0,76797.69,1634.6339039675029,11225.666666666666,2594.899741158928,326,1.2708805939368941,11.06136228076959,9.179674957665297
8590,9691,626.21,6498,2023-08-01,3,3,0,False,False,False,True,False,False,False,True,False,True,False,False,31,0,0.6363636363636364,9697.0,63662.22,9251.0,103497.19,7483.0,62046.99,629.1655849880636,10488.5,2207.5638835603418,1101,0.756372948434408,11.326556970358851,9.058470422638056
15098,15229,1041.76,14996,2023-09-01,3,3,1,False,False,False,True,False,False,False,True,False,False,True,False,35,0,0.7272727272727273,8590.0,82995.77,10493.0,101972.03,13516.0,66498.1,955.7260765163693,10673.0,1935.6508982768596,131,0.9931783561825287,11.65302769726629,9.62238379544447
14430,16568,939.39,14245,2023-10-01,3,3,2,False,False,False,True,False,False,False,True,False,False,False,True,39,1,0.8181818181818182,15098.0,115038.14,9697.0,63662.22,12491.0,70206.64,3482.104583916654,10936.666666666666,2441.9081609812183,2138,0.9871110803132146,11.215145244074131,9.577133949436078
5365,6034,288.1,5155,2023-11-01,3,3,1,False,False,False,True,False,False,False,True,False,False,True,False,44,1,0.9090909090909091,14430.0,74245.45,8590.0,82995.77,9251.0,103497.19,3580.1742974330227,11259.833333333334,2791.9664336568717,669,0.9606783451360418,11.180103478073901,8.58783803098557
11355,11397,759.65,6295,2023-12-01,3,3,0,False,False,False,True,False,False,False,True,False,True,False,False,48,1,1.0,5365.0,71688.78,15098.0,115038.14,10493.0,101972.03,5436.78425174294,10612.166666666666,3665.302138523737,42,0.5543325114476928,11.243469483616602,9.337501517592862
7363,7632,516.88,14776,2024-01-01,3,3,2,False,False,False,True,False,False,False,True,False,False,False,True,1,0,0.0,11355.0,76378.49,14430.0,74245.45,9697.0,63662.22,4609.952096641935,10755.833333333334,3676.573372947517,269,2.006518196632265,11.52319198345458,8.904358542352968
11602,11971,720.48,5585,2024-02-01,3,3,2,False,False,False,True,False,False,False,True,False,False,False,True,5,0,0.09090909090909091,7363.0,101030.94,5365.0,71688.78,8590.0,82995.77,3049.813327620786,10366.833333333334,3926.0214679324777,369,0.481341032491597,11.60852778391594,9.359018964347545
8283,8391,547.92,4819,2024-03-01,3,3,1,False,False,False,True,False,False,False,True,False,False,True,False,9,0,0.18181818181818182,11602.0,110031.14,11355.0,76378.49,15098.0,115038.14,2379.2924018147437,10868.833333333334,3845.11895351323,108,0.581723804925157,11.157209346925283,9.022081222515475
13755,14856,862.44,5841,2024-04-01,3,3,1,False,False,False,True,False,False,False,True,False,False,True,False,14,0,0.2727272727272727,8283.0,70066.15,7363.0,101030.94,14430.0,74245.45,2229.7713634660777,9733.0,3316.1627824942534,1101,0.42461471357952896,11.086438845027846,9.529230371552156
13980,15377,1243.52,9947,2024-05-01,3,3,1,False,False,False,True,False,False,False,True,False,False,True,False,18,0,0.36363636363636365,13755.0,65278.86,11602.0,110031.14,5365.0,71688.78,2756.6269848010575,9620.5,3131.243059872553,1397,0.7114655604034046,11.616904596956811,9.545454543987825
7107,7176,622.57,8009,2024-06-01,3,3,1,False,False,False,True,False,False,False,True,False,False,True,False,22,0,0.45454545454545453,13980.0,110956.73,8283.0,70066.15,11355.0,76378.49,3226.17466979084,11056.333333333334,2740.425927965702,69,1.1267585818795722,11.680489327366951,8.868976189274543
14181,15135,1042.3,6949,2024-07-01,3,3,0,False,False,False,True,False,False,False,True,False,True,False,False,27,0,0.5454545454545454,7107.0,118241.08,13755.0,65278.86,7363.0,101030.94,3904.7974339266357,10348.333333333334,3163.862175674959,954,0.4899873078550275,11.68307642627998,9.559728833863941
15634,17484,797.33,8446,2024-08-01,3,3,1,False,False,False,True,False,False,False,True,False,False,True,False,31,0,0.6363636363636364,14181.0,118547.38,13980.0,110956.73,11602.0,110031.14,4027.406237269843,11484.666666666666,3100.9584754824878,1850,0.5401982731052126,11.544431883937538,9.65726726989194
9727,10872,496.08,3988,2024-09-01,3,3,1,False,False,False,True,False,False,False,True,False,False,True,False,35,0,0.7272727272727273,15634.0,103199.8,7107.0,118241.08,8283.0,70066.15,4561.84198908,12156.666666666666,3537.6097391694675,1145,0.40995065789473684,11.338401944305945,9.182763604205949
6997,7194,463.9,4801,2024-10-01,3,3,1,False,False,False,True,False,False,False,True,False,False,True,False,40,1,0.8181818181818182,9727.0,83984.71,14181.0,118547.38,13755.0,65278.86,3077.931502378402,12397.333333333334,3259.566760578262,197,0.6860531580451558,11.350825741710885,8.853379672927634
9466,9638,668.77,14979,2024-11-01,3,3,0,False,False,False,True,False,False,False,True,False,True,False,False,44,1,0.9090909090909091,6997.0,85034.64,15634.0,103199.8,13980.0,110956.73,4414.8106414658405,11271.0,3816.6073416058935,172,1.5822330199640857,10.828284602882198,9.15556734612889
13738,14740,1395.09,10949,2024-12-01,3,3,1,False,False,False,True,False,False,False,True,False,False,True,False,48,1,1.0,9466.0,50426.13,9727.0,83984.71,7107.0,118241.08,1506.4849816709193,10518.666666666666,3615.4050764287367,1002,0.796928451852391,10.992268168310936,9.527993782923948
6076,6746,630.69,12525,2025-01-01,3,3,2,False,False,False,True,False,False,False,True,False,False,False,True,1,0,0.0,13738.0,59411.99,6997.0,85034.64,14181.0,118547.38,3410.4502635282674,11623.833333333334,3369.0368603900242,670,2.0610498601283527,10.830720993979895,8.712266432135355
13671,14108,857.17,10446,2025-02-01,3,3,2,False,False,False,True,False,False,False,True,False,False,False,True,5,0,0.09090909090909091,6076.0,50549.14,9466.0,50426.13,15634.0,103199.8,3839.451523329866,10273.0,3742.8036550158513,437,0.7640433001755412,11.195173525038642,9.523105224795426
4027,4228,285.11,7808,2025-03-01,3,3,2,False,False,False,True,False,False,False,True,False,False,False,True,9,0,0.18181818181818182,13671.0,72777.33,13738.0,59411.99,9727.0,83984.71,4404.4439300930335,9945.833333333334,3231.3078105724753,201,1.9384309831181727,11.671552169578641,8.301025253838453
8085,8158,692.48,11766,2025-04-01,3,3,2,False,False,False,True,False,False,False,True,False,False,False,True,14,0,0.2727272727272727,4027.0,117189.04,6076.0,50549.14,6997.0,85034.64,5080.83264173633,8995.833333333334,4044.1674256472984,73,1.455107593371259,11.10648042688748,8.997889450200717
11008,11674,691.85,9530,2025-05-01,3,3,0,False,False,False,True,False,False,False,True,False,True,False,False,18,0,0.36363636363636365,8085.0,66600.37,13671.0,72777.33,9466.0,50426.13,4842.13272570397,9177.166666666666,3960.137442901028,666,0.8656553728767372,11.611572163309956,9.306468399070404
8118,8480,552.84,3551,2025-06-01,3,3,0,False,False,False,True,False,False,False,True,False,True,False,False,22,0,0.45454545454545453,11008.0,110366.63,4027.0,117189.04,13738.0,59411.99,3505.8440258136648,9434.166666666666,4032.0137607238753,362,0.4373691341298189,11.325859471112954,9.001962272862446
4649,5037,310.32,7854,2025-07-01,3,3,0,False,False,False,True,False,False,False,True,False,True,False,False,27,0,0.5454545454545454,8118.0,82937.9,8085.0,66600.37,6076.0,50549.14,1678.1496754858804,8497.5,3441.8286273433246,388,1.689032258064516,11.669785528243946,8.444622498581403
5547,5600,559.97,13667,2025-08-01,3,3,0,False,False,False,True,False,False,False,True,False,True,False,False,31,0,0.6363636363636364,4649.0,116982.19,11008.0,110366.63,13671.0,72777.33,3183.8902305198953,8259.666666666666,3683.444674033629,53,2.463410237923576,11.199939806655244,8.621192781434722
15736,16269,1317.1,3671,2025-09-01,3,3,1,False,False,False,True,False,False,False,True,False,False,True,False,36,0,0.7272727272727273,5547.0,73125.04,8118.0,82937.9,4027.0,117189.04,1800.4816948065218,6905.666666666667,2642.535121179418,533,0.23327190697083308,11.47158166766791,9.663769906600864
16033,16582,1137.54,13663,2025-10-01,3,3,2,False,False,False,True,False,False,False,True,False,False,False,True,40,1,0.8181818181818182,15736.0,95948.92,4649.0,116982.19,8085.0,66600.37,6158.242362882451,8857.166666666666,4043.5853109173668,549,0.8521267306972683,11.284920239848308,9.682466746602897
3705,4248,380.13,4816,2025-11-01,3,3,1,False,False,False,True,False,False,False,True,False,False,True,False,44,1,0.9090909090909091,16033.0,79611.01,5547.0,73125.04,11008.0,110366.63,5970.205552016896,10181.833333333334,4942.080590871286,543,1.2995143011332972,11.56894344542983,8.217708406845306
6293,6849,435.16,8860,2025-12-01,3,3,0,False,False,False,True,False,False,False,True,False,True,False,False,49,1,1.0,3705.0,105760.67,15736.0,95948.92,8118.0,82937.9,7033.405457766057,8964.666666666666,5558.752617869111,556,1.407689863361932,11.124297857216906,8.747352077624353
8461,8784,746.26,10147,2015-07-01,0,4,2,True,False,False,False,False,False,False,False,True,False,False,True,27,0,0.5454545454545454,6828.0,75498.89,7633.0,102818.0,12446.0,55183.13,556.4497581393409,9234.0,2132.3918026479096,323,1.199125502245332,11.489720193239858,9.043340831280013
15381,16421,828.27,13066,2015-08-01,0,4,0,True,False,False,False,False,False,False,False,True,True,False,False,31,0,0.6363636363636364,8461.0,97705.19,7896.0,87526.75,10274.0,59626.47,829.3107579992744,8569.833333333334,1440.0940825747002,1040,0.8494344038486543,10.96695026969637,9.640953273616999
14196,15525,1475.67,8233,2015-09-01,0,4,0,True,False,False,False,False,False,False,False,True,True,False,False,36,0,0.7272727272727273,15381.0,57926.66,6828.0,75498.89,10327.0,52614.37,4540.684566597126,9421.0,3146.752421147873,1329,0.579911248855392,11.272887757653663,9.560785953663574
3356,3711,281.4,9815,2015-10-01,0,4,1,True,False,False,False,False,False,False,False,True,False,True,False,40,1,0.8181818181818182,14196.0,78658.82,8461.0,97705.19,7633.0,102818.0,3700.9199306839005,10065.833333333334,3714.7054481703753,355,2.923741435805779,11.650671289388198,8.118802996980035
8449,9279,842.79,7901,2015-11-01,0,4,0,True,False,False,False,False,False,False,False,True,True,False,False,44,1,0.9090909090909091,3356.0,114767.38,15381.0,57926.66,7896.0,87526.75,6627.0965236167585,9353.0,4583.657491567187,830,0.9350295857988166,11.391447084931368,9.041921720351219
5719,6486,393.75,3373,2015-12-01,0,4,2,True,False,False,False,False,False,False,False,True,False,False,True,49,1,1.0,8449.0,88560.02,14196.0,78658.82,6828.0,75498.89,5423.287102855609,9445.166666666666,4553.964840297591,767,0.5896853146853147,11.098891044963086,8.651724084373843
10480,10885,763.99,11726,2016-01-01,0,4,1,True,False,False,False,False,False,False,False,True,False,True,False,53,0,0.0,5719.0,66096.82,3356.0,114767.38,8461.0,97705.19,2548.702872704725,9260.333333333334,4701.547730978243,405,1.118786375345864,11.31915392660887,9.257319373170178
5786,6539,303.76,13057,2016-02-01,0,4,0,True,False,False,False,False,False,False,False,True,True,False,False,5,0,0.09090909090909091,10480.0,82383.61,8449.0,88560.02,15381.0,57926.66,2389.0368352120454,9596.833333333334,4705.14643413642,753,2.2562640400898566,11.041344432277567,8.663369301573839
4663,5336,309.16,9602,2016-03-01,0,4,1,True,False,False,False,False,False,False,False,True,False,True,False,9,0,0.18181818181818182,5786.0,62400.49,5719.0,66096.82,14196.0,78658.82,2729.628973566429,7997.666666666667,3909.3190540894275,673,2.0587478559176673,11.33677522635909,8.447628728030327
9390,9760,584.53,14243,2016-04-01,0,4,1,True,False,False,False,False,False,False,False,True,False,True,False,13,0,0.2727272727272727,4663.0,83848.2,10480.0,82383.61,3356.0,114767.38,3085.780668377666,6408.833333333333,2606.461004248221,370,1.5166648919177936,11.228046792651043,9.147507062804614
12317,12498,844.33,6896,2016-05-01,0,4,1,True,False,False,False,False,False,False,False,True,False,True,False,17,0,0.36363636363636365,9390.0,75209.55,5786.0,62400.49,8449.0,88560.02,2469.6313490073744,7414.5,2343.8244601505435,181,0.5598311414190615,11.34068745787819,9.418816886246988
14693,14788,919.05,11711,2016-06-01,0,4,1,True,False,False,False,False,False,False,False,True,False,True,False,22,0,0.45454545454545453,12317.0,84176.88,4663.0,83848.2,5719.0,66096.82,3862.114576239289,8059.166666666667,3096.3950275548914,95,0.7969919695113652,11.027410799165066,9.595194526180222
14354,15074,710.52,12980,2016-07-01,0,4,0,True,False,False,False,False,False,False,False,True,True,False,False,26,0,0.5454545454545454,14693.0,61537.04,9390.0,75209.55,10480.0,82383.61,2656.2666156343034,9554.833333333334,3822.239208457089,720,0.9042145593869731,10.855816438591006,9.571853592555165
6803,7012,454.1,13446,2016-08-01,0,4,0,True,False,False,False,False,False,False,False,True,True,False,False,31,0,0.6363636363636364,14354.0,51833.77,12317.0,84176.88,5786.0,62400.49,1285.1501857759583,10200.5,4306.328308431675,209,1.9761904761904763,11.621323353138344,8.825265953515752
8964,9897,622.55,5551,2016-09-01,0,4,1,True,False,False,False,False,False,False,False,True,False,True,False,35,0,0.7272727272727273,6803.0,111448.11,14693.0,61537.04,4663.0,83848.2,4460.654324199531,10370.0,4113.517521537986,933,0.6191857222532069,11.36078577840656,9.101083386039234
12205,12670,787.22,3547,2016-10-01,0,4,2,True,False,False,False,False,False,False,False,True,False,False,True,39,1,0.8181818181818182,8964.0,85885.83,14354.0,51833.77,9390.0,75209.55,3888.864915799122,11086.833333333334,3191.520604142591,465,0.29059478944781253,11.229643298719106,9.40968291310444
8999,9429,629.03,10212,2016-11-01,0,4,2,True,False,False,False,False,False,False,False,True,False,False,True,44,1,0.9090909090909091,12205.0,75329.72,6803.0,111448.11,12317.0,84176.88,2718.933798384945,11556.0,3097.7207104579375,430,1.1346666666666667,11.415917855346688,9.104979856318357
8627,9225,445.15,13362,2016-12-01,0,4,0,True,False,False,False,False,False,False,False,True,True,False,False,48,1,1.0,8999.0,90753.91,8964.0,85885.83,14693.0,61537.04,1861.1708680290437,11003.0,3228.115301534321,598,1.5486787204450625,11.684102821866224,9.062768007509048
8033,8698,402.45,12304,2017-01-01,0,4,2,True,False,False,False,False,False,False,False,True,False,False,True,52,0,0.0,8627.0,118669.12,12205.0,75329.72,14354.0,51833.77,1967.185129400209,9992.0,2756.8167149812493,665,1.5314911625591237,11.366892133479269,8.991437814919227
9235,10569,807.6,6742,2017-02-01,0,4,1,True,False,False,False,False,False,False,False,True,False,True,False,5,0,0.09090909090909091,8033.0,86411.89,8999.0,90753.91,6803.0,111448.11,487.2330038082219,8938.5,1797.312187684708,1334,0.7299696838458207,11.365970202592354,9.130864170474386
4547,5087,304.88,14521,2017-03-01,0,4,2,True,False,False,False,False,False,False,False,True,False,False,True,9,0,0.18181818181818182,9235.0,86332.26,8627.0,118669.12,8964.0,85885.83,601.0135883100451,9343.833333333334,1462.4251661766027,540,3.1928320140721196,11.640033069174725,8.422442854870427
11278,11278,974.42,3655,2017-04-01,0,4,2,True,False,False,False,False,False,False,False,True,False,False,True,13,0,0.2727272727272727,4547.0,113552.92,8033.0,86411.89,12205.0,75329.72,2434.965571282953,8607.666666666666,2461.99615488462,0,0.3240535508467063,11.279234105598889,9.330697868639916
12468,14162,1090.33,3622,2017-05-01,0,4,2,True,False,False,False,False,False,False,False,True,False,False,True,18,0,0.36363636363636365,11278.0,79159.61,9235.0,86332.26,8999.0,90753.91,3451.0277213220584,8453.166666666666,2206.978787090318,1694,0.2904803913705991,10.836674142122542,9.431000842996585
13304,14480,1392.93,5904,2017-06-01,0,4,2,True,False,False,False,False,False,False,False,True,False,False,True,22,0,0.45454545454545453,12468.0,50850.97,4547.0,113552.92,8627.0,118669.12,4271.313264091032,9031.333333333334,2762.9357333580274,1176,0.44374295377677564,11.43961708075316,9.49589518341179
8745,9321,438.12,11083,2017-07-01,0,4,2,True,False,False,False,False,False,False,False,True,False,False,True,26,0,0.5454545454545454,13304.0,92930.42,11278.0,79159.61,8033.0,86411.89,1018.1414440047047,9810.833333333334,3243.934118730939,576,1.2672078664532358,11.43754728644585,9.076351731972865
1177,1215,121.64,3063,2017-08-01,0,4,1,True,False,False,False,False,False,False,False,True,False,True,False,31,0,0.6363636363636364,8745.0,92738.27,12468.0,50850.97,9235.0,86332.26,2427.073203126209,9929.5,3178.2498800440485,38,2.600169779286927,11.475419840211655,7.071573364211532
9023,9446,910.87,3172,2017-09-01,0,4,2,True,False,False,False,False,False,False,False,True,False,False,True,35,0,0.7272727272727273,1177.0,96317.9,13304.0,92930.42,4547.0,113552.92,6125.401129722035,8586.5,4812.658174023995,423,0.35150709219858156,11.470069528391488,9.10764297373784
7013,7295,352.4,4767,2017-10-01,0,4,0,True,False,False,False,False,False,False,False,True,True,False,False,39,1,0.8181818181818182,9023.0,95803.94,8745.0,92738.27,11278.0,79159.61,4451.809070479099,9332.5,4389.58470700817,282,0.6796407185628742,10.95202457664691,8.855663430700124
12725,12726,673.79,10527,2017-11-01,0,4,2,True,False,False,False,False,False,False,False,True,False,False,True,44,1,0.9090909090909091,7013.0,57068.47,1177.0,96317.9,12468.0,50850.97,4075.510438378648,8621.666666666666,4356.734449868003,1,0.8272041489863272,11.616815369809851,9.451402423792738
9237,9445,792.53,9018,2017-12-01,0,4,1,True,False,False,False,False,False,False,False,True,False,True,False,48,1,1.0,12725.0,110946.83,9023.0,95803.94,13304.0,92930.42,2897.4657892717187,8664.5,4403.129148685056,208,0.9761853214981597,11.676457855742594,9.13108069099055
1328,1492,93.42,6639,2018-01-01,0,4,1,True,False,False,False,False,False,False,False,True,False,True,False,1,0,0.0,9237.0,117765.35,7013.0,57068.47,8745.0,92738.27,2879.2147077516324,7986.666666666667,3820.5700970753874,164,4.995485327313769,11.250570340460968,7.192182058713246
11445,11972,587.13,4922,2018-02-01,0,4,0,True,False,False,False,False,False,False,False,True,True,False,False,5,0,0.09090909090909091,1328.0,76922.78,12725.0,110946.83,1177.0,96317.9,5839.663717486934,6750.5,4638.489053560432,527,0.4300192206884501,11.38796410165734,9.345395602969047
17318,18386,1763.84,9770,2018-03-01,0,4,0,True,False,False,False,False,False,False,False,True,True,False,False,9,0,0.18181818181818182,11445.0,88252.1,9237.0,117765.35,9023.0,95803.94,5319.480457087264,8461.833333333334,4024.4343909009926,1068,0.5641203302731105,11.288844599514334,9.759559443729044
8487,8618,611.06,12357,2018-04-01,0,4,0,True,False,False,False,False,False,False,False,True,True,False,False,13,0,0.2727272727272727,17318.0,79924.05,1328.0,76922.78,7013.0,57068.47,8088.324074450363,9844.333333333334,5433.770391419448,131,1.4558199811498587,11.266294608765396,9.046408680293819
10308,10558,555.09,8420,2018-05-01,0,4,2,True,False,False,False,False,False,False,False,True,False,False,True,18,0,0.36363636363636365,8487.0,78141.91,11445.0,88252.1,12725.0,110946.83,4494.968557546683,10090.0,5312.120028764411,250,0.8167620525754196,11.472813218519214,9.240772579096385
7543,7633,631.35,5213,2018-06-01,0,4,2,True,False,False,False,False,False,False,False,True,False,False,True,22,0,0.45454545454545453,10308.0,96067.16,17318.0,79924.05,9237.0,117765.35,4662.665582403837,9687.166666666666,5161.855225271885,90,0.6910127253446448,11.301331954389777,8.928507824313293
16516,18763,1040.51,7265,2018-07-01,0,4,2,True,False,False,False,False,False,False,False,True,False,False,True,26,0,0.5454545454545454,7543.0,80928.36,8487.0,78141.91,1328.0,76922.78,1405.4893572465455,9404.833333333334,5237.180058644791,2247,0.43984985166797846,11.690303908016217,9.71214543252109
9090,9771,627.21,12096,2018-08-01,0,4,1,True,False,False,False,False,False,False,False,True,False,True,False,31,0,0.6363636363636364,16516.0,119407.29,10308.0,96067.16,11445.0,88252.1,4595.273259919731,11936.166666666666,4099.45944810614,681,1.3305466945330546,11.48497362686991,9.115040192121858
14229,15099,883.62,14536,2018-09-01,0,4,2,True,False,False,False,False,False,False,False,True,False,False,True,35,0,0.7272727272727273,9090.0,97242.52,7543.0,80928.36,17318.0,79924.05,4796.759565929202,11543.666666666666,4265.27657563571,870,1.0215038650737878,11.626679327733628,9.563107691083898
6961,7396,619.18,13863,2018-10-01,0,4,2,True,False,False,False,False,False,False,False,True,False,False,True,40,1,0.8181818181818182,14229.0,112046.63,16516.0,119407.29,8487.0,78141.91,3803.182132548126,11028.833333333334,3556.422101869614,435,1.991238149956909,11.243498155824339,8.848222068371385
11974,12019,1014.8,3668,2018-11-01,0,4,0,True,False,False,False,False,False,False,False,True,True,False,False,44,1,0.9090909090909091,6961.0,76380.68,9090.0,97242.52,10308.0,96067.16,3736.4373851749897,10774.5,3819.3960124606106,45,0.3063048016701461,11.495822845370524,9.390576422279116
11849,13148,870.9,9882,2018-12-01,0,4,1,True,False,False,False,False,False,False,False,True,False,True,False,48,1,1.0,11974.0,98303.28,14229.0,112046.63,7543.0,80928.36,3720.1930505463442,11052.166666666666,3839.2060333702707,1299,0.8339240506329114,11.551023047648535,9.380083146563278
10794,10867,718.88,6148,2019-01-01,0,4,0,True,False,False,False,False,False,False,False,True,True,False,False,1,0,0.0,11849.0,103882.26,6961.0,76380.68,16516.0,119407.29,2858.8557734403657,11769.833333333334,3433.0142683459244,73,0.5695229272811487,11.297923555361223,9.286838342948908
6884,7892,609.23,8214,2019-02-01,0,4,2,True,False,False,False,False,False,False,False,True,False,False,True,5,0,0.09090909090909091,10794.0,80652.99,11974.0,98303.28,9090.0,97242.52,648.2090712108068,10816.166666666666,2525.7556031149734,1008,1.193028322440087,11.243804988615967,8.837100411162755
11054,12525,938.48,10380,2019-03-01,0,4,2,True,False,False,False,False,False,False,False,True,False,False,True,9,0,0.18181818181818182,6884.0,76404.12,11849.0,103882.26,14229.0,112046.63,2615.732848234565,10448.5,2951.8948998905785,1471,0.9389416553595658,11.6313869371032,9.310638093291546
2017,2031,171.55,6787,2019-04-01,0,4,0,True,False,False,False,False,False,False,False,True,True,False,False,14,0,0.2727272727272727,11054.0,112575.35,10794.0,80652.99,6961.0,76380.68,2336.115008584404,9919.333333333334,2364.857853374419,14,3.363230921704658,11.252094843870314,7.609862200913554
12863,13082,935.78,9928,2019-05-01,0,4,1,True,False,False,False,False,False,False,False,True,False,True,False,18,0,0.36363636363636365,2017.0,77040.14,6884.0,76404.12,11974.0,98303.28,4522.977595935371,9095.333333333334,3939.1380613868623,219,0.7717661691542289,11.462416704860429,9.462187991418748
8909,9045,646.79,12120,2019-06-01,0,4,2,True,False,False,False,False,False,False,False,True,False,False,True,22,0,0.45454545454545453,12863.0,95073.56,11054.0,112575.35,11849.0,103882.26,5810.558865834965,9243.5,4083.1584221041417,136,1.3602693602693603,11.642017116513655,9.094929520464856
11376,11660,755.94,7248,2019-07-01,0,4,0,True,False,False,False,False,False,False,False,True,True,False,False,27,0,0.5454545454545454,8909.0,113778.44,2017.0,77040.14,10794.0,80652.99,5488.920598199004,8753.5,3879.267289063744,284,0.6370748000351587,11.649745693440346,9.339349052539717
15165,16539,777.96,4731,2019-08-01,0,4,1,True,False,False,False,False,False,False,False,True,False,True,False,31,0,0.6363636363636364,11376.0,114661.2,12863.0,95073.56,6884.0,76404.12,1997.138536339759,8850.5,3947.1758384951604,1374,0.3119477779243044,11.45213787362498,9.62681135926088
7202,7646,594.16,13552,2019-09-01,0,4,0,True,False,False,False,False,False,False,False,True,True,False,False,35,0,0.7272727272727273,15165.0,94101.31,8909.0,113778.44,11054.0,112575.35,3151.1941122903418,10230.666666666666,4527.1981033158545,444,1.881438289601555,11.103508809773436,8.882252884889363
10998,11172,973.32,14233,2019-10-01,0,4,0,True,False,False,False,False,False,False,False,True,True,False,False,40,1,0.8181818181818182,7202.0,66402.75,11376.0,114661.2,2017.0,77040.14,3983.050882594059,9588.666666666666,4658.316720304305,174,1.2940267297027002,11.355461853439909,9.305559638557117
20196,20348,2032.73,3389,2019-11-01,0,4,1,True,False,False,False,False,False,False,False,True,False,True,False,44,1,0.9090909090909091,10998.0,85429.79,15165.0,94101.31,12863.0,95073.56,3982.9401619071955,11085.5,2818.2475938071916,152,0.1677971976036045,10.904202517627692,9.913289357508388
1234,1256,84.59,14697,2019-12-01,0,4,2,True,False,False,False,False,False,False,False,True,False,False,True,48,1,1.0,20196.0,54403.52,7202.0,66402.75,8909.0,113778.44,6681.527470072492,12307.666666666666,4703.023566458785,22,11.900404858299595,11.60467111757095,7.118826249062078
11592,12383,985.9,4971,2020-01-01,0,4,2,True,False,False,False,False,False,False,False,True,False,False,True,1,0,0.0,1234.0,109607.6,10998.0,85429.79,11376.0,114661.2,9482.40778143048,11028.5,6509.2197305053405,791,0.4287932372983697,11.415876314031667,9.358156746670401
10272,11269,739.58,14095,2020-02-01,0,4,0,True,False,False,False,False,False,False,False,True,True,False,False,5,0,0.09090909090909091,11592.0,90750.14,20196.0,54403.52,15165.0,94101.31,9494.510905430217,11064.5,6512.12265701438,997,1.372043220091502,11.676973659545867,9.237274373216264
10062,11450,703.33,9827,2020-03-01,0,4,2,True,False,False,False,False,False,False,False,True,False,False,True,9,0,0.18181818181818182,10272.0,117826.11,1234.0,109607.6,7202.0,66402.75,5637.907531463539,10249.0,6194.55280064671,1388,0.976547749180165,11.141120204329637,9.216620609933333
12896,14568,926.58,3193,2020-04-01,0,4,2,True,False,False,False,False,False,False,False,True,False,False,True,14,0,0.2727272727272727,10062.0,68947.85,11592.0,90750.14,10998.0,85429.79,829.3973715897442,10725.666666666666,6020.795883159193,1672,0.24757695588121267,11.179643334545093,9.464750005164392
10136,11429,1077.96,6642,2020-05-01,0,4,0,True,False,False,False,False,False,False,False,True,True,False,False,18,0,0.36363636363636365,12896.0,71655.8,10272.0,117826.11,20196.0,54403.52,1579.0837005470335,11042.0,6087.457531679382,1293,0.6552234388872448,11.391200331948088,9.2239473753824
5283,6019,373.24,13754,2020-06-01,0,4,0,True,False,False,False,False,False,False,False,True,True,False,False,23,0,0.45454545454545453,10136.0,88538.17,10062.0,68947.85,1234.0,109607.6,1615.2725260256589,9365.333333333334,4133.849279626273,736,2.6029523088569264,11.249620117823309,8.572438665642215
9432,9920,639.49,5241,2020-07-01,0,4,1,True,False,False,False,False,False,False,False,True,False,True,False,27,0,0.5454545454545454,5283.0,76849.72,12896.0,71655.8,11592.0,90750.14,3854.1531279041446,10040.166666666666,2579.0700972766663,488,0.5556026714724902,11.445786338521474,9.151969458649853
8893,9242,550.92,5936,2020-08-01,0,4,2,True,False,False,False,False,False,False,False,True,False,False,True,31,0,0.6363636363636364,9432.0,93505.51,10136.0,88538.17,10272.0,117826.11,2622.3852373999684,9680.166666666666,2467.4721004839475,349,0.6674162356644929,10.909443104570473,9.093132171070641
8632,8959,441.53,12535,2020-09-01,0,4,0,True,False,False,False,False,False,False,False,True,True,False,False,36,0,0.7272727272727273,8893.0,54689.38,5283.0,76849.72,10062.0,68947.85,2255.985446170539,9450.333333333334,2465.5432396667993,327,1.451986563187768,11.270415081387391,9.063347348235522
13412,14022,832.89,14872,2020-10-01,0,4,2,True,False,False,False,False,False,False,False,True,False,False,True,40,1,0.8181818181818182,8632.0,78464.56,9432.0,93505.51,12896.0,71655.8,407.9709957010349,9212.0,2463.705907773893,610,1.1087750689629463,11.230321410865024,9.50397966490209
1504,1572,150.02,11569,2020-11-01,0,4,2,True,False,False,False,False,False,False,False,True,False,False,True,44,1,0.9090909090909091,13412.0,75380.82,8893.0,54689.38,10136.0,88538.17,2687.5602938972934,9298.0,2621.9459185879455,68,7.6870431893687705,11.046556661733295,7.316548177182976
11613,12256,754.26,11743,2020-12-01,0,4,0,True,False,False,False,False,False,False,False,True,True,False,False,49,1,1.0,1504.0,62726.59,8632.0,78464.56,5283.0,76849.72,5992.457036419475,7859.333333333333,4049.6573517603447,643,1.0111072843120372,11.355190954219083,9.359966545931995
14376,16294,1050.17,12008,2021-01-01,0,4,0,True,False,False,False,False,False,False,False,True,True,False,False,53,0,0.0,11613.0,85406.65,13412.0,75380.82,9432.0,93505.51,6419.0958086010805,8914.333333333334,4068.7342831237625,1918,0.8352229255060165,11.30012103030833,9.573384986422592
12952,13122,866.49,5503,2021-02-01,0,4,0,True,False,False,False,False,False,False,False,True,True,False,False,5,0,0.09090909090909091,14376.0,80830.42,1504.0,62726.59,8893.0,54689.38,6776.361290053335,9738.333333333334,4653.19162152889,170,0.4248436655601019,11.454983697329968,9.469082700530256
8946,9460,636.06,8274,2021-03-01,0,4,1,True,False,False,False,False,False,False,False,True,False,True,False,9,0,0.18181818181818182,12952.0,94369.49,11613.0,85406.65,8632.0,78464.56,1381.717892094234,10414.833333333334,4798.502116980536,514,0.9247792556164077,11.615824323234138,9.099073559547596
1178,1245,123.16,11746,2021-04-01,0,4,0,True,False,False,False,False,False,False,False,True,True,False,False,13,0,0.2727272727272727,8946.0,110836.93,14376.0,80830.42,13412.0,75380.82,2815.4547294057716,10467.166666666666,4776.832775664926,67,9.962680237489398,10.999793851118307,7.072421900537371
9545,9727,1026.56,11318,2021-05-01,0,4,2,True,False,False,False,False,False,False,False,True,False,False,True,17,0,0.36363636363636365,1178.0,59860.8,12952.0,94369.49,1504.0,62726.59,5986.330762662548,8428.166666666666,5775.155492856155,182,1.1856274879530693,11.039685564643825,9.163877497565842
8133,8592,552.64,11226,2021-06-01,0,4,1,True,False,False,False,False,False,False,False,True,False,True,False,22,0,0.45454545454545453,9545.0,62297.06,8946.0,110836.93,11613.0,85406.65,4667.392455465181,9768.333333333334,4675.233840854024,459,1.380132776001967,11.230883987741827,9.00380808646717
15698,15861,1356.31,11906,2021-07-01,0,4,0,True,False,False,False,False,False,False,False,True,True,False,False,26,0,0.5454545454545454,8133.0,75423.24,1178.0,59860.8,14376.0,80830.42,4479.070923007726,9188.333333333334,4616.106093523701,163,0.7583922542837124,11.421100923265042,9.661352295040318
5288,5423,550.48,8081,2021-08-01,0,4,2,True,False,False,False,False,False,False,False,True,False,False,True,30,0,0.6363636363636364,15698.0,91225.52,9545.0,62297.06,12952.0,94369.49,4022.486337246321,9408.666666666666,4933.857949583333,135,1.5278880695783703,11.095584112627728,8.57338447106598
9140,10036,754.05,5975,2021-09-01,0,4,1,True,False,False,False,False,False,False,False,True,False,True,False,35,0,0.7272727272727273,5288.0,65878.6,8133.0,75423.24,8946.0,110836.93,5380.386448326301,8131.333333333333,4823.898243813463,896,0.6536483973307078,11.669386160370172,9.12052506765382
9281,9926,825.54,12153,2021-10-01,0,4,1,True,False,False,False,False,False,False,False,True,False,True,False,39,1,0.8181818181818182,9140.0,116935.48,15698.0,91225.52,1178.0,59860.8,5263.290605695261,8163.666666666667,4831.095638327461,645,1.3093083387201034,11.325675945690369,9.135832319801121
5293,5470,453.35,10899,2021-11-01,0,4,1,True,False,False,False,False,False,False,False,True,False,True,False,44,1,0.9090909090909091,9281.0,82922.68,5288.0,65878.6,9545.0,62297.06,2265.753517044598,9514.166666666666,3411.8387662178084,177,2.0587457499055533,11.053507212418113,8.574329382787047
7131,7266,515.57,6099,2021-12-01,0,4,2,True,False,False,False,False,False,False,False,True,False,False,True,48,1,1.0,5293.0,63164.1,9140.0,116935.48,8133.0,75423.24,2262.8681652569376,8805.5,3821.1847770030654,135,0.8551598429613012,11.330976998569398,8.872346978983032
9065,9932,643.16,14836,2022-01-01,0,4,0,True,False,False,False,False,False,False,False,True,True,False,False,52,0,0.0,7131.0,83363.43,9281.0,82922.68,15698.0,91225.52,1996.0330658583691,8638.5,3877.9279389900944,867,1.6364438561658945,11.451172394194693,9.112286431500795
13461,14069,694.59,9954,2022-02-01,0,4,2,True,False,False,False,False,False,False,False,True,False,False,True,5,0,0.09090909090909091,9065.0,94010.5,5293.0,63164.1,5288.0,65878.6,1886.2035945252464,7533.0,1908.0988443998183,608,0.739414648640618,11.412851948469086,9.507626180570659
6140,6345,450.37,9333,2022-03-01,0,4,2,True,False,False,False,False,False,False,False,True,False,False,True,9,0,0.18181818181818182,13461.0,90476.09,7131.0,83363.43,9140.0,116935.48,3243.8164765185643,8895.166666666666,2726.6234369026165,205,1.5197850512945774,11.515115564949493,8.722742874329398
15437,15491,1000.32,13929,2022-04-01,0,4,1,True,False,False,False,False,False,False,False,True,False,True,False,13,0,0.2727272727272727,6140.0,100218.25,9065.0,94010.5,9281.0,82922.68,3685.0482131626595,8395.166666666666,2939.502571297841,54,0.9022541780023319,11.199038627201206,9.6445872815098
4849,5434,317.12,11704,2022-05-01,0,4,1,True,False,False,False,False,False,False,False,True,False,True,False,17,0,0.36363636363636365,15437.0,73059.17,13461.0,90476.09,5293.0,63164.1,4897.887742010154,9421.166666666666,4139.807648510575,585,2.41319587628866,11.237082367802305,8.48673398393153
11175,12059,598.42,9588,2022-06-01,0,4,1,True,False,False,False,False,False,False,False,True,False,True,False,22,0,0.45454545454545453,4849.0,75892.2,6140.0,100218.25,7131.0,83363.43,5776.484426823404,9347.166666666666,4231.314898074434,884,0.8579098067287043,11.364695373817156,9.321523900936798
8140,8786,829.06,10324,2022-07-01,0,4,0,True,False,False,False,False,False,False,False,True,True,False,False,26,0,0.5454545454545454,11175.0,86222.27,15437.0,73059.17,9065.0,94010.5,5327.423767638537,10021.166666666666,4128.536128783019,646,1.2681488760594521,11.260420556920828,9.004668301573977
10678,11302,546.18,6963,2022-08-01,0,4,0,True,False,False,False,False,False,False,False,True,True,False,False,31,0,0.6363636363636364,8140.0,77684.24,4849.0,75892.2,13461.0,90476.09,3163.863197632493,9867.0,4188.221149843929,624,0.652027343384212,11.5318768477076,9.276034475171546
6777,6917,720.73,5453,2022-09-01,0,4,1,True,False,False,False,False,False,False,False,True,False,True,False,35,0,0.7272727272727273,10678.0,101912.21,11175.0,86222.27,6140.0,100218.25,1627.8655759408737,9403.166666666666,3851.1301934194144,140,0.8045146060784892,11.675328797786964,8.821437352166997
9878,10484,619.35,14946,2022-10-01,0,4,1,True,False,False,False,False,False,False,False,True,False,True,False,39,1,0.8181818181818182,6777.0,117632.46,8140.0,77684.24,15437.0,73059.17,1979.7733035207114,9509.333333333334,3750.650219184223,606,1.5129061645915578,11.632306245774,9.198166571044474
8693,9916,537.23,10936,2022-11-01,0,4,2,True,False,False,False,False,False,False,False,True,False,False,True,44,1,0.9090909090909091,9878.0,112678.89,10678.0,101912.21,4849.0,75892.2,2060.5016379512967,8582.833333333334,2457.037029974645,1223,1.2578789970094317,10.892543126396951,9.070388411548738
10567,11778,889.21,3011,2022-12-01,0,4,2,True,False,False,False,False,False,False,False,True,False,False,True,48,1,1.0,8693.0,53772.88,6777.0,117632.46,11175.0,86222.27,1564.7940226538797,9223.5,1660.9068306199429,1211,0.2849167297501892,11.444171029340902,9.26558584620216
15992,16664,1158.62,8004,2023-01-01,0,4,0,True,False,False,False,False,False,False,False,True,True,False,False,52,0,0.0,10567.0,93354.59,9878.0,112678.89,8140.0,77684.24,947.8767500752988,9122.166666666666,1531.5408472080155,672,0.5004689551678859,10.891530226159906,9.67990640549087
13384,14564,1429.41,4008,2023-02-01,0,4,2,True,False,False,False,False,False,False,False,True,False,False,True,5,0,0.09090909090909091,15992.0,53718.44,8693.0,53772.88,10678.0,101912.21,3790.7321632282747,10430.833333333334,3088.1190013771648,1180,0.299439671273814,11.351567625851942,9.501889955954454
9545,10805,701.56,13412,2023-03-01,0,4,0,True,False,False,False,False,False,False,False,True,True,False,False,9,0,0.18181818181818182,13384.0,85097.75,10567.0,93354.59,6777.0,117632.46,2713.170900133885,10881.833333333334,3320.303926851684,1260,1.4049863817305677,11.627536809460977,9.163877497565842
5775,6270,306.65,4586,2023-04-01,0,4,2,True,False,False,False,False,False,False,False,True,False,False,True,13,0,0.2727272727272727,9545.0,112142.75,15992.0,53718.44,9878.0,112678.89,3243.028265885654,11343.166666666666,2785.052489032609,495,0.7939750692520776,11.60561357378538,8.661466680572662
9314,10054,634.28,13747,2023-05-01,0,4,1,True,False,False,False,False,False,False,False,True,False,True,False,18,0,0.36363636363636365,5775.0,109710.95,13384.0,85097.75,8693.0,53772.88,3804.5521418427134,10659.333333333334,3600.960575550184,740,1.4757917337627482,11.191653378516762,9.13938128303569
6376,7139,459.07,3820,2023-06-01,0,4,2,True,False,False,False,False,False,False,False,True,False,False,True,22,0,0.45454545454545453,9314.0,72521.59,9545.0,112142.75,10567.0,93354.59,2113.085500715319,10762.833333333334,3541.574983911355,763,0.5990277559981182,11.112927335663482,8.760453046315272
15153,15547,1061.47,7184,2023-07-01,0,4,0,True,False,False,False,False,False,False,False,True,True,False,False,26,0,0.5454545454545454,6376.0,67031.13,5775.0,109710.95,15992.0,53718.44,1893.7425907445763,10064.333333333334,3974.7278984437025,394,0.47406625313448597,11.209958640238359,9.626019802491319
14192,14464,1468.87,10065,2023-08-01,0,4,1,True,False,False,False,False,False,False,False,True,False,True,False,31,0,0.6363636363636364,15153.0,73861.36,9314.0,72521.59,13384.0,85097.75,4467.689447578017,9924.5,3731.8168631378503,272,0.7091523990699641,11.18260600116206,9.560504164299259
3581,3609,312.62,13523,2023-09-01,0,4,0,True,False,False,False,False,False,False,False,True,True,False,False,35,0,0.7272727272727273,14192.0,71868.41,6376.0,67031.13,9545.0,112142.75,4814.026485178489,10059.166666666666,3892.7340220809715,28,3.7752652149637074,11.664847348589747,8.183676582620658
15077,15738,986.04,5513,2023-10-01,0,4,2,True,False,False,False,False,False,False,False,True,False,False,True,39,1,0.8181818181818182,3581.0,116405.93,15153.0,73861.36,5775.0,109710.95,6421.682360046571,9065.166666666666,4723.154683753927,661,0.3656320466905425,11.471117672210516,9.620992006771647
12368,12414,845.97,11524,2023-11-01,0,4,0,True,False,False,False,False,False,False,False,True,True,False,False,44,1,0.9090909090909091,15077.0,95904.41,14192.0,71868.41,9314.0,72521.59,6397.063935900591,10615.5,4948.468318581018,46,0.9316840488317568,11.249808257111992,9.42294862137501
10707,12224,931.51,8459,2023-12-01,0,4,2,True,False,False,False,False,False,False,False,True,False,False,True,48,1,1.0,12368.0,76864.18,3581.0,116405.93,6376.0,67031.13,6009.826203809888,11124.5,4944.887491136686,1517,0.7899701158012701,11.557646408699867,9.278746404640243
7061,7806,517.92,9361,2024-01-01,0,4,0,True,False,False,False,False,False,False,False,True,True,False,False,1,0,0.0,10707.0,104572.6,15077.0,95904.41,15153.0,73861.36,2205.8445850361463,11846.333333333334,4399.076160589489,745,1.3255451713395638,11.130333559231428,8.862483576488332
11792,12800,804.8,13060,2024-02-01,0,4,2,True,False,False,False,False,False,False,False,True,False,False,True,5,0,0.09090909090909091,7061.0,68208.12,12368.0,76864.18,14192.0,71868.41,2714.6665234119105,10497.666666666666,4422.924718629824,1008,1.1074366149410668,11.54204183925787,9.37526141408997
11566,12885,806.73,8020,2024-03-01,0,4,2,True,False,False,False,False,False,False,False,True,False,False,True,9,0,0.18181818181818182,11792.0,102953.44,10707.0,104572.6,3581.0,116405.93,2478.336202643481,10097.666666666666,4120.158136123746,1319,0.6933517766058614,11.338460523984505,9.355911495295402
12693,13879,835.83,6511,2024-04-01,0,4,1,True,False,False,False,False,False,False,False,True,False,True,False,14,0,0.2727272727272727,11566.0,83989.63,7061.0,68208.12,15077.0,95904.41,2668.5970721210997,11428.5,2605.412424166293,1186,0.5129194895226091,11.46277604242755,9.448884719866415
12999,13611,1099.72,13671,2024-05-01,0,4,0,True,False,False,False,False,False,False,False,True,True,False,False,18,0,0.36363636363636365,12693.0,95107.73,11792.0,102953.44,12368.0,76864.18,596.2390460209384,11031.166666666666,2063.057674100928,612,1.0516153846153846,11.679692169882252,9.472704636443673
11536,12976,756.18,14448,2024-06-01,0,4,2,True,False,False,False,False,False,False,False,True,False,False,True,22,0,0.45454545454545453,12999.0,118146.86,11566.0,83989.63,10707.0,104572.6,754.68028550724,11136.333333333334,2158.6995776778977,1440,1.25231862702609,11.601352098345258,9.35331454092729
13962,15770,898.45,7980,2024-07-01,0,4,0,True,False,False,False,False,False,False,False,True,True,False,False,27,0,0.5454545454545454,11536.0,109244.41,12693.0,95107.73,7061.0,68208.12,771.649099872014,11274.5,2152.244665459778,1808,0.5715104203967629,11.192913708259912,9.544166252942194
8752,8801,564.5,4269,2024-08-01,0,4,1,True,False,False,False,False,False,False,False,True,False,True,False,31,0,0.6363636363636364,13962.0,72613.05,12999.0,118146.86,11792.0,102953.44,1221.5573393554992,12424.666666666666,968.7682213340656,49,0.4877184965154804,11.43375292026173,9.077151777732437
4461,4515,228.85,7924,2024-09-01,0,4,1,True,False,False,False,False,False,False,False,True,False,True,False,35,0,0.7272727272727273,8752.0,92387.05,11536.0,109244.41,11566.0,83989.63,2607.049162047639,11918.0,1802.2489284225112,54,1.7758852532496638,10.835677026944946,8.403352374992478
9150,10087,656.05,13455,2024-10-01,0,4,2,True,False,False,False,False,False,False,False,True,False,False,True,40,1,0.8181818181818182,4461.0,50800.29,13962.0,72613.05,12693.0,95107.73,4757.901883533677,10733.833333333334,3558.3689194161316,937,1.4703311113539503,11.660061888028714,9.121618441915379
18216,18726,1273.3,14789,2024-11-01,0,4,0,True,False,False,False,False,False,False,False,True,True,False,False,44,1,0.9090909090909091,9150.0,115850.2,8752.0,92387.05,12999.0,118146.86,2599.9296785361953,10143.333333333334,3460.866924148733,510,0.8118241203271669,11.470481009137819,9.81011050303083
17324,19456,1234.33,13746,2024-12-01,0,4,1,True,False,False,False,False,False,False,False,True,False,True,False,48,1,1.0,18216.0,95843.37,4461.0,50800.29,11536.0,109244.41,6992.604450417596,11012.833333333334,4740.568169182544,2132,0.7934199134199135,11.309369812017238,9.759905824058103
7834,8611,490.02,4352,2025-01-01,0,4,1,True,False,False,False,False,False,False,False,True,False,True,False,1,0,0.0,17324.0,81581.48,9150.0,115850.2,13962.0,72613.05,4996.703846870782,11977.5,5409.964205057192,777,0.5554562858966178,11.391109520558425,8.966356154790121
8064,8067,855.19,14537,2025-02-01,0,4,0,True,False,False,False,False,False,False,False,True,True,False,False,5,0,0.09090909090909091,7834.0,88530.13,18216.0,95843.37,8752.0,92387.05,5753.8637453453775,10956.166666666666,5537.331213379487,3,1.8024798512089275,10.952236576468291,8.99528899055931
10220,10814,846.22,9077,2025-03-01,0,4,2,True,False,False,False,False,False,False,False,True,False,False,True,9,0,0.18181818181818182,8064.0,57080.57,17324.0,81581.48,4461.0,50800.29,5413.880308983564,10841.5,5598.885094373707,594,0.8880735740142843,11.43945178391906,9.232199706329077
9751,10553,807.38,5410,2025-04-01,0,4,1,True,False,False,False,False,False,False,False,True,False,True,False,14,0,0.2727272727272727,10220.0,92915.06,7834.0,88530.13,9150.0,115850.2,1316.1960340313965,11801.333333333334,4709.254151844722,802,0.5547579983593109,10.824701346230611,9.185227671161108
10489,10758,920.41,5429,2025-05-01,0,4,2,True,False,False,False,False,False,False,False,True,False,False,True,18,0,0.36363636363636365,9751.0,50245.76,8064.0,57080.57,18216.0,95843.37,1133.8919701629309,11901.5,4647.568643925562,269,0.5175405147759771,11.402445645787797,9.258177701390343
7667,7939,412.87,14547,2025-06-01,0,4,1,True,False,False,False,False,False,False,False,True,False,True,False,22,0,0.45454545454545453,10489.0,89539.44,10220.0,92915.06,17324.0,81581.48,373.4894019022506,10613.666666666666,3469.023762770548,272,1.8971048513302033,11.498374511463265,8.944811104165534
7894,8880,802.82,11152,2025-07-01,0,4,1,True,False,False,False,False,False,False,False,True,False,True,False,27,0,0.5454545454545454,7667.0,98554.44,9751.0,50245.76,7834.0,88530.13,1463.5222353395616,9004.166666666666,1287.008844828462,986,1.4125395820139328,10.880031637314945,8.973984926689743
8949,10002,653.72,5063,2025-08-01,0,4,2,True,False,False,False,False,False,False,False,True,False,False,True,31,0,0.6363636363636364,7894.0,53104.28,10489.0,89539.44,8064.0,57080.57,1567.8668098194157,9014.166666666666,1276.286710213145,1053,0.5656983240223463,11.426630921902852,9.099408811268901
1662,1709,103.46,9177,2025-09-01,0,4,2,True,False,False,False,False,False,False,False,True,False,False,True,36,0,0.7272727272727273,8949.0,91731.4,7667.0,98554.44,10220.0,92915.06,684.1147564553637,9161.666666666666,1192.9317946415445,47,5.518340348767288,11.543746092134976,7.416378479192928
3475,3792,224.14,13516,2025-10-01,0,4,0,True,False,False,False,False,False,False,False,True,True,False,False,40,1,0.8181818181818182,1662.0,103129.05,7894.0,53104.28,9751.0,50245.76,3938.087903200401,7735.333333333333,3163.3463715923785,317,3.888377445339471,11.494202376761988,8.153637486385282
8686,8798,918.54,5288,2025-11-01,0,4,0,True,False,False,False,False,False,False,False,True,True,False,False,44,1,0.9090909090909091,3475.0,98144.11,8949.0,91731.4,10489.0,89539.44,3793.6792607353273,6689.333333333333,3392.83460644144,112,0.6087256820536434,11.423790161317104,9.06958293425992
14840,16581,1553.75,13586,2025-12-01,0,4,2,True,False,False,False,False,False,False,False,True,False,False,True,49,1,1.0,8686.0,91471.18,1662.0,103129.05,7667.0,98554.44,3646.415271651508,6388.833333333333,3051.689461047214,1741,0.9154369651640725,11.179533499439296,9.605148899895818
12003,13676,1249.51,6359,2015-07-01,1,4,0,False,True,False,False,False,False,False,False,True,True,False,False,27,0,0.5454545454545454,3186.0,118602.28,11123.0,72328.29,10835.0,62939.81,4518.3256116988,9355.5,3058.516944533739,1673,0.5297400866377874,11.39610396688839,9.392995206560258
6904,7092,449.45,7810,2015-08-01,1,4,0,False,True,False,False,False,False,False,False,True,True,False,False,31,0,0.6363636363636364,12003.0,88973.4,10896.0,88769.8,9861.0,66943.87,4802.933790924043,9550.166666666666,3205.170661082911,188,1.1310644460535844,11.6403731140988,8.840001065843392
5111,5187,336.56,13268,2015-09-01,1,4,1,False,True,False,False,False,False,False,False,True,False,True,False,36,0,0.7272727272727273,6904.0,113591.54,3186.0,118602.28,10232.0,101853.8,4426.488713792607,9057.333333333334,3370.8713215823987,76,2.5954616588419404,11.11279186905915,8.53934599605737
12831,14369,650.53,10082,2015-10-01,1,4,2,False,True,False,False,False,False,False,False,True,False,False,True,40,1,0.8181818181818182,5111.0,67022.05,12003.0,88973.4,11123.0,72328.29,3575.71237657617,8203.833333333334,3650.6656607619757,1538,0.7856920199501247,11.499128219219084,9.459697330106296
7449,7695,657.0,7201,2015-11-01,1,4,1,False,True,False,False,False,False,False,False,True,False,True,False,44,1,0.9090909090909091,12831.0,98628.75,6904.0,113591.54,10896.0,88769.8,4040.267689151302,8488.5,3975.920660677223,246,0.9665771812080537,11.051709986557508,8.915969311373605
16262,17928,1029.38,14965,2015-12-01,1,4,2,False,True,False,False,False,False,False,False,True,False,False,True,49,1,1.0,7449.0,63050.68,5111.0,67022.05,3186.0,118602.28,3958.757549198149,7914.0,3803.7856932272102,1666,0.920186927381172,11.304845264576702,9.696647867928448
15269,16304,1081.05,11779,2016-01-01,1,4,0,False,True,False,False,False,False,False,False,True,True,False,False,53,0,0.0,16262.0,81213.19,12831.0,98628.75,12003.0,88973.4,4442.3464895630705,10093.333333333334,4270.411814645827,1035,0.7713817943680419,11.46217349772291,9.633645398212678
12910,12986,664.22,14206,2016-02-01,1,4,1,False,True,False,False,False,False,False,False,True,False,True,False,5,0,0.09090909090909091,15269.0,95050.44,7449.0,63050.68,6904.0,113591.54,4827.13541692517,10637.666666666666,4744.36489602841,76,1.1003020680040276,10.977613994736279,9.46583494017472
10416,10510,726.52,4217,2016-03-01,1,4,1,False,True,False,False,False,False,False,False,True,False,True,False,9,0,0.18181818181818182,12910.0,58547.69,16262.0,81213.19,5111.0,67022.05,1721.76430829929,11638.666666666666,4421.678806366045,94,0.4048190457905347,11.656259454763559,9.251194365984448
12155,12521,1010.08,8404,2016-04-01,1,4,0,False,True,False,False,False,False,False,False,True,True,False,False,13,0,0.2727272727272727,10416.0,115410.52,15269.0,95050.44,12831.0,98628.75,2426.8129305737593,12522.833333333334,3223.3583366834428,366,0.6913458374465284,11.379496238555133,9.405578154036684
215,219,11.06,5335,2016-05-01,1,4,2,False,True,False,False,False,False,False,False,True,False,False,True,17,0,0.36363636363636365,12155.0,87507.94,12910.0,58547.69,7449.0,63050.68,1278.94370478141,12410.166666666666,3222.2466334324336,4,24.699074074074073,11.626819169195404,5.375278407684165
5820,6203,426.9,5888,2016-06-01,1,4,2,False,True,False,False,False,False,False,False,True,False,False,True,22,0,0.45454545454545453,215.0,112062.3,10416.0,115410.52,16262.0,81213.19,6450.427918621627,11204.5,5784.487695552649,383,1.0115100498196186,11.439351796204871,8.669227347271736
12785,14297,899.42,4769,2016-07-01,1,4,0,False,True,False,False,False,False,False,False,True,True,False,False,26,0,0.5454545454545454,5820.0,92905.77,12155.0,87507.94,15269.0,95050.44,5973.718133066988,9464.166666666666,5523.467440536486,1512,0.37298607852338495,11.364539487273015,9.456106101326672
11715,11833,1013.93,3980,2016-08-01,1,4,1,False,True,False,False,False,False,False,False,True,False,True,False,31,0,0.6363636363636364,12785.0,86208.83,215.0,112062.3,12910.0,58547.69,6297.250061203965,9050.166666666666,5076.355598918054,118,0.3397063844315466,11.508409885067787,9.368710707947624
13362,13563,835.79,7175,2016-09-01,1,4,1,False,True,False,False,False,False,False,False,True,False,True,False,35,0,0.7272727272727273,11715.0,99548.46,5820.0,92905.77,10416.0,115410.52,3750.71437639996,8851.0,4915.525404267586,201,0.536930330015715,11.109341436521845,9.500244972781061
10758,11593,747.14,8215,2016-10-01,1,4,0,False,True,False,False,False,False,False,False,True,True,False,False,39,1,0.8181818181818182,13362.0,66791.19,12785.0,86208.83,12155.0,87507.94,835.7070858460775,9342.0,5239.567921117161,835,0.7635467980295566,11.291417076049024,9.283497892593909
5425,5434,275.05,8832,2016-11-01,1,4,2,False,True,False,False,False,False,False,False,True,False,False,True,44,1,0.9090909090909091,10758.0,80129.92,11715.0,99548.46,215.0,112062.3,1317.148055459222,9109.166666666666,5119.222183756696,9,1.6277183929229635,11.284058063636389,8.598957493218878
121,139,10.55,9832,2016-12-01,1,4,2,False,True,False,False,False,False,False,False,True,False,False,True,48,1,1.0,5425.0,79542.4,13362.0,66791.19,5820.0,92905.77,4045.937756977157,9977.5,3492.1353209748327,18,80.59016393442623,11.622882669646806,4.804021044733257
6923,7757,443.42,13873,2017-01-01,1,4,2,False,True,False,False,False,False,False,False,True,False,False,True,52,0,0.0,121.0,111622.03,10758.0,80129.92,12785.0,86208.83,5318.506588633068,9027.666666666666,5204.377606079969,834,2.0036106296938185,11.653095671820191,8.8427489162961
6521,7151,572.22,5390,2017-02-01,1,4,2,False,True,False,False,False,False,False,False,True,False,False,True,5,0,0.09090909090909091,6923.0,115045.96,5425.0,79542.4,11715.0,99548.46,3574.0645396149966,8050.666666666667,4899.237192325626,630,0.8264336093222938,11.260097663546219,8.782936356349264
9278,10038,460.65,4988,2017-03-01,1,4,1,False,True,False,False,False,False,False,False,True,False,True,False,9,0,0.18181818181818182,6521.0,77659.16,121.0,111622.03,13362.0,66791.19,3816.385899425444,7185.0,4570.09614778508,760,0.5375579265007006,11.293501487456549,9.13550906135318
9489,10197,493.9,5233,2017-04-01,1,4,0,False,True,False,False,False,False,False,False,True,True,False,False,13,0,0.2727272727272727,9278.0,80297.12,6923.0,115045.96,10758.0,80129.92,1489.3330722172304,6504.333333333333,3684.4096225401836,708,0.551422550052687,11.071759756834437,9.157993891603974
3928,4343,254.53,14604,2017-05-01,1,4,0,False,True,False,False,False,False,False,False,True,True,False,False,18,0,0.36363636363636365,9489.0,64327.61,6521.0,77659.16,5425.0,79542.4,1656.0290858959409,6292.833333333333,3418.202241919969,415,3.716976329854925,11.582451247768054,8.27614021955846
11562,12777,1186.26,3184,2017-06-01,1,4,0,False,True,False,False,False,False,False,False,True,True,False,False,22,0,0.45454545454545453,3928.0,107198.97,9278.0,80297.12,121.0,111622.03,3151.500753609304,6043.333333333333,3546.4442286135986,1215,0.27536106546743927,11.488723239620377,9.355565624128962
5659,6096,288.61,7245,2017-07-01,1,4,2,False,True,False,False,False,False,False,False,True,False,False,True,26,0,0.5454545454545454,11562.0,97607.83,9489.0,64327.61,6923.0,115045.96,3947.573220769102,7950.166666666667,2700.070474388898,437,1.280035335689046,11.379277151224983,8.641179171197228
9828,9926,502.7,9501,2017-08-01,1,4,1,False,True,False,False,False,False,False,False,True,False,True,False,31,0,0.6363636363636364,5659.0,87488.77,3928.0,107198.97,6521.0,77659.16,4002.49351446487,7739.5,2841.830167339355,98,0.9666293620917693,11.621022004299387,9.19309247856663
10381,10884,554.35,6903,2017-09-01,1,4,1,False,True,False,False,False,False,False,False,True,False,True,False,35,0,0.7272727272727273,9828.0,111414.53,11562.0,97607.83,9278.0,80297.12,3034.0491646203336,8290.666666666666,2878.693291524244,503,0.6649007898285494,11.63386210057675,9.247828816387175
5477,6185,551.26,11849,2017-10-01,1,4,0,False,True,False,False,False,False,False,False,True,True,False,False,39,1,0.8181818181818182,10381.0,112854.34,5659.0,87488.77,9489.0,64327.61,2581.4612786817747,8474.5,2987.516476942014,708,2.1630156991602774,11.62650001290768,8.608495349823023
15907,16243,999.75,6343,2017-11-01,1,4,0,False,True,False,False,False,False,False,False,True,True,False,False,44,1,0.9090909090909091,5477.0,112026.54,9828.0,111414.53,3928.0,107198.97,2685.958115831297,7805.833333333333,3159.0941370378146,336,0.3987301986421926,11.40714730655625,9.67457740632758
13476,15390,711.53,6329,2017-12-01,1,4,2,False,True,False,False,False,False,False,False,True,False,False,True,48,1,1.0,15907.0,89961.42,10381.0,112854.34,11562.0,97607.83,5218.0901998081,9802.333333333334,3913.4285564791753,1914,0.4696148994583364,11.625725975102993,9.508739807769159
2368,2385,207.44,8495,2018-01-01,1,4,2,False,True,False,False,False,False,False,False,True,False,False,True,1,0,0.0,13476.0,111939.86,5477.0,112026.54,5659.0,87488.77,5457.085027741458,10121.333333333334,4156.042572768797,17,3.585901224145209,10.89106715806582,7.7702232041587855
2728,2744,135.04,14740,2018-02-01,1,4,1,False,True,False,False,False,False,False,False,True,False,True,False,5,0,0.09090909090909091,2368.0,53693.57,15907.0,89961.42,9828.0,111414.53,7218.055439890534,9572.833333333334,4995.199592275236,16,5.4012458776108465,11.142454361593547,7.911690520708339
4731,5359,239.86,5759,2018-03-01,1,4,0,False,True,False,False,False,False,False,False,True,True,False,False,9,0,0.18181818181818182,2728.0,69039.9,13476.0,111939.86,10381.0,112854.34,6311.850864313363,8389.5,5712.181045800284,628,1.217032967032967,11.632478488828454,8.462103225098277
10915,12057,964.34,11116,2018-04-01,1,4,1,False,True,False,False,False,False,False,False,True,False,True,False,13,0,0.2727272727272727,4731.0,112698.3,2368.0,53693.57,5477.0,112026.54,1273.1442704318129,7447.833333333333,5783.479831958151,1142,1.0183217295712714,11.635315560697984,9.29798488182823
16359,17254,1153.31,5279,2018-05-01,1,4,2,False,True,False,False,False,False,False,False,True,False,False,True,18,0,0.36363636363636365,10915.0,113018.49,2728.0,69039.9,15907.0,89961.42,4267.724491263856,8354.166666666666,5838.691888314255,895,0.3226772616136919,11.460247949833132,9.702594610156739
7570,8501,492.81,7237,2018-06-01,1,4,1,False,True,False,False,False,False,False,False,True,False,True,False,22,0,0.45454545454545453,16359.0,94867.59,4731.0,112698.3,13476.0,111939.86,5817.923111672526,8429.5,5957.342184229476,931,0.9558842953374719,11.588448991896236,8.932080438103307
7992,8483,670.13,12589,2018-07-01,1,4,2,False,True,False,False,False,False,False,False,True,False,False,True,26,0,0.5454545454545454,7570.0,107843.86,10915.0,113018.49,2368.0,53693.57,4436.077133384103,7445.166666666667,5420.47479162727,491,1.5750031277367698,11.682469485629854,8.98632143762602
14958,14989,1308.08,12583,2018-08-01,1,4,2,False,True,False,False,False,False,False,False,True,False,False,True,31,0,0.6363636363636364,7992.0,118475.45,16359.0,94867.59,2728.0,69039.9,4957.003362247531,8382.5,4819.908246014649,31,0.841165853332442,11.466436610754576,9.613068404374461
5427,6137,539.72,11609,2018-09-01,1,4,1,False,True,False,False,False,False,False,False,True,False,True,False,35,0,0.7272727272727273,14958.0,95456.52,7570.0,107843.86,4731.0,112698.3,4149.011609206863,10420.833333333334,4527.528924995031,710,2.1387251289609432,11.031999847365027,8.59932602095476
11109,11914,801.51,5983,2018-10-01,1,4,1,False,True,False,False,False,False,False,False,True,False,True,False,40,1,0.8181818181818182,5427.0,61820.09,7992.0,118475.45,10915.0,113018.49,4931.9425179131995,10536.833333333334,4358.348834899137,805,0.5385238523852385,11.687582054144626,9.315600882633676
9189,9621,938.66,4782,2018-11-01,1,4,2,False,True,False,False,False,False,False,False,True,False,False,True,44,1,0.9090909090909091,11109.0,119082.72,14958.0,95456.52,16359.0,94867.59,4794.786856576628,10569.166666666666,4362.433147529789,432,0.5203482045701849,11.456314583559978,9.125871215349733
14037,15053,943.29,11581,2018-12-01,1,4,0,False,True,False,False,False,False,False,False,True,True,False,False,48,1,1.0,9189.0,94495.17,5427.0,61820.09,7570.0,107843.86,2890.333544766069,9374.166666666666,3315.679563327354,1016,0.8249750676734577,11.08403613951823,9.549523217290366
1688,1921,175.47,11887,2019-01-01,1,4,2,False,True,False,False,False,False,False,False,True,False,False,True,1,0,0.0,14037.0,65122.2,11109.0,119082.72,7992.0,118475.45,2441.4028753976654,10452.0,3646.5135129325927,233,7.037892243931321,10.836462525177527,7.4318919168078
13438,14220,840.55,14224,2019-02-01,1,4,0,False,True,False,False,False,False,False,False,True,True,False,False,5,0,0.09090909090909091,1688.0,50840.21,9189.0,94495.17,14958.0,95456.52,6221.815196012601,9401.333333333334,5111.125068579977,782,1.0584120842324578,11.590540088770965,9.505916206547065
9962,10229,641.05,11516,2019-03-01,1,4,0,False,True,False,False,False,False,False,False,True,True,False,False,9,0,0.18181818181818182,13438.0,108069.61,14037.0,65122.2,5427.0,61820.09,6963.226048319843,9148.0,4809.387986012358,267,1.1558767439526247,11.629648472328414,9.206633510044856
14301,14600,1527.35,9997,2019-04-01,1,4,1,False,True,False,False,False,False,False,False,True,False,True,False,14,0,0.2727272727272727,9962.0,112379.81,1688.0,50840.21,11109.0,119082.72,6036.06041498371,9903.833333333334,4450.620514789669,299,0.6989931478114949,11.405846250973978,9.568154666608342
11892,12905,838.39,7005,2019-05-01,1,4,1,False,True,False,False,False,False,False,False,True,False,True,False,18,0,0.36363636363636365,14301.0,89844.45,13438.0,108069.61,9189.0,94495.17,2296.891595178142,10435.833333333334,4800.512864962103,1013,0.5890019339107038,11.145155050470345,9.383705270727246
8596,9054,450.0,11583,2019-06-01,1,4,2,False,True,False,False,False,False,False,False,True,False,False,True,22,0,0.45454545454545453,11892.0,69226.61,9962.0,112379.81,14037.0,65122.2,2173.9020983782416,10886.333333333334,4786.9143575654925,458,1.3473304641153891,11.49044281361565,9.059168584174444
6164,6686,330.08,6188,2019-07-01,1,4,0,False,True,False,False,False,False,False,False,True,True,False,False,27,0,0.5454545454545454,8596.0,97775.82,14301.0,89844.45,1688.0,50840.21,2863.969331772483,9979.5,4581.650172154133,522,1.0037307380373073,11.122303500341818,8.726643415598444
7734,7815,645.02,9969,2019-08-01,1,4,1,False,True,False,False,False,False,False,False,True,False,True,False,31,0,0.6363636363636364,6164.0,67662.59,11892.0,69226.61,13438.0,108069.61,2874.839821624849,10725.5,3079.8559544238406,81,1.2888170652876536,10.896087075840775,8.953510763007166
6575,7546,455.65,10029,2019-09-01,1,4,1,False,True,False,False,False,False,False,False,True,False,True,False,35,0,0.7272727272727273,7734.0,53963.79,8596.0,97775.82,9962.0,112379.81,1233.0563652972205,9774.833333333334,2952.8419135921686,971,1.5250912408759123,11.478846414783998,8.791181936736017
10554,11418,902.37,13239,2019-10-01,1,4,2,False,True,False,False,False,False,False,False,True,False,False,True,40,1,0.8181818181818182,6575.0,96648.51,6164.0,67662.59,14301.0,89844.45,814.1562094176558,9210.333333333334,3221.438105360192,864,1.2542870677404074,10.937812310788082,9.264354960282422
12351,13295,1239.42,6416,2019-11-01,1,4,1,False,True,False,False,False,False,False,False,True,False,True,False,44,1,0.9090909090909091,10554.0,56263.12,7734.0,53963.79,11892.0,69226.61,2046.4653266872926,8585.833333333334,2255.609400287795,944,0.5194300518134715,11.170515434491191,9.421573272264558
7926,8613,411.36,5093,2019-12-01,1,4,1,False,True,False,False,False,False,False,False,True,False,True,False,48,1,1.0,12351.0,71004.7,6575.0,96648.51,8596.0,97775.82,2955.893153233609,8662.333333333334,2393.7208414238003,687,0.6424877002649174,11.642153247836562,8.978029932837156
8304,8877,524.4,10742,2020-01-01,1,4,1,False,True,False,False,False,False,False,False,True,False,True,False,1,0,0.0,7926.0,113793.93,10554.0,56263.12,6164.0,67662.59,2225.466917300726,8550.666666666666,2412.9843486161835,573,1.293437688139675,11.15683021012216,9.024613022047395
13825,15834,1374.9,9620,2020-02-01,1,4,2,False,True,False,False,False,False,False,False,True,False,False,True,5,0,0.09090909090909091,8304.0,70039.59,12351.0,71004.7,7734.0,53963.79,2452.947818442128,8907.333333333334,2131.3783021009353,2009,0.6957905395631419,11.337332261952234,9.53430615650521
9263,9727,804.49,3101,2020-03-01,1,4,1,False,True,False,False,False,False,False,False,True,False,True,False,9,0,0.18181818181818182,13825.0,83894.92,7926.0,113793.93,6575.0,96648.51,3302.083332281808,9922.5,2804.8964865035555,464,0.33473661485319517,11.368236745937809,9.133891199812776
8132,8438,814.83,6554,2020-04-01,1,4,2,False,True,False,False,False,False,False,False,True,False,False,True,14,0,0.2727272727272727,9263.0,86528.16,8304.0,70039.59,10554.0,56263.12,2949.9425418133137,10370.5,2339.323898052595,306,0.8058526988811017,11.19052398925193,9.003685138166775
7949,8894,713.03,5787,2020-05-01,1,4,0,False,True,False,False,False,False,False,False,True,True,False,False,18,0,0.36363636363636365,8132.0,72439.73,13825.0,83894.92,12351.0,71004.7,3013.891559650633,9966.833333333334,2504.464447075793,945,0.7279245283018868,11.638711766661666,8.980927207648378
5248,5703,339.28,3994,2020-06-01,1,4,0,False,True,False,False,False,False,False,False,True,True,False,False,23,0,0.45454545454545453,7949.0,113402.98,9263.0,86528.16,7926.0,113793.93,711.7169381151405,9233.166666666666,2303.0202271510047,455,0.7609068393979805,11.670438058655353,8.5657928612523
11723,11829,608.42,8232,2020-07-01,1,4,0,False,True,False,False,False,False,False,False,True,True,False,False,27,0,0.5454545454545454,5248.0,117058.55,8132.0,72439.73,8304.0,70039.59,1614.8449874007488,8786.833333333334,2810.590643737837,106,0.7021494370522006,11.276379627906213,9.369393301830783
4607,5003,326.87,11859,2020-08-01,1,4,1,False,True,False,False,False,False,False,False,True,False,True,False,31,0,0.6363636363636364,11723.0,78933.97,7949.0,113402.98,13825.0,83894.92,3252.2838641996377,9356.666666666666,3031.0653352685526,396,2.5735677083333335,11.457616962518014,8.435549202375727
10029,10380,531.04,12254,2020-09-01,1,4,2,False,True,False,False,False,False,False,False,True,False,False,True,36,0,0.7272727272727273,4607.0,94618.32,5248.0,117058.55,9263.0,86528.16,3936.452760205986,7820.333333333333,2621.76258777691,351,1.2217347956131606,11.273020472262532,9.21333588095598
2923,3338,192.48,3935,2020-10-01,1,4,0,False,True,False,False,False,False,False,False,True,True,False,False,40,1,0.8181818181818182,10029.0,78669.26,11723.0,78933.97,8132.0,72439.73,3717.1937443901584,7948.0,2722.7678564284565,415,1.3457592339261286,11.598859920621512,7.980707820869669
9563,10725,807.6,3739,2020-11-01,1,4,0,False,True,False,False,False,False,False,False,True,True,False,False,44,1,0.9090909090909091,2923.0,108972.49,4607.0,94618.32,7949.0,113402.98,3713.246019320562,7079.833333333333,3398.87666246757,1162,0.3909452112086993,11.380096339983767,9.165761328578215
13191,14894,1313.82,13203,2020-12-01,1,4,0,False,True,False,False,False,False,False,False,True,True,False,False,49,1,1.0,9563.0,87560.47,10029.0,78669.26,5248.0,117058.55,3974.9631444832285,7348.833333333333,3542.2679975782016,1703,1.0008338386901152,10.923862225593531,9.487365864239434
6006,6528,611.71,11043,2021-01-01,1,4,0,False,True,False,False,False,False,False,False,True,True,False,False,53,0,0.0,13191.0,55483.68,2923.0,108972.49,11723.0,78933.97,5207.107450398924,8672.666666666666,4048.222210633536,522,1.83835525220576,11.63764836397226,8.700680734850161
16194,17499,804.03,7401,2021-02-01,1,4,2,False,True,False,False,False,False,False,False,True,False,False,True,5,0,0.09090909090909091,6006.0,113282.45,9563.0,87560.47,4607.0,94618.32,3592.558466237302,7719.833333333333,3854.8604341359337,1305,0.45699289904291446,11.597780819412701,9.692457831605429
9365,9687,789.47,14286,2021-03-01,1,4,0,False,True,False,False,False,False,False,False,True,True,False,False,9,0,0.18181818181818182,16194.0,108854.96,13191.0,55483.68,10029.0,78669.26,5235.099139462401,9651.0,4775.878683551331,322,1.5253042921204356,11.363464554297687,9.144841389743487
6976,7095,499.13,11544,2021-04-01,1,4,1,False,True,False,False,False,False,False,False,True,False,True,False,13,0,0.2727272727272727,9365.0,86116.21,6006.0,113282.45,2923.0,108972.49,5191.555097784604,9540.333333333334,4773.0601365022285,119,1.6545793320911566,11.274265148915948,8.850374303939237
8033,9028,415.71,12673,2021-05-01,1,4,2,False,True,False,False,False,False,False,False,True,False,False,True,17,0,0.36363636363636365,6976.0,78767.24,16194.0,108854.96,9563.0,87560.47,4783.898096740771,10215.833333333334,3846.0218104772443,995,1.5774209609161065,11.09642893383929,8.991437814919227
2784,2834,145.74,7487,2021-06-01,1,4,1,False,True,False,False,False,False,False,False,True,False,True,False,22,0,0.45454545454545453,8033.0,65934.28,9365.0,86116.21,13191.0,55483.68,1197.1350522532196,9960.833333333334,3947.3494609252252,50,2.688330341113106,11.505376845697482,7.932003152361385
14909,15392,997.41,12573,2021-07-01,1,4,0,False,True,False,False,False,False,False,False,True,True,False,False,26,0,0.5454545454545454,2784.0,99246.98,6976.0,78767.24,6006.0,113282.45,2776.151833023547,8226.333333333334,4492.8800859433895,483,0.8432595573440644,11.422585244432824,9.609787407758784
18572,20884,1351.11,9580,2021-08-01,1,4,2,False,True,False,False,False,False,False,False,True,False,False,True,30,0,0.6363636363636364,14909.0,91361.03,8033.0,65934.28,16194.0,108854.96,6080.666109344708,9710.166666666666,5048.71157491361,2312,0.5158025090184677,10.886504909900536,9.829464192187341
7002,7731,752.01,4699,2021-09-01,1,4,2,False,True,False,False,False,False,False,False,True,False,False,True,35,0,0.7272727272727273,18572.0,53449.16,2784.0,99246.98,9365.0,86116.21,8263.313883263378,10106.5,5709.587682136075,729,0.6709981436527203,11.301084176771454,8.854093907655518
12459,12777,816.69,13582,2021-10-01,1,4,2,False,True,False,False,False,False,False,False,True,False,False,True,39,1,0.8181818181818182,7002.0,80908.31,14909.0,91361.03,6976.0,78767.24,5913.305871788916,9712.666666666666,5850.716662654812,318,1.090048154093098,11.633551832302985,9.430278792341444
9990,10820,717.78,5129,2021-11-01,1,4,0,False,True,False,False,False,False,False,False,True,True,False,False,44,1,0.9090909090909091,12459.0,112819.33,18572.0,53449.16,8033.0,65934.28,5788.098680338241,10626.5,5765.360032122885,830,0.5133620258232409,11.397737484244258,9.209439966733019
1560,1781,168.01,5767,2021-12-01,1,4,1,False,True,False,False,False,False,False,False,True,False,True,False,48,1,1.0,9990.0,89118.86,7002.0,80908.31,2784.0,99246.98,2732.6102905463804,10952.666666666666,5643.35827913368,221,3.6944266495836002,10.982694604937782,7.353081920515432
4983,5420,247.41,6835,2022-01-01,1,4,1,False,True,False,False,False,False,False,False,True,False,True,False,52,0,0.0,1560.0,58845.91,12459.0,112819.33,14909.0,91361.03,5714.733327111597,10748.666666666666,6008.041932831915,437,1.3713884430176566,11.302266036695341,8.51398806046729
12927,14163,1279.77,11358,2022-02-01,1,4,1,False,True,False,False,False,False,False,False,True,False,True,False,5,0,0.09090909090909091,4983.0,81003.99,9990.0,89118.86,18572.0,53449.16,4239.730298026043,9094.333333333334,5999.941088599676,1236,0.8785581683168316,11.393476617619642,9.467150780760877
14670,15394,1027.63,14758,2022-03-01,1,4,1,False,True,False,False,False,False,False,False,True,False,True,False,9,0,0.18181818181818182,12927.0,88739.94,1560.0,58845.91,7002.0,80908.31,5831.419981445342,8153.5,4462.031588861738,724,1.0059300661168291,10.996706154727496,9.593628035139645
14226,15780,955.99,12770,2022-04-01,1,4,0,False,True,False,False,False,False,False,False,True,True,False,False,13,0,0.2727272727272727,14670.0,59676.25,4983.0,81003.99,12459.0,112819.33,5163.705936631168,9431.5,5116.400013681495,1554,0.8975890911646869,10.819872279992559,9.562896846651167
21772,23530,1169.16,13826,2022-05-01,1,4,2,False,True,False,False,False,False,False,False,True,False,False,True,17,0,0.36363636363636365,14226.0,50003.7,12927.0,88739.94,9990.0,89118.86,905.7764624894727,9726.0,5370.080781515302,1758,0.6350066596243054,11.402621305171193,9.988425949052319
13128,13872,1299.67,8526,2022-06-01,1,4,0,False,True,False,False,False,False,False,False,True,True,False,False,22,0,0.45454545454545453,21772.0,89555.17,14670.0,59676.25,1560.0,58845.91,4234.336941403371,11689.666666666666,7295.057742517646,744,0.6494020869830147,10.831085516039247,9.48257880293411
5763,6322,496.19,8132,2022-07-01,1,4,0,False,True,False,False,False,False,False,False,True,True,False,False,26,0,0.5454545454545454,13128.0,50567.57,14226.0,50003.7,4983.0,81003.99,4705.784667123355,13617.666666666666,5352.473994954729,559,1.410825815405968,11.32055442080726,8.659386957119413
1388,1438,68.71,12269,2022-08-01,1,4,1,False,True,False,False,False,False,False,False,True,False,True,False,31,0,0.6363636363636364,5763.0,82499.07,21772.0,89555.17,12927.0,88739.94,8013.010690953388,13747.666666666666,5104.543257399886,50,8.83297336213103,11.263131679925129,7.236339342754344
15489,17302,815.5,12600,2022-09-01,1,4,2,False,True,False,False,False,False,False,False,True,False,False,True,35,0,0.7272727272727273,1388.0,77895.14,13128.0,50567.57,14670.0,59676.25,5933.1196122557085,11824.5,7213.574086401274,1813,0.8134280180761781,11.082931929542553,9.647949933410914
15676,17413,1055.78,9403,2022-10-01,1,4,0,False,True,False,False,False,False,False,False,True,True,False,False,39,1,0.8181818181818182,15489.0,65050.33,5763.0,82499.07,14226.0,50003.7,7217.731661216932,11961.0,7285.576874894669,1737,0.5997958793136442,11.44855556961453,9.659949949068531
12567,12749,1078.25,14261,2022-11-01,1,4,1,False,True,False,False,False,False,False,False,True,False,True,False,44,1,0.9090909090909091,15676.0,93764.81,1388.0,77895.14,21772.0,89555.17,8195.731755005161,12202.666666666666,7398.901747331603,182,1.134707192870783,11.434419775478831,9.438909179935457
8901,9137,595.48,3098,2022-12-01,1,4,0,False,True,False,False,False,False,False,False,True,True,False,False,48,1,1.0,12567.0,92448.68,15489.0,65050.33,13128.0,50567.57,1743.5086272609267,10668.5,5799.264255058564,236,0.34801168276791733,10.858948996313522,9.0940312495758
14836,16172,999.2,5788,2023-01-01,1,4,1,False,True,False,False,False,False,False,False,True,False,True,False,52,0,0.0,8901.0,51996.4,15676.0,93764.81,5763.0,82499.07,3391.313953813963,9964.0,5696.566053334233,1336,0.39010581653973175,11.489956793039871,9.604879339950793
7526,8104,501.23,8685,2023-02-01,1,4,0,False,True,False,False,False,False,False,False,True,True,False,False,5,0,0.09090909090909091,14836.0,97728.31,12567.0,92448.68,1388.0,77895.14,2994.777175906965,11476.166666666666,5560.978669862584,578,1.1538461538461537,11.200172528399985,8.926251835034533
11869,12314,1212.42,13305,2023-03-01,1,4,2,False,True,False,False,False,False,False,False,True,False,False,True,9,0,0.18181818181818182,7526.0,73142.06,8901.0,51996.4,15489.0,65050.33,3884.8198156413864,12499.166666666666,3526.3566136547547,445,1.12089300758214,11.279660994503494,9.381769487603714
13656,14463,880.81,14925,2023-04-01,1,4,1,False,True,False,False,False,False,False,False,True,False,True,False,13,0,0.2727272727272727,11869.0,79193.41,14836.0,97728.31,15676.0,93764.81,3676.5209551059684,11895.833333333334,3207.7997080033892,807,1.0928461594786556,11.486548018844614,9.522007489678424
10263,10424,521.87,14655,2023-05-01,1,4,0,False,True,False,False,False,False,False,False,True,True,False,False,18,0,0.36363636363636365,13656.0,97395.74,7526.0,73142.06,12567.0,92448.68,3152.5629256209895,11559.166666666666,2813.4802232584875,161,1.4278059236165237,11.60897528026768,9.236397906295473
9414,10245,465.99,5943,2023-06-01,1,4,0,False,True,False,False,False,False,False,False,True,True,False,False,22,0,0.45454545454545453,10263.0,110080.39,11869.0,79193.41,8901.0,51996.4,1697.3044315423508,11175.166666666666,2805.6350023954706,831,0.6312267657992565,10.99782655705067,9.150059441091253
20021,21439,1405.47,5427,2023-07-01,1,4,2,False,True,False,False,False,False,False,False,True,False,False,True,26,0,0.5454545454545454,9414.0,59743.15,13656.0,97395.74,14836.0,97728.31,2244.5420468327106,11260.666666666666,2729.247197794042,1418,0.27105184297273,11.501691904129524,9.904586947979428
10695,11633,715.5,6649,2023-08-01,1,4,0,False,True,False,False,False,False,False,False,True,True,False,False,31,0,0.6363636363636364,20021.0,98881.93,10263.0,110080.39,7526.0,73142.06,5894.1752886500835,12124.833333333334,4398.265085993184,938,0.6216342557965595,11.151422168991997,9.27762511878178
10273,10978,674.94,10106,2023-09-01,1,4,1,False,True,False,False,False,False,False,False,True,False,True,False,35,0,0.7272727272727273,10695.0,69661.83,9414.0,59743.15,11869.0,79193.41,5789.698984691112,12653.0,3897.3086611147387,705,0.9836480436052171,11.4059465292658,9.237371711027214
15912,17626,1164.76,9720,2023-10-01,1,4,2,False,True,False,False,False,False,False,False,True,False,False,True,39,1,0.8181818181818182,10273.0,89853.46,20021.0,98881.93,13656.0,97395.74,5510.230848158719,12387.0,4014.23173222473,1714,0.6108213410419154,11.257298364759713,9.674891664210184
11523,12683,573.85,11006,2023-11-01,1,4,1,False,True,False,False,False,False,False,False,True,False,True,False,44,1,0.9090909090909091,15912.0,77442.07,10695.0,69661.83,10263.0,110080.39,3140.9524563949217,12763.0,4255.285889338102,1160,0.9550503297466157,11.689517556345654,9.35218709620442
9107,10401,468.56,11485,2023-12-01,1,4,2,False,True,False,False,False,False,False,False,True,False,False,True,48,1,1.0,11523.0,119313.43,10273.0,89853.46,9414.0,59743.15,2961.5351312002513,12973.0,4136.672334135247,1294,1.2609793588054459,11.211313622188591,9.11690842718363
14668,16401,1060.5,11255,2024-01-01,1,4,2,False,True,False,False,False,False,False,False,True,False,False,True,1,0,0.0,9107.0,73961.51,15912.0,77442.07,20021.0,98881.93,3449.8406243380714,12921.833333333334,4191.039413637937,1733,0.7672642988615448,11.123917393907147,9.593491702487762
9475,9859,803.01,13613,2024-02-01,1,4,2,False,True,False,False,False,False,False,False,True,False,False,True,5,0,0.09090909090909091,14668.0,67771.88,11523.0,119313.43,10695.0,69661.83,2788.4524381814313,12029.666666666666,2672.0486273020233,384,1.4365766146053187,11.694867449735835,9.156517565278676
14419,16473,1475.06,12464,2024-03-01,1,4,2,False,True,False,False,False,False,False,False,True,False,False,True,9,0,0.18181818181818182,9475.0,119953.46,9107.0,73961.51,10273.0,89853.46,3109.860500622706,11826.333333333334,2835.353217267053,2054,0.8643550624133148,11.574919313673432,9.57637141083894
15319,17286,804.25,7906,2024-04-01,1,4,2,False,True,False,False,False,False,False,False,True,False,False,True,14,0,0.2727272727272727,14419.0,106394.58,14668.0,67771.88,15912.0,77442.07,2928.9470804369207,12517.333333333334,2885.8388497396427,1967,0.5160574412532637,10.972041756008368,9.636914443294582
15642,17561,997.18,14231,2024-05-01,1,4,2,False,True,False,False,False,False,False,False,True,False,False,True,18,0,0.36363636363636365,15319.0,58222.35,9475.0,119953.46,11523.0,119313.43,3146.5714674864703,12418.5,2753.444951329145,1919,0.9097359841462636,11.161020697058252,9.657778811561771
3651,4028,363.64,4951,2024-06-01,1,4,2,False,True,False,False,False,False,False,False,True,False,False,True,22,0,0.45454545454545453,15642.0,70333.71,14419.0,106394.58,9107.0,73961.51,633.7794043145288,13105.0,2988.9340574860385,377,1.3556955093099672,11.40300456655607,8.20303024171486
4031,4541,212.23,4146,2024-07-01,1,4,1,False,True,False,False,False,False,False,False,True,False,True,False,27,0,0.5454545454545454,3651.0,89589.5,15319.0,58222.35,14668.0,67771.88,6831.6741969544555,12195.666666666666,4756.078706946157,510,1.0282738095238095,11.311200636327092,8.302017809751204
8042,8208,572.99,6533,2024-08-01,1,4,2,False,True,False,False,False,False,False,False,True,False,False,True,31,0,0.6363636363636364,4031.0,81730.98,15642.0,70333.71,9475.0,119953.46,6815.959237945407,10422.833333333334,5564.047893994681,166,0.8122591072982718,11.483892147637302,8.99255742690407
9792,10913,647.74,7457,2024-09-01,1,4,1,False,True,False,False,False,False,False,False,True,False,True,False,35,0,0.7272727272727273,8042.0,97137.41,3651.0,89589.5,14419.0,106394.58,2432.879021516143,10184.0,5643.064344839599,1121,0.7614622689676299,10.950533000634412,9.189423123720795
5697,6406,481.97,13090,2024-10-01,1,4,2,False,True,False,False,False,False,False,False,True,False,False,True,40,1,0.8181818181818182,9792.0,56983.41,4031.0,81730.98,15319.0,58222.35,2953.521683233988,9412.833333333334,5251.116582848513,709,2.2972972972972974,11.223674963175943,8.647870515057853
5572,5749,470.56,4059,2024-11-01,1,4,2,False,True,False,False,False,False,False,False,True,False,False,True,44,1,0.9090909090909091,5697.0,74881.46,8042.0,97137.41,15642.0,70333.71,2054.6917854834883,7809.166666666667,4502.560578900261,177,0.7283330342723847,11.241176188726625,8.625688787569537
6662,7463,481.66,12869,2024-12-01,1,4,2,False,True,False,False,False,False,False,False,True,False,False,True,48,1,1.0,5572.0,76203.53,9792.0,56983.41,3651.0,89589.5,2401.147295218128,6130.833333333333,2371.3320658791467,801,1.9314122767522137,11.644448078849017,8.804325112562537
13291,14566,1164.29,8126,2025-01-01,1,4,2,False,True,False,False,False,False,False,False,True,False,False,True,1,0,0.0,6662.0,114055.37,5697.0,74881.46,4031.0,81730.98,596.5106872470985,6632.666666666667,2036.5472414522233,1275,0.611345170027084,11.036590957941169,9.494917629474484
1589,1658,140.39,14464,2025-02-01,1,4,2,False,True,False,False,False,False,False,False,True,False,False,True,5,0,0.09090909090909091,13291.0,62104.57,5572.0,76203.53,8042.0,97137.41,4177.61299468169,8176.0,2966.8532151085583,69,9.09685534591195,11.038206254828813,7.371489295214277
10934,11208,764.29,4283,2025-03-01,1,4,1,False,True,False,False,False,False,False,False,True,False,True,False,9,0,0.18181818181818182,1589.0,62204.97,6662.0,114055.37,9792.0,56983.41,5868.2162820854965,7100.5,4011.022350972379,274,0.3916780978509374,11.682608912903017,9.299723933110869
12364,13649,864.24,3518,2025-04-01,1,4,2,False,True,False,False,False,False,False,False,True,False,False,True,14,0,0.2727272727272727,10934.0,118491.97,13291.0,62104.57,5697.0,74881.46,6188.98588892666,7290.833333333333,4187.497840795462,1285,0.28451273756570966,11.614889097748529,9.422625179955517
7394,7616,486.89,10619,2025-05-01,1,4,1,False,True,False,False,False,False,False,False,True,False,True,False,18,0,0.36363636363636365,12364.0,110733.32,1589.0,62204.97,5572.0,76203.53,5851.987554099318,8402.0,4548.939612700963,222,1.4359702501690332,11.554060114608777,8.9085593751449
6182,6357,382.97,8550,2025-06-01,1,4,2,False,True,False,False,False,False,False,False,True,False,False,True,22,0,0.45454545454545453,7394.0,104198.24,10934.0,118491.97,6662.0,114055.37,2558.560793362804,8705.666666666666,4379.911901701524,175,1.3828238719068413,11.65143479706964,8.729558869558568
6151,6333,548.05,9796,2025-07-01,1,4,1,False,True,False,False,False,False,False,False,True,False,True,False,27,0,0.5454545454545454,6182.0,114855.04,12364.0,110733.32,13291.0,62104.57,3275.8451326845893,8625.666666666666,4428.816124729797,182,1.592327698309493,11.333502582956326,8.72453251118548
11152,11731,705.92,6943,2025-08-01,1,4,0,False,True,False,False,False,False,False,False,True,True,False,False,31,0,0.6363636363636364,6151.0,83574.24,7394.0,104198.24,1589.0,62204.97,708.8669362675421,7435.666666666667,3845.363476534651,579,0.6225230879583968,11.554152817321896,9.319463798994537
6670,7585,427.21,6633,2025-09-01,1,4,2,False,True,False,False,False,False,False,False,True,False,False,True,36,0,0.7272727272727273,11152.0,104207.9,6182.0,114855.04,10934.0,118491.97,2878.421500290275,9029.5,2768.389260924118,915,0.9943037025933144,11.268295091399379,8.805525052709516
8720,9521,752.1,8707,2025-10-01,1,4,2,False,True,False,False,False,False,False,False,True,False,False,True,40,1,0.8181818181818182,6670.0,78298.39,6151.0,83574.24,12364.0,110733.32,2749.778354704245,8318.833333333334,2728.7261802289095,801,0.9983946795092306,11.494567279964818,9.073489189226986
8475,9309,528.84,6826,2025-11-01,1,4,1,False,True,False,False,False,False,False,False,True,False,True,False,44,1,0.9090909090909091,8720.0,98179.93,11152.0,104207.9,7394.0,104198.24,2243.7115084906322,7711.5,1939.8026446007316,834,0.8053327041057102,11.469676882832887,9.04499391938819
5817,6426,502.59,4756,2025-12-01,1,4,0,False,True,False,False,False,False,False,False,True,True,False,False,49,1,1.0,8475.0,95766.33,6670.0,78298.39,6182.0,114855.04,1119.5646475304527,7891.666666666667,1954.5606838025412,609,0.8174630457201788,11.313715701826585,8.668711839055147
11159,11759,781.69,12799,2015-07-01,2,4,0,False,False,True,False,False,False,False,False,True,True,False,False,27,0,0.5454545454545454,22315.0,81318.87,9951.0,88467.02,10348.0,85599.95,9507.479389056458,10434.333333333334,6569.056695345737,600,1.146863799283154,11.620927847821754,9.320091235935301
787,894,51.23,10587,2015-08-01,2,4,0,False,False,True,False,False,False,False,False,True,True,False,False,31,0,0.6363636363636364,11159.0,111404.04,3622.0,110530.57,11172.0,61256.56,9404.705861074728,10569.5,6575.265736074854,107,13.435279187817258,11.230145623591318,6.669498089857879
10783,11226,771.52,12956,2015-09-01,2,4,0,False,False,True,False,False,False,False,False,True,True,False,False,36,0,0.7272727272727273,787.0,75367.57,22315.0,81318.87,5198.0,67517.0,10766.379026085482,8838.666666666666,7661.986600527742,443,1.2014094955489614,11.394068277619418,9.285818833152089
15787,16541,1153.24,10390,2015-10-01,2,4,0,False,False,True,False,False,False,False,False,True,True,False,False,40,1,0.8181818181818182,10783.0,88792.46,11159.0,111404.04,9951.0,88467.02,5882.739951190546,9769.5,7468.031434052752,754,0.6580947555105143,11.449062981934063,9.667005436782738
13281,14670,948.26,12032,2015-11-01,2,4,1,False,False,True,False,False,False,False,False,True,False,True,False,44,1,0.9090909090909091,15787.0,93812.4,787.0,75367.57,3622.0,110530.57,7637.190059177526,10742.166666666666,7865.854674901302,1389,0.9058876675199519,11.488743934255263,9.494165014100659
7294,7513,495.63,9983,2015-12-01,2,4,1,False,False,True,False,False,False,False,False,True,False,True,False,49,1,1.0,13281.0,97609.85,10783.0,88792.46,22315.0,81318.87,2502.001065813797,12352.0,7064.812382505286,219,1.368471555860178,11.343472195472492,8.894944460956886
7497,8301,471.19,5850,2016-01-01,2,4,2,False,False,True,False,False,False,False,False,True,False,False,True,53,0,0.0,7294.0,84411.62,15787.0,93812.4,11159.0,111404.04,4363.776155273477,9848.5,5258.798180192885,804,0.7802080554814618,11.640731700111925,8.922391597295857
11285,12244,824.37,7849,2016-02-01,2,4,0,False,False,True,False,False,False,False,False,True,True,False,False,5,0,0.09090909090909091,7497.0,113632.28,13281.0,97609.85,787.0,75367.57,3399.5106020327908,9238.166666666666,5288.702919116054,959,0.6954634059897218,11.529708242990386,9.331318298529085
5249,5829,529.89,4148,2016-03-01,2,4,0,False,False,True,False,False,False,False,False,True,True,False,False,9,0,0.18181818181818182,11285.0,101691.44,7294.0,84411.62,10783.0,88792.46,2247.8965723538104,10987.833333333334,3293.970274101859,580,0.7900952380952381,11.611836426897797,8.565983355585669
12146,12776,1271.69,12869,2016-04-01,2,4,2,False,False,True,False,False,False,False,False,True,False,False,True,13,0,0.2727272727272727,5249.0,110395.8,7497.0,113632.28,15787.0,93812.4,3050.566723304595,10065.5,4050.660674507309,630,1.0594385444965835,11.680925878645892,9.404837504700271
15206,15358,1525.92,11849,2016-05-01,2,4,0,False,False,True,False,False,False,False,False,True,True,False,False,17,0,0.36363636363636365,12146.0,118292.71,11285.0,101691.44,13281.0,97609.85,3758.173891666007,9458.666666666666,3206.95174062016,152,0.7791806404945091,11.36546389640487,9.629511127140459
9163,10262,793.06,11796,2016-06-01,2,4,0,False,False,True,False,False,False,False,False,True,True,False,False,22,0,0.45454545454545453,15206.0,86288.56,5249.0,110395.8,7294.0,84411.62,5100.22970070957,9779.5,3720.93271909074,1099,1.2872108249672631,11.071058112092595,9.123038043573386
6006,6682,322.52,3827,2016-07-01,2,4,1,False,False,True,False,False,False,False,False,True,False,True,False,26,0,0.5454545454545454,9163.0,64282.49,12146.0,118292.71,7497.0,113632.28,3021.581760160294,10091.0,3545.3312962260675,676,0.6370900615948061,11.471977004120111,8.700680734850161
17493,19586,936.75,9396,2016-08-01,2,4,1,False,False,True,False,False,False,False,False,True,False,True,False,31,0,0.6363636363636364,6006.0,95986.86,15206.0,86288.56,11285.0,101691.44,4674.835077304869,9842.5,3806.1725000320216,2093,0.5370984337487138,11.260854136026559,9.7696132439798
11327,11802,718.7,13929,2016-09-01,2,4,0,False,False,True,False,False,False,False,False,True,True,False,False,35,0,0.7272727272727273,17493.0,77717.93,9163.0,64282.49,5249.0,110395.8,5934.457543308686,10877.166666666666,4948.957038272476,475,1.2296080508474576,11.609007346935831,9.3350328159335
8723,9386,563.94,11427,2016-10-01,2,4,1,False,False,True,False,False,False,False,False,True,False,True,False,39,1,0.8181818181818182,11327.0,110083.92,6006.0,95986.86,12146.0,118292.71,5748.677616055136,11890.166666666666,4118.97935982528,663,1.3098349381017882,11.619054904929978,9.07383312732152
9894,10915,638.16,3330,2016-11-01,2,4,1,False,False,True,False,False,False,False,False,True,False,True,False,44,1,0.9090909090909091,8723.0,111195.58,17493.0,77717.93,15206.0,86288.56,4503.947749844949,11319.666666666666,4309.121194242125,1021,0.33653360282971195,10.999424766379931,9.199784858036667
12374,13537,1226.88,8722,2016-12-01,2,4,0,False,False,True,False,False,False,False,False,True,True,False,False,48,1,1.0,9894.0,59838.71,11327.0,110083.92,9163.0,64282.49,1304.1948985229715,10434.333333333334,3874.756129960526,1163,0.7048080808080808,11.65136287837013,9.423433587436891
8095,9052,693.34,13919,2017-01-01,2,4,0,False,False,True,False,False,False,False,False,True,True,False,False,52,0,0.0,12374.0,114846.78,8723.0,111195.58,6006.0,95986.86,1864.1996495368594,10969.5,3885.775945676746,957,1.7192440711462451,11.63010431814513,8.999125391527247
10693,11944,684.89,6634,2017-02-01,2,4,2,False,False,True,False,False,False,False,False,True,False,False,True,5,0,0.09090909090909091,8095.0,112431.05,9894.0,59838.71,17493.0,77717.93,2148.5127414097437,11317.666666666666,3417.466059329145,1251,0.620347858612306,11.315214496303446,9.277438115508676
13529,15008,949.74,3350,2017-03-01,2,4,2,False,False,True,False,False,False,False,False,True,False,False,True,9,0,0.18181818181818182,10693.0,82059.7,12374.0,114846.78,11327.0,110083.92,2155.814076708228,10184.333333333334,1608.985477456733,1479,0.24759793052475979,10.945158168580097,9.512664721164834
7609,8283,473.66,9533,2017-04-01,2,4,0,False,False,True,False,False,False,False,False,True,True,False,False,13,0,0.2727272727272727,13529.0,56677.95,8095.0,112431.05,8723.0,111195.58,2717.868527602716,10551.333333333334,2098.4349088467516,674,1.2526938239159002,11.474932797460133,8.937218450855731
8560,9524,722.89,6315,2017-05-01,2,4,0,False,False,True,False,False,False,False,False,True,True,False,False,18,0,0.36363636363636365,7609.0,96271.0,10693.0,82059.7,9894.0,59838.71,2960.865639189552,10365.666666666666,2329.1558699809407,964,0.737647471089826,10.952508606263274,9.054972284742485
10303,10612,907.18,11855,2017-06-01,2,4,2,False,False,True,False,False,False,False,False,True,False,False,True,22,0,0.45454545454545453,8560.0,57096.1,13529.0,56677.95,12374.0,114846.78,3179.144591448043,10143.333333333334,2444.0214947227187,309,1.1505240683229814,11.442243846924576,9.240287448344136
14085,14963,1462.02,11357,2017-07-01,2,4,0,False,False,True,False,False,False,False,False,True,True,False,False,26,0,0.5454545454545454,10303.0,93174.85,7609.0,96271.0,8095.0,112431.05,1366.2653475807672,9798.166666666666,2200.044764696089,878,0.8062615362771546,11.290120606293192,9.552936675305356
16799,19039,1199.45,4877,2017-08-01,2,4,1,False,False,True,False,False,False,False,False,True,False,True,False,31,0,0.6363636363636364,14085.0,80026.1,8560.0,57096.1,10693.0,82059.7,2824.511698211455,10796.5,2596.0405043065116,2240,0.290297619047619,11.413298149732483,9.72913416539135
11470,11834,772.5,10794,2017-09-01,2,4,0,False,False,True,False,False,False,False,False,True,True,False,False,35,0,0.7272727272727273,16799.0,90516.47,10303.0,93174.85,13529.0,56677.95,3262.5995770244413,11814.166666666666,3563.777569751889,364,0.9409816057885102,11.692703623400309,9.347577390281268
12292,13774,1279.6,9066,2017-10-01,2,4,2,False,False,True,False,False,False,False,False,True,False,False,True,39,1,0.8181818181818182,11470.0,119694.18,14085.0,80026.1,7609.0,96271.0,2664.6532607452077,11471.0,3463.34433748653,1482,0.7374928821280403,10.995434174929136,9.41678527366734
7895,8875,489.1,5453,2017-11-01,2,4,2,False,False,True,False,False,False,False,False,True,False,False,True,44,1,0.9090909090909091,12292.0,59600.39,16799.0,90516.47,8560.0,57096.1,2869.0002323690032,12251.5,2900.9545153276727,980,0.6906028368794326,11.034092410821462,8.974111581113318
7884,8392,393.81,11819,2017-12-01,2,4,0,False,False,True,False,False,False,False,False,True,True,False,False,48,1,1.0,7895.0,61949.59,11470.0,119694.18,10303.0,93174.85,2337.73102245176,12140.666666666666,3077.5282722773936,508,1.4989220038046924,11.591435675893324,8.972717499397138
14636,16424,748.63,6064,2018-01-01,2,4,2,False,False,True,False,False,False,False,False,True,False,False,True,1,0,0.0,7884.0,108166.44,12292.0,59600.39,14085.0,80026.1,2541.7905106440226,11737.5,3496.3647836002483,1788,0.4142925462868074,11.438516201278922,9.591307848483947
2362,2372,145.97,12448,2018-02-01,2,4,1,False,False,True,False,False,False,False,False,True,False,True,False,5,0,0.09090909090909091,14636.0,92828.17,7895.0,61949.59,16799.0,90516.47,3895.0974741761397,11829.333333333334,3576.6682634354947,10,5.267879813796022,11.41673026364987,7.767687277186908
14733,16046,967.96,9904,2018-03-01,2,4,1,False,False,True,False,False,False,False,False,True,False,True,False,9,0,0.18181818181818182,2362.0,90827.67,7884.0,108166.44,11470.0,119694.18,6147.263130857503,9423.166666666666,4339.533726872815,1313,0.6721867788787838,11.431948679515173,9.59791302724276
15674,17727,1361.29,12749,2018-04-01,2,4,0,False,False,True,False,False,False,False,False,True,True,False,False,13,0,0.2727272727272727,14733.0,92220.51,14636.0,92828.17,12292.0,59600.39,7114.564006318308,9967.0,4824.6873473832475,2053,0.8133333333333334,11.69266719687578,9.659822365501121
12023,12399,780.89,10142,2018-05-01,2,4,0,False,False,True,False,False,False,False,False,True,True,False,False,18,0,0.36363636363636365,15674.0,119689.82,2362.0,90827.67,7895.0,61949.59,7428.957598479077,10530.666666666666,5322.517136343167,376,0.8434797072521624,10.898600000823432,9.39465993143281
8352,9537,848.15,3926,2018-06-01,2,4,1,False,False,True,False,False,False,False,False,True,False,True,False,22,0,0.45454545454545453,12023.0,54099.57,14733.0,92220.51,7884.0,108166.44,1895.5817928365443,11218.666666666666,5178.536459914777,1185,0.47001077457201007,11.59866802067981,9.030376034755907
12748,13681,806.95,8029,2018-07-01,2,4,0,False,False,True,False,False,False,False,False,True,True,False,False,26,0,0.5454545454545454,8352.0,108951.58,15674.0,119689.82,14636.0,92828.17,3661.0045524873876,11296.666666666666,5121.4738373506,933,0.6297748843046513,10.990765010706928,9.453208116138121
6662,7067,334.77,12400,2018-08-01,2,4,2,False,False,True,False,False,False,False,False,True,False,False,True,31,0,0.6363636363636364,12748.0,59322.75,12023.0,54099.57,2362.0,90827.67,2356.7874320778337,10982.0,4929.677514807638,405,1.861023562959628,11.139573805834534,8.804325112562537
9274,10196,792.93,8066,2018-09-01,2,4,1,False,False,True,False,False,False,False,False,True,False,True,False,35,0,0.7272727272727273,6662.0,68841.31,8352.0,108951.58,14733.0,92220.51,3141.6638903612848,11698.666666666666,3543.5839296772233,922,0.8696495956873316,11.426022991141343,9.135077887475635
12344,12656,835.07,9141,2018-10-01,2,4,2,False,False,True,False,False,False,False,False,True,False,False,True,40,1,0.8181818181818182,9274.0,91675.65,12748.0,59322.75,15674.0,119689.82,3053.157272944409,10788.833333333334,3301.211439254788,312,0.7404617253948967,11.606206314348444,9.42100640177928
4439,4549,376.87,7464,2018-11-01,2,4,2,False,False,True,False,False,False,False,False,True,False,False,True,44,1,0.9090909090909091,12344.0,109776.0,6662.0,68841.31,12023.0,54099.57,2844.074776325921,10233.833333333334,2497.820042890734,110,1.681081081081081,11.64531455541597,8.39840965542627
18736,19288,1860.48,6864,2018-12-01,2,4,0,False,False,True,False,False,False,False,False,True,True,False,False,48,1,1.0,4439.0,114154.24,9274.0,91675.65,8352.0,108951.58,3985.2049299042737,8969.833333333334,3224.54104744639,552,0.3663339915674868,11.079418997221923,9.838255457598512
9910,11266,514.33,5996,2019-01-01,2,4,2,False,False,True,False,False,False,False,False,True,False,False,True,1,0,0.0,18736.0,64822.21,12344.0,109776.0,12748.0,59322.75,7161.830515540938,10700.5,5079.633362753655,1356,0.6049843608112199,11.437408608497233,9.201400530406708
6476,7157,418.67,3088,2019-02-01,2,4,0,False,False,True,False,False,False,False,False,True,True,False,False,5,0,0.09090909090909091,9910.0,92725.41,4439.0,114154.24,6662.0,68841.31,7213.80997346987,10227.5,4982.040455476049,681,0.4767639339200247,11.27406161978617,8.776012719182917
13191,14990,1400.88,14380,2019-03-01,2,4,2,False,False,True,False,False,False,False,False,True,False,False,True,9,0,0.18181818181818182,6476.0,78751.21,18736.0,64822.21,9274.0,91675.65,6324.5320248484295,10196.5,5009.168224366197,1799,1.0900545785324438,10.828418252162098,9.487365864239434
4063,4144,404.67,5389,2019-04-01,2,4,2,False,False,True,False,False,False,False,False,True,False,False,True,14,0,0.2727272727272727,13191.0,50432.87,9910.0,92725.41,12344.0,109776.0,3357.7904937622316,10849.333333333334,5118.939486521273,81,1.3260334645669292,11.667640271362457,8.309922989258318
10628,11626,1061.74,3591,2019-05-01,2,4,0,False,False,True,False,False,False,False,False,True,True,False,False,18,0,0.36363636363636365,4063.0,116731.5,6476.0,78751.21,4439.0,114154.24,4729.943234331675,9469.166666666666,5716.796984909178,998,0.33784928027095684,10.919994772213721,9.271341393533582
14754,16395,1015.81,7229,2019-06-01,2,4,0,False,False,True,False,False,False,False,False,True,True,False,False,22,0,0.45454545454545453,10628.0,55269.51,13191.0,50432.87,18736.0,64822.21,4707.946792392625,10500.666666666666,5158.782866788121,1641,0.48993561504574723,11.48521669835695,9.59933728737704
9124,9987,938.86,6724,2019-07-01,2,4,1,False,False,True,False,False,False,False,False,True,False,True,False,27,0,0.5454545454545454,14754.0,97266.16,4063.0,116731.5,9910.0,92725.41,5391.669222049885,9837.0,4017.277983909005,863,0.7368767123287672,11.291168327140543,9.118773178450692
8185,9083,869.25,10061,2019-08-01,2,4,1,False,False,True,False,False,False,False,False,True,False,True,False,31,0,0.6363636363636364,9124.0,80109.99,10628.0,55269.51,6476.0,78751.21,2914.9840479838035,9706.0,4027.2245033024915,898,1.2290495968727095,11.102131131733826,9.010180657052349
13821,15702,926.7,12906,2019-09-01,2,4,1,False,False,True,False,False,False,False,False,True,False,True,False,35,0,0.7272727272727273,8185.0,66311.33,14754.0,97266.16,13191.0,50432.87,3552.707465206411,9990.833333333334,3807.530612702499,1881,0.9337288380842136,10.93525074162394,9.53401680465134
9541,9782,485.16,3421,2019-10-01,2,4,1,False,False,True,False,False,False,False,False,True,False,True,False,40,1,0.8181818181818182,13821.0,56119.18,9124.0,80109.99,4063.0,116731.5,3019.6033403964434,10095.833333333334,3920.4440267228238,241,0.3585202263676378,11.31749556805685,9.163458386076051
5021,5169,357.75,5521,2019-11-01,2,4,0,False,False,True,False,False,False,False,False,True,True,False,False,44,1,0.9090909090909091,9541.0,82247.1,8185.0,66311.33,10628.0,55269.51,2941.701095171527,11008.833333333334,2674.3505691413525,148,1.099362803663879,11.18883124365355,8.52158353971753
11307,12778,759.83,8426,2019-12-01,2,4,0,False,False,True,False,False,False,False,False,True,True,False,False,48,1,1.0,5021.0,72317.21,13821.0,56119.18,14754.0,97266.16,4400.54542074048,10074.333333333334,3639.508959553015,1471,0.745136186770428,11.292891324423938,9.33326571881348
9318,10366,1004.95,6334,2020-01-01,2,4,2,False,False,True,False,False,False,False,False,True,False,False,True,1,0,0.0,11307.0,80248.14,9541.0,82247.1,9124.0,80109.99,3241.9888957243506,9499.833333333334,2962.0942872681594,1048,0.6796866616589763,11.498208296779064,9.139810605785655
8969,9267,904.08,3960,2020-02-01,2,4,2,False,False,True,False,False,False,False,False,True,False,False,True,5,0,0.09090909090909091,9318.0,98538.06,5021.0,72317.21,8185.0,66311.33,3212.842095922756,9532.166666666666,2958.227605622438,298,0.4414715719063545,11.558223634455038,9.101640955052842
14639,15788,1220.89,9442,2020-03-01,2,4,0,False,False,True,False,False,False,False,False,True,True,False,False,9,0,0.18181818181818182,8969.0,104632.98,11307.0,80248.14,13821.0,56119.18,1261.2273123165987,9662.833333333334,2903.632512331177,1149,0.6449453551912568,10.97118262506951,9.591512787515303
10318,11341,704.2,5784,2020-04-01,2,4,2,False,False,True,False,False,False,False,False,True,False,False,True,14,0,0.2727272727272727,14639.0,58172.35,9318.0,98538.06,9541.0,82247.1,3177.6233781449578,9799.166666666666,3146.9277981337077,1023,0.5605194301773427,11.637177752044469,9.241742135115715
5615,5813,598.84,11517,2020-05-01,2,4,2,False,False,True,False,False,False,False,False,True,False,False,True,18,0,0.36363636363636365,10318.0,113229.15,8969.0,104632.98,5021.0,72317.21,2961.9740602060274,9928.666666666666,3150.164736433107,198,2.0507478632478633,11.65508696089528,8.633374945705647
4600,5244,316.71,9790,2020-06-01,2,4,2,False,False,True,False,False,False,False,False,True,False,False,True,23,0,0.45454545454545453,5615.0,115275.28,14639.0,58172.35,11307.0,80248.14,4513.34735349866,10027.666666666666,2969.222502047744,644,2.127798304716366,10.885444294693018,8.434028950155469
9358,9414,958.73,4826,2020-07-01,2,4,1,False,False,True,False,False,False,False,False,True,False,True,False,27,0,0.5454545454545454,4600.0,53392.5,10318.0,113229.15,9318.0,98538.06,3050.7910995892976,8909.833333333334,3589.0660298560488,56,0.5156533817715568,11.686067855154088,9.144093726157257
11561,12051,757.82,4946,2020-08-01,2,4,0,False,False,True,False,False,False,False,False,True,True,False,False,31,0,0.6363636363636364,9358.0,118902.54,5615.0,115275.28,8969.0,104632.98,2505.954176223753,8916.5,3590.012855130187,490,0.4277806607853313,11.317662244946185,9.355479137642421
10233,10752,667.7,13425,2020-09-01,2,4,1,False,False,True,False,False,False,False,False,True,False,True,False,36,0,0.7272727272727273,11561.0,82260.81,4600.0,53392.5,14639.0,58172.35,3557.7917776808285,9348.5,3749.982439958885,519,1.3118037912839555,11.328298653116416,9.233470789365038
11829,13504,621.02,8871,2020-10-01,2,4,1,False,False,True,False,False,False,False,False,True,False,True,False,40,1,0.8181818181818182,10233.0,83140.45,9358.0,118902.54,10318.0,113229.15,1109.2353221927333,8614.166666666666,2823.8030679682074,1675,0.7498732037193576,11.261130478382531,9.378393956972433
7457,7607,475.38,11495,2020-11-01,2,4,2,False,False,True,False,False,False,False,False,True,False,False,True,44,1,0.9090909090909091,11829.0,77739.41,11561.0,82260.81,5615.0,115275.28,854.6562661873887,8866.0,3063.3610299799784,150,1.5412979351032448,11.463041387695968,8.917042560738766
7133,8020,766.08,7907,2020-12-01,2,4,0,False,False,True,False,False,False,False,False,True,True,False,False,49,1,1.0,7457.0,95132.97,10233.0,83140.45,4600.0,53392.5,2212.380919582642,9173.0,2748.5155993735953,887,1.108354359405663,11.50566487053066,8.872627365918836
13280,14706,685.25,10707,2021-01-01,2,4,0,False,False,True,False,False,False,False,False,True,True,False,False,53,0,0.0,7133.0,99275.57,11829.0,77739.41,9358.0,118902.54,2622.7141158222553,9595.166666666666,1997.5791765701456,1426,0.8061892929749266,11.481001060897714,9.49408972140025
9542,10420,668.42,11559,2021-02-01,2,4,0,False,False,True,False,False,False,False,False,True,True,False,False,5,0,0.09090909090909091,13280.0,96856.98,7457.0,95132.97,11561.0,82260.81,3459.2367655308003,10248.833333333334,2486.349968662227,878,1.2112543225400818,10.935625759187799,9.163563180417254
7790,8208,566.72,3383,2021-03-01,2,4,1,False,False,True,False,False,False,False,False,True,False,True,False,9,0,0.18181818181818182,9542.0,56140.23,7133.0,99275.57,10233.0,83140.45,3097.3519335070737,9912.333333333334,2408.65602913049,418,0.4342189706071108,10.831560599521417,8.960724500330858
5163,5876,339.98,11510,2021-04-01,2,4,1,False,False,True,False,False,False,False,False,True,False,True,False,13,0,0.2727272727272727,7790.0,50591.6,13280.0,96856.98,11829.0,77739.41,2804.2303757002583,9505.166666666666,2546.1689980570145,713,2.228892331525949,11.542715599675656,8.549466751966532
15561,16424,1318.79,4702,2021-05-01,2,4,2,False,False,True,False,False,False,False,False,True,False,False,True,17,0,0.36363636363636365,5163.0,103022.83,9542.0,56140.23,7457.0,95132.97,2204.021854096117,8394.166666666666,2773.559692284748,863,0.30214625369489784,11.338870009629838,9.652587324176876
3973,4376,344.46,3790,2021-06-01,2,4,0,False,False,True,False,False,False,False,False,True,True,False,False,22,0,0.45454545454545453,15561.0,84024.03,7790.0,50591.6,7133.0,99275.57,5406.90875947924,9744.833333333334,3949.7489245098423,403,0.9536990437845999,11.160125717036705,8.287528423111763
16161,16229,1071.47,6108,2021-07-01,2,4,2,False,False,True,False,False,False,False,False,True,False,False,True,26,0,0.5454545454545454,3973.0,70270.79,5163.0,103022.83,13280.0,96856.98,6374.640486594778,9218.166666666666,4534.9906909128995,68,0.3779235243162975,11.589869098547439,9.690418086793393
13069,14212,919.4,5511,2021-08-01,2,4,2,False,False,True,False,False,False,False,False,True,False,False,True,30,0,0.6363636363636364,16161.0,107997.12,15561.0,84024.03,9542.0,56140.23,6870.093255068186,9698.333333333334,5160.460974241221,1143,0.42165263963274674,11.381539084447185,9.478074806618269
9048,9299,595.81,11256,2021-09-01,2,4,1,False,False,True,False,False,False,False,False,True,False,True,False,35,0,0.7272727272727273,13069.0,87686.89,3973.0,70270.79,7790.0,50591.6,6335.679705709039,10286.166666666666,5336.955177502117,251,1.2438943529671787,11.468122536202308,9.110409533351133
13488,14333,1454.68,4273,2021-10-01,2,4,2,False,False,True,False,False,False,False,False,True,False,False,True,39,1,0.8181818181818182,9048.0,95617.59,16161.0,107997.12,5163.0,103022.83,3566.5967438628963,10495.833333333334,5243.165090540889,845,0.3167766328119208,11.641952603656458,9.50962981746968
17733,20082,1803.45,12043,2021-11-01,2,4,2,False,False,True,False,False,False,False,False,True,False,False,True,44,1,0.9090909090909091,13488.0,113771.1,13069.0,87686.89,15561.0,84024.03,2451.4486193541557,11883.333333333334,4613.391666297871,2349,0.6790910116161046,11.346884930128228,9.783238979939952
8528,9359,873.69,6145,2021-12-01,2,4,2,False,False,True,False,False,False,False,False,True,False,False,True,48,1,1.0,17733.0,84700.19,9048.0,95617.59,3973.0,70270.79,4342.864837869134,12245.333333333334,5026.410594715343,831,0.7204830578027904,11.198644764634436,9.05122740031911
4543,4659,296.43,10722,2022-01-01,2,4,2,False,False,True,False,False,False,False,False,True,False,False,True,52,0,0.0,8528.0,73030.4,13488.0,113771.1,16161.0,107997.12,4607.1258213047995,13004.5,3694.6740451628443,116,2.359595070422535,11.47971112538608,8.421562960400987
15256,16088,784.92,11634,2022-02-01,2,4,0,False,False,True,False,False,False,False,False,True,True,False,False,5,0,0.09090909090909091,4543.0,96732.12,17733.0,84700.19,13069.0,87686.89,6764.9630449840615,11068.166666666666,4634.441731931328,832,0.7625352297306155,11.59293924914856,9.632793693113202
3025,3377,264.54,6874,2022-03-01,2,4,2,False,False,True,False,False,False,False,False,True,False,False,True,9,0,0.18181818181818182,15256.0,108329.2,8528.0,73030.4,9048.0,95617.59,5414.711103404626,11432.666666666666,4901.585525793327,352,2.2716457369464638,11.392525307636541,8.014996894348302
14998,16569,1550.04,13978,2022-04-01,2,4,2,False,False,True,False,False,False,False,False,True,False,False,True,13,0,0.2727272727272727,3025.0,88655.56,4543.0,96732.12,13488.0,113771.1,6666.709008198871,10428.833333333334,5984.711168190714,1571,0.9319287952530169,11.505664266158266,9.61573881119536
11881,13384,589.89,14981,2022-05-01,2,4,0,False,False,True,False,False,False,False,False,True,True,False,False,17,0,0.36363636363636365,14998.0,99275.51,15256.0,108329.2,17733.0,84700.19,6988.283694871012,10680.5,6168.024083934821,1503,1.260814677663693,11.545615186009009,9.382779928915687
7532,8069,553.6,11592,2022-06-01,2,4,2,False,False,True,False,False,False,False,False,True,False,False,True,22,0,0.45454545454545453,11881.0,103321.99,3025.0,88655.56,8528.0,73030.4,6211.510202841176,9705.166666666666,5219.547850788099,537,1.5388291517323776,10.880325726777873,8.927048647825695
8274,8688,414.53,3401,2022-07-01,2,4,0,False,False,True,False,False,False,False,False,True,True,False,False,26,0,0.5454545454545454,7532.0,53119.9,14998.0,99275.51,4543.0,96732.12,3749.9032431962014,9539.166666666666,5279.9620232220095,414,0.41099697885196373,10.959823317146366,9.020994200245264
4748,4952,400.26,5698,2022-08-01,2,4,0,False,False,True,False,False,False,False,False,True,True,False,False,31,0,0.6363636363636364,8274.0,57515.28,11881.0,103321.99,15256.0,108329.2,2326.4713623855355,10161.0,4768.83423909869,204,1.1998315434828386,11.024084563123496,8.465689348549121
6952,7464,479.69,6233,2022-09-01,2,4,0,False,False,True,False,False,False,False,False,True,True,False,False,35,0,0.7272727272727273,4748.0,61332.69,7532.0,53119.9,3025.0,88655.56,1858.9376894703305,8409.666666666666,4441.788678749436,512,0.8964475765856464,11.550161035955064,8.846928500099018
10455,10975,928.4,9259,2022-10-01,2,4,0,False,False,True,False,False,False,False,False,True,True,False,False,39,1,0.8181818181818182,6952.0,103792.75,8274.0,57515.28,14998.0,99275.51,1781.2905433982278,9064.166666666666,3720.413117741988,520,0.8855202754399388,11.016116480865112,9.254931255304058
21296,23581,1124.43,4630,2022-11-01,2,4,0,False,False,True,False,False,False,False,False,True,True,False,False,44,1,0.9090909090909091,10455.0,60845.92,4748.0,61332.69,11881.0,103321.99,2878.0338774934476,8307.0,2549.1802603974475,2285,0.2174015119500399,10.962578562885772,9.966321496707495
4337,4976,273.23,8305,2022-12-01,2,4,1,False,False,True,False,False,False,False,False,True,False,True,False,48,1,1.0,21296.0,57673.97,6952.0,103792.75,7532.0,53119.9,7478.286635319623,9876.166666666666,5893.361363998194,639,1.9144767173812818,11.144619282530002,8.37516869138682
8340,9123,729.33,8646,2023-01-01,2,4,0,False,False,True,False,False,False,False,False,True,True,False,False,52,0,0.0,4337.0,69189.53,10455.0,60845.92,8274.0,57515.28,8588.411630408349,9343.666666666666,6279.242841829471,783,1.0365663589497662,11.52220755279677,9.028938392241612
2972,3384,185.45,4297,2023-02-01,2,4,1,False,False,True,False,False,False,False,False,True,False,True,False,5,0,0.09090909090909091,8340.0,100931.53,21296.0,57673.97,4748.0,61332.69,8864.626576079412,9354.666666666666,6277.0516539747105,412,1.4453414059872183,11.590128051006113,7.997326822998097
10430,11441,708.72,11946,2023-03-01,2,4,1,False,False,True,False,False,False,False,False,True,False,True,False,9,0,0.18181818181818182,2972.0,108025.09,4337.0,69189.53,6952.0,103792.75,2789.941994618036,9058.666666666666,6572.644024033757,1011,1.1452401495542135,11.38709463249451,9.25253742067597
6542,7323,460.23,9154,2023-04-01,2,4,1,False,False,True,False,False,False,False,False,True,False,True,False,13,0,0.2727272727272727,10430.0,88175.4,8340.0,100931.53,10455.0,60845.92,3847.1913564746565,9638.333333333334,6502.686788295024,781,1.3990524224361913,11.29255681006736,8.78615105486974
12274,13261,767.74,7179,2023-05-01,2,4,0,False,False,True,False,False,False,False,False,True,True,False,False,18,0,0.36363636363636365,6542.0,80221.3,2972.0,108025.09,21296.0,57673.97,3730.129756456196,8986.166666666666,6599.895223915805,987,0.584847250509165,11.538908366730611,9.41531995266272
6457,6467,462.97,5773,2023-06-01,2,4,0,False,False,True,False,False,False,False,False,True,True,False,False,22,0,0.45454545454545453,12274.0,102631.34,10430.0,88175.4,4337.0,69189.53,2926.109590109938,7482.5,3563.842182252183,10,0.8939300092908021,11.111907453851806,8.77307495131822
8716,9361,640.63,4542,2023-07-01,2,4,2,False,False,True,False,False,False,False,False,True,False,False,True,26,0,0.5454545454545454,6457.0,66962.8,6542.0,80221.3,8340.0,100931.53,3334.1800091376776,7835.833333333333,3283.695139117922,645,0.5210508202363199,10.894259029932522,9.073030421011577
6839,7695,445.22,13475,2023-08-01,2,4,1,False,False,True,False,False,False,False,False,True,False,True,False,31,0,0.6363636363636364,8716.0,53865.23,12274.0,102631.34,2972.0,108025.09,2932.5737842380036,7898.5,3298.7941887908073,856,1.970029239766082,11.28252212504574,8.830543010616596
16368,18329,1166.22,6055,2023-09-01,2,4,1,False,False,True,False,False,False,False,False,True,False,True,False,35,0,0.7272727272727273,6839.0,79420.32,6457.0,66962.8,10430.0,88175.4,1209.141155255787,8543.0,2398.752675871357,1961,0.36990653063718004,11.662760675109864,9.703144581144354
14734,15978,1248.71,13799,2023-10-01,2,4,1,False,False,True,False,False,False,False,False,True,False,True,False,39,1,0.8181818181818182,16368.0,116163.28,8716.0,53865.23,6542.0,80221.3,5047.739989341769,9532.666666666666,4014.0574817342444,1244,0.9364777740074652,11.024465683923188,9.597980895171796
11111,11422,786.66,13514,2023-11-01,2,4,0,False,False,True,False,False,False,False,False,True,True,False,False,44,1,0.9090909090909091,14734.0,61356.07,6839.0,79420.32,12274.0,102631.34,5095.796012400819,10898.0,4183.019435766465,311,1.2161627069834413,11.358796184913993,9.31578088443418
5348,5655,455.65,14419,2023-12-01,2,4,0,False,False,True,False,False,False,False,False,True,True,False,False,48,1,1.0,11111.0,85715.12,16368.0,116163.28,6457.0,66962.8,2690.481183729058,10704.166666666666,4133.154311983362,307,2.695644045616003,11.61741321988317,8.58466490653125
15113,17144,1498.45,13341,2024-01-01,2,4,2,False,False,True,False,False,False,False,False,True,False,False,True,1,0,0.0,5348.0,111013.18,14734.0,61356.07,8716.0,53865.23,4733.485220567754,10519.333333333334,4378.582860545939,2031,0.8826915442635966,11.277511944520986,9.623376745580666
12422,12757,659.61,11149,2024-02-01,2,4,0,False,False,True,False,False,False,False,False,True,True,False,False,5,0,0.09090909090909091,15113.0,79023.4,11111.0,85715.12,6839.0,79420.32,4908.893256121998,11585.5,4623.6226814047,335,0.8974482814135072,11.5198069332622,9.427304872213677
10989,12555,768.13,6585,2024-03-01,2,4,1,False,False,True,False,False,False,False,False,True,False,True,False,9,0,0.18181818181818182,12422.0,100689.52,5348.0,111013.18,16368.0,116163.28,5043.7780482491535,12516.0,3996.6216233213772,1566,0.5991810737033667,11.694525928505586,9.304741047397666
7310,7929,751.1,10608,2024-04-01,2,4,2,False,False,True,False,False,False,False,False,True,False,False,True,14,0,0.2727272727272727,10989.0,119912.5,15113.0,79023.4,14734.0,61356.07,2093.7345422315157,11619.5,3536.5653818358846,619,1.4509643003693065,11.118540198093,8.897135342293316
8707,9536,561.6,5600,2024-05-01,2,4,1,False,False,True,False,False,False,False,False,True,False,True,False,18,0,0.36363636363636365,7310.0,67408.43,12422.0,100689.52,11111.0,85715.12,2636.9513331370676,10382.166666666666,3527.667524961311,829,0.6430868167202572,11.60770777820478,9.071997422354437
2967,3030,192.26,4285,2024-06-01,2,4,1,False,False,True,False,False,False,False,False,True,False,True,False,22,0,0.45454545454545453,8707.0,109940.95,10989.0,119912.5,5348.0,111013.18,1857.1561592930195,9981.5,3564.659128163588,63,1.443733153638814,10.825027682181243,7.995643604287271
5244,5383,461.73,10912,2024-07-01,2,4,2,False,False,True,False,False,False,False,False,True,False,False,True,27,0,0.5454545454545454,2967.0,50262.16,7310.0,67408.43,15113.0,79023.4,2993.349795797334,9584.666666666666,4250.247083013723,139,2.08045757864633,11.618307390398863,8.565030520830398
14108,14384,958.64,3151,2024-08-01,2,4,1,False,False,True,False,False,False,False,False,True,False,True,False,31,0,0.6363636363636364,5244.0,111112.49,8707.0,109940.95,12422.0,100689.52,2890.348825545674,7939.833333333333,3531.8283886206405,276,0.22333262456587993,11.546254142584894,9.554568170613157
4620,5094,324.32,5258,2024-09-01,2,4,2,False,False,True,False,False,False,False,False,True,False,False,True,35,0,0.7272727272727273,14108.0,103388.03,2967.0,50262.16,10989.0,119912.5,5886.100944881365,8220.833333333334,3996.2921523165282,474,1.1378489504436269,11.08351130401262,8.438366410870266
9793,10014,1028.26,12986,2024-10-01,2,4,1,False,False,True,False,False,False,False,False,True,False,True,False,40,1,0.8181818181818182,4620.0,65088.03,5244.0,111112.49,7310.0,67408.43,5306.945386315306,7159.333333333333,3959.654412529794,221,1.325913824790688,11.32199096302404,9.189525232262262
5203,5352,353.54,6760,2024-11-01,2,4,2,False,False,True,False,False,False,False,False,True,False,False,True,44,1,0.9090909090909091,9793.0,82617.67,14108.0,103388.03,8707.0,109940.95,4750.4613460168275,7573.166666666667,4105.6124228507815,149,1.299000768639508,11.469287112400854,8.557182839632397
6349,7036,651.41,11957,2024-12-01,2,4,1,False,False,True,False,False,False,False,False,True,False,True,False,48,1,1.0,5203.0,95729.01,4620.0,65088.03,2967.0,50262.16,2833.370137015861,6989.166666666667,4160.914390691867,687,1.882992125984252,11.57822244840254,8.756210091886738
11912,13561,1248.97,9992,2025-01-01,2,4,0,False,False,True,False,False,False,False,False,True,True,False,False,1,0,0.0,6349.0,106746.6,9793.0,82617.67,5244.0,111112.49,2388.9520715158683,7552.833333333333,3711.9189332024307,1649,0.8387475866700244,11.53632221390161,9.38538551979936
7540,8505,530.44,4795,2025-02-01,2,4,0,False,False,True,False,False,False,False,False,True,True,False,False,5,0,0.09090909090909091,11912.0,102366.26,5203.0,95729.01,14108.0,103388.03,3588.661914047255,8664.166666666666,3876.930817885028,965,0.6358573133536666,11.407740267276642,8.928110078202646
13821,13859,955.72,6720,2025-03-01,2,4,2,False,False,True,False,False,False,False,False,True,False,False,True,9,0,0.18181818181818182,7540.0,90014.78,6349.0,106746.6,4620.0,65088.03,2929.1589805494214,7569.5,2813.951723111114,38,0.486181449862538,11.541500482483354,9.53401680465134
10058,11457,677.41,9950,2025-04-01,2,4,0,False,False,True,False,False,False,False,False,True,True,False,False,14,0,0.2727272727272727,13821.0,102897.72,11912.0,102366.26,9793.0,82617.67,3219.9799688818016,9103.0,3342.5615925514376,1399,0.9891639327965006,11.271037835898534,9.216223035134337
9312,10589,483.29,10117,2025-05-01,2,4,1,False,False,True,False,False,False,False,False,True,False,True,False,18,0,0.36363636363636365,10058.0,78513.44,7540.0,90014.78,5203.0,95729.01,3160.998101865933,9147.166666666666,3355.229078120698,1277,1.0863309352517985,10.999090317126228,9.139166552521658
6722,7395,477.93,14504,2025-06-01,2,4,2,False,False,True,False,False,False,False,False,True,False,False,True,22,0,0.45454545454545453,9312.0,59818.7,13821.0,102897.72,6349.0,106746.6,2416.876979354427,9832.0,2754.797633220996,673,2.1573702216272497,11.514752694568978,8.813289762469037
9589,10815,474.66,10430,2025-07-01,2,4,2,False,False,True,False,False,False,False,False,True,False,False,True,27,0,0.5454545454545454,6722.0,100181.89,10058.0,78513.44,11912.0,102366.26,1750.8813018972264,9894.166666666666,2663.1625122524283,1226,1.0875912408759123,11.11693260315399,9.168476167877484
8158,8270,523.74,13377,2025-08-01,2,4,2,False,False,True,False,False,False,False,False,True,False,False,True,31,0,0.6363636363636364,9589.0,67300.15,9312.0,59818.7,7540.0,90014.78,1581.3769316642984,9507.0,2473.2270417412146,112,1.6395391592106876,11.492886519753169,9.0068768914288
12555,13111,674.2,5036,2025-09-01,2,4,2,False,False,True,False,False,False,False,False,True,False,False,True,36,0,0.7272727272727273,8158.0,98015.05,6722.0,100181.89,13821.0,102897.72,1433.5007266595003,9610.0,2386.265618073562,556,0.40108314749920354,10.849302522947713,9.437953917961844
11160,11647,575.86,3477,2025-10-01,2,4,0,False,False,True,False,False,False,False,False,True,True,False,False,40,1,0.8181818181818182,12555.0,51497.22,9589.0,67300.15,10058.0,78513.44,2242.7113798554997,9399.0,1956.7675385696691,487,0.3115312248006451,11.5674672473028,9.320180837655714
15263,17269,819.62,9976,2025-11-01,2,4,1,False,False,True,False,False,False,False,False,True,False,True,False,44,1,0.9090909090909091,11160.0,105604.66,8158.0,98015.05,9312.0,59818.7,2246.910397264068,9582.666666666666,2078.900446550211,2006,0.6535639412997903,11.6050557761652,9.633252393688068
17322,18872,1553.78,4474,2025-12-01,2,4,0,False,False,True,False,False,False,False,False,True,True,False,False,49,1,1.0,15263.0,109649.77,12555.0,51497.22,6722.0,100181.89,2086.220585972016,10574.5,3095.1465716505254,1550,0.25826935288344977,10.978367101122151,9.759790377278941
12155,13332,774.88,14838,2015-07-01,3,4,1,False,False,False,True,False,False,False,False,True,False,True,False,27,0,0.5454545454545454,7006.0,89265.66,13098.0,80369.62,12170.0,70386.04,4476.586199326446,9449.5,3368.333579086252,1177,1.2206317867719645,11.407070160257817,9.405578154036684
14575,16529,1462.6,6740,2015-08-01,3,4,0,False,False,False,True,False,False,False,False,True,True,False,False,31,0,0.6363636363636364,12155.0,89954.48,4370.0,55845.05,8689.0,85752.31,3959.522740600605,9447.0,3365.915269284121,1954,0.462403951701427,11.56364519490113,9.58713161949974
7812,8720,674.96,8289,2015-09-01,3,4,0,False,False,False,True,False,False,False,False,True,True,False,False,36,0,0.7272727272727273,14575.0,105201.8,7006.0,89265.66,11364.0,84476.24,3865.6254776340306,10428.0,3913.9387322746893,908,1.0609241008575452,11.31119133759808,8.963544291996744
7097,7404,622.76,6565,2015-10-01,3,4,2,False,False,False,True,False,False,False,False,True,False,False,True,40,1,0.8181818181818182,7812.0,81730.22,12155.0,89954.48,13098.0,80369.62,3426.7627580560625,9836.0,4011.4625263113203,307,0.924908424908425,11.223883668512606,8.867568333206442
15813,16654,1337.78,5803,2015-11-01,3,4,1,False,False,False,True,False,False,False,False,True,False,True,False,44,1,0.9090909090909091,7097.0,74897.09,14575.0,105201.8,4370.0,55845.05,4126.537652802891,8835.833333333334,3776.7349611359637,841,0.36695333249019857,11.157788337984647,9.668650902630873
10185,11376,673.74,9495,2015-12-01,3,4,2,False,False,False,True,False,False,False,False,True,False,False,True,49,1,1.0,15813.0,70106.73,7812.0,81730.22,7006.0,89265.66,4839.006130739383,10743.0,3955.5559406991074,1191,0.9321617906931082,10.95936003663913,9.22876950744455
5366,5628,267.23,7207,2016-01-01,3,4,1,False,False,False,True,False,False,False,False,True,False,True,False,53,0,0.0,10185.0,57488.64,7097.0,74897.09,12155.0,89954.48,4419.253028887724,11272.833333333334,3546.659522235912,262,1.3428358487050494,11.364898894446414,8.588024372176829
14643,15161,1225.62,9237,2016-02-01,3,4,0,False,False,False,True,False,False,False,False,True,True,False,False,5,0,0.09090909090909091,5366.0,86239.82,15813.0,70106.73,14575.0,105201.8,5228.718039188318,10141.333333333334,4226.69320706704,518,0.6307702813438951,10.917735321830722,9.591785974240127
1386,1511,120.58,8561,2016-03-01,3,4,0,False,False,False,True,False,False,False,False,True,True,False,False,9,0,0.18181818181818182,14643.0,55144.77,10185.0,57488.64,7812.0,81730.22,4639.670498357974,10152.666666666666,4241.026039376163,125,6.172314347512617,11.480153275325105,7.234898420314831
16513,16988,1040.32,7259,2016-04-01,3,4,1,False,False,False,True,False,False,False,False,True,False,True,False,13,0,0.2727272727272727,1386.0,96774.9,5366.0,86239.82,7097.0,74897.09,6802.587473405493,9081.666666666666,5557.427234491393,475,0.4395664284849219,11.193229850533728,9.711963784977375
12118,12916,1057.9,5592,2016-05-01,3,4,0,False,False,False,True,False,False,False,False,True,True,False,False,17,0,0.36363636363636365,16513.0,72636.01,14643.0,55144.77,15813.0,70106.73,8246.929509419451,10651.0,6179.546229295482,798,0.46142420991831007,10.957756550022896,9.402529747968487
12146,12628,756.09,14614,2016-06-01,3,4,2,False,False,False,True,False,False,False,False,True,False,False,True,22,0,0.45454545454545453,12118.0,57396.53,1386.0,96774.9,10185.0,57488.64,7781.580580661832,10035.166666666666,5729.996489236853,482,1.2030954145056392,10.848699019052317,9.404837504700271
8508,9638,435.18,7951,2016-07-01,3,4,1,False,False,False,True,False,False,False,False,True,False,True,False,26,0,0.5454545454545454,12146.0,51466.15,16513.0,72636.01,5366.0,86239.82,2529.4102738253714,10362.0,5795.800997273802,1130,0.9344223763074392,11.424248337752335,9.048879705849558
13536,15492,1210.12,3627,2016-08-01,3,4,1,False,False,False,True,False,False,False,False,True,False,True,False,31,0,0.6363636363636364,8508.0,91513.1,12118.0,57396.53,14643.0,55144.77,2092.3642130374933,10885.666666666666,5381.235644967302,1956,0.2679323336041959,11.398779469756459,9.513181956185786
15648,17137,1143.09,8129,2016-09-01,3,4,0,False,False,False,True,False,False,False,False,True,True,False,False,35,0,0.7272727272727273,13536.0,89211.77,12146.0,51466.15,1386.0,96774.9,2596.405463970014,10701.166666666666,5243.871791593179,1489,0.5194581123394466,11.028706717982228,9.658162296163171
8787,9766,941.09,13227,2016-10-01,3,4,2,False,False,False,True,False,False,False,False,True,False,False,True,39,1,0.8181818181818182,15648.0,61616.84,8508.0,91513.1,16513.0,72636.01,3667.899671474127,13078.166666666666,2873.639254789413,979,1.5051206190259445,10.885022806270683,9.081142433504501
10587,10768,681.27,7428,2016-11-01,3,4,0,False,False,False,True,False,False,False,False,True,True,False,False,44,1,0.9090909090909091,8787.0,53370.0,13536.0,89211.77,12118.0,57396.53,3513.9452186965023,11790.5,2755.232531021654,181,0.7015489233094069,11.24986731982321,9.267476563346992
8664,9913,887.63,7084,2016-12-01,3,4,1,False,False,False,True,False,False,False,False,True,False,True,False,48,1,1.0,10587.0,76868.72,15648.0,61616.84,12146.0,51466.15,3557.317388145175,11535.333333333334,2789.517066925144,1249,0.8175418349682632,11.254992856194596,9.067047202149707
12064,13255,877.66,10363,2017-01-01,3,4,2,False,False,False,True,False,False,False,False,True,False,False,True,52,0,0.0,8664.0,77263.73,8787.0,53370.0,8508.0,91513.1,1076.4957036607295,10955.0,2991.920720874801,1191,0.8589307915457937,11.548573650392715,9.398063978059133
10789,10866,725.02,9004,2017-02-01,3,4,2,False,False,False,True,False,False,False,False,True,False,False,True,5,0,0.09090909090909091,12064.0,103628.12,10587.0,76868.72,13536.0,89211.77,1704.8684211203345,11547.666666666666,2752.9074569746545,77,0.8344763670064875,11.227966747485317,9.28637505825218
7534,8187,666.76,10631,2017-03-01,3,4,2,False,False,False,True,False,False,False,False,True,False,False,True,9,0,0.18181818181818182,10789.0,75203.53,8664.0,77263.73,15648.0,61616.84,1717.6170508391392,11089.833333333334,2579.0282989270704,653,1.4108825481088254,11.006894826864157,8.927314111060596
14030,15411,963.86,14018,2017-04-01,3,4,1,False,False,False,True,False,False,False,False,True,False,True,False,13,0,0.2727272727272727,7534.0,60287.39,12064.0,103628.12,8787.0,53370.0,2336.006207183536,9737.5,1682.329902248662,1381,0.999073480151094,11.109891199967532,9.549024446393997
13550,15031,1373.97,12684,2017-05-01,3,4,0,False,False,False,True,False,False,False,False,True,True,False,False,18,0,0.36363636363636365,14030.0,66827.92,10789.0,75203.53,10587.0,76868.72,3248.002514366844,10611.333333333334,2327.735695191071,1481,0.9360194819570511,11.611134711145063,9.514215624322715
5984,6051,506.25,4104,2017-06-01,3,4,1,False,False,False,True,False,False,False,False,True,False,True,False,22,0,0.45454545454545453,13550.0,110318.36,7534.0,60287.39,8664.0,77263.73,3619.8681375615524,11105.166666666666,2617.774200855883,67,0.6857142857142857,11.666509955971412,8.697011617992073
16877,18964,1736.64,3262,2017-07-01,3,4,1,False,False,False,True,False,False,False,False,True,False,True,False,26,0,0.5454545454545454,5984.0,116599.63,14030.0,66827.92,12064.0,103628.12,4513.18202602111,10658.5,3265.997412736267,2087,0.19326934470908874,11.162911430692857,9.733766277717912
9061,10138,584.43,9728,2017-08-01,3,4,2,False,False,False,True,False,False,False,False,True,False,False,True,31,0,0.6363636363636364,16877.0,70466.82,13550.0,110318.36,10789.0,75203.53,5582.274536423303,11460.666666666666,4151.317365206695,1077,1.073493709997793,10.912069548233594,9.111845125227083
14122,16111,1198.96,6234,2017-09-01,3,4,0,False,False,False,True,False,False,False,False,True,True,False,False,35,0,0.7272727272727273,9061.0,54833.21,5984.0,116599.63,7534.0,60287.39,5615.680932294261,11172.666666666666,4265.601465991245,1989,0.44140763293917723,11.456854459687234,9.555559953069064
8058,8608,429.09,5036,2017-10-01,3,4,1,False,False,False,True,False,False,False,False,True,False,True,False,39,1,0.8181818181818182,14122.0,94546.2,16877.0,70466.82,14030.0,66827.92,3964.290646929579,12270.666666666666,3979.9956616391755,550,0.6248914257352028,11.479826074236035,8.994544758324512
11474,13004,721.14,8872,2017-11-01,3,4,2,False,False,False,True,False,False,False,False,True,False,False,True,44,1,0.9090909090909091,8058.0,96743.24,9061.0,54833.21,13550.0,110318.36,3250.4314072647862,11275.333333333334,4193.065783727541,1530,0.7731590413943356,11.23853743386649,9.347926034928745
11318,12678,816.59,4505,2017-12-01,3,4,0,False,False,False,True,False,False,False,False,True,True,False,False,48,1,1.0,11474.0,76002.71,14122.0,94546.2,5984.0,116599.63,3040.09473536599,10929.333333333334,4051.0755937981035,1360,0.39800335718703067,11.257356212032857,9.33423800863242
15089,15113,1093.2,4253,2018-01-01,3,4,2,False,False,False,True,False,False,False,False,True,False,False,True,1,0,0.0,11318.0,77446.55,8058.0,96743.24,16877.0,70466.82,1928.7730123924225,11818.333333333334,3256.0368957778496,24,0.28184227965540093,11.588585474947052,9.621787551761894
11286,12786,826.14,10624,2018-02-01,3,4,0,False,False,False,True,False,False,False,False,True,True,False,False,5,0,0.09090909090909091,15089.0,107858.58,11474.0,76002.71,9061.0,54833.21,2133.5807929394205,11520.333333333334,2741.649479176114,1500,0.9412598564720475,11.656179476880043,9.331406899955626
11880,12049,605.88,13448,2018-03-01,3,4,1,False,False,False,True,False,False,False,False,True,False,True,False,9,0,0.18181818181818182,11286.0,115401.29,11318.0,77446.55,14122.0,94546.2,2186.484011680245,11891.166666666666,2480.511916251695,169,1.1318912549448699,11.308420873958232,9.382695764458287
14998,15028,1518.55,3334,2018-04-01,3,4,1,False,False,False,True,False,False,False,False,True,False,True,False,13,0,0.2727272727272727,11880.0,81504.1,15089.0,107858.58,8058.0,96743.24,2045.8627357018208,11517.5,2233.8506440673223,30,0.22228148543236215,10.927967176437964,9.61573881119536
9998,10662,727.35,5354,2018-05-01,3,4,0,False,False,False,True,False,False,False,False,True,True,False,False,18,0,0.36363636363636365,14998.0,55711.91,11286.0,115401.29,11474.0,76002.71,1993.8950156247786,12674.166666666666,1847.6426512360697,664,0.5354535453545355,11.442486047740283,9.21024036697585
15956,17939,1010.01,14290,2018-06-01,3,4,0,False,False,False,True,False,False,False,False,True,True,False,False,22,0,0.45454545454545453,9998.0,93197.42,11880.0,81504.1,11318.0,77446.55,2525.333245336148,12428.166666666666,2117.889932613745,1983,0.8955317415554302,11.560227570147894,9.677652883410428
15545,16327,1291.79,14480,2018-07-01,3,4,0,False,False,False,True,False,False,False,False,True,True,False,False,26,0,0.5454545454545454,15956.0,104842.87,14998.0,55711.91,15089.0,107858.58,3199.362644861213,13201.166666666666,2451.7443926043047,782,0.9314293065740383,11.041268629932546,9.651558649790164
14778,16688,1079.53,10163,2018-08-01,3,4,2,False,False,False,True,False,False,False,False,True,False,False,True,31,0,0.6363636363636364,15545.0,62395.76,9998.0,93197.42,11286.0,115401.29,3327.5590152542754,13277.166666666666,2527.854300917411,1910,0.6876649299681982,11.411990696783588,9.600962533214572
10850,11088,727.49,11190,2018-09-01,3,4,1,False,False,False,True,False,False,False,False,True,False,True,False,35,0,0.7272727272727273,14778.0,90398.2,15956.0,104842.87,11880.0,81504.1,597.898263363706,13859.166666666666,2375.106264289379,238,1.0312413602432955,11.496019358703855,9.292012520620208
9362,10646,494.31,5013,2018-10-01,3,4,1,False,False,False,True,False,False,False,False,True,False,True,False,40,1,0.8181818181818182,10850.0,98322.6,15545.0,62395.76,14998.0,55711.91,2518.61397068573,13687.5,2575.5316150263006,1284,0.5354053188080743,11.599768627812653,9.14452103093889
2125,2299,148.54,7962,2018-11-01,3,4,1,False,False,False,True,False,False,False,False,True,False,True,False,44,1,0.9090909090909091,9362.0,109071.56,14778.0,90398.2,9998.0,93197.42,2798.1060261064695,12748.166666666666,2995.50572803102,174,3.745061147695202,10.935287804253731,7.661997558901893
12145,13533,1238.79,8204,2018-12-01,3,4,1,False,False,False,True,False,False,False,False,True,False,True,False,48,1,1.0,2125.0,56121.26,10850.0,98322.6,15956.0,104842.87,4667.510721287455,11436.0,5288.1535151695425,1388,0.6754487073933806,11.578970382173306,9.40475517645752
5590,6229,351.33,11000,2019-01-01,3,4,1,False,False,False,True,False,False,False,False,True,False,True,False,1,0,0.0,12145.0,106826.47,9362.0,109071.56,15545.0,62395.76,5172.356941794847,10800.833333333334,4847.153779968886,639,1.9674476837774995,11.423232568646347,8.628913441026645
9051,9471,807.8,12124,2019-02-01,3,4,0,False,False,False,True,False,False,False,False,True,True,False,False,5,0,0.09090909090909091,5590.0,91420.19,2125.0,56121.26,14778.0,90398.2,5088.789148707186,9141.666666666666,4595.718906402638,420,1.339372514361467,11.068615313136187,9.110741006753427
9620,9719,822.51,13532,2019-03-01,3,4,0,False,False,False,True,False,False,False,False,True,True,False,False,9,0,0.18181818181818182,9051.0,64125.65,12145.0,106826.47,10850.0,98322.6,3279.2118463639017,8187.166666666667,3698.018573055935,99,1.406506600145515,11.390545492069526,9.171703488361265
14714,15851,960.09,7451,2019-04-01,3,4,2,False,False,False,True,False,False,False,False,True,False,False,True,14,0,0.2727272727272727,9620.0,88480.21,5590.0,91420.19,9362.0,109071.56,2181.0999518591566,7982.166666666667,3552.0947857097863,1137,0.5063540604825009,11.689572284188005,9.596622660667574
12927,14435,1147.92,7316,2019-05-01,3,4,2,False,False,False,True,False,False,False,False,True,False,False,True,18,0,0.36363636363636365,14714.0,119319.96,9051.0,64125.65,2125.0,56121.26,3118.2838763225773,8874.166666666666,4510.577409452881,1508,0.5659034653465347,11.608995446960844,9.467150780760877
6143,6913,413.73,3783,2019-06-01,3,4,1,False,False,False,True,False,False,False,False,True,False,True,False,22,0,0.45454545454545453,12927.0,110082.61,9620.0,88480.21,12145.0,106826.47,2584.519749070098,10674.5,3260.476943638766,770,0.61572265625,11.680232786796926,8.723231274827508
13026,14158,1143.03,5110,2019-07-01,3,4,2,False,False,False,True,False,False,False,False,True,False,False,True,27,0,0.5454545454545454,6143.0,118210.75,14714.0,119319.96,5590.0,91420.19,4521.7634097034925,9674.166666666666,3619.9909069867363,1132,0.3922622246104245,11.029329882205026,9.474779405697564
8798,9658,572.75,4289,2019-08-01,3,4,2,False,False,False,True,False,False,False,False,True,False,False,True,31,0,0.6363636363636364,13026.0,61655.25,12927.0,110082.61,9051.0,64125.65,3945.6335781891044,10913.5,3189.3685111632976,860,0.48744175474485735,11.269130125925146,9.08239335764556
1329,1472,85.72,5307,2019-09-01,3,4,0,False,False,False,True,False,False,False,False,True,True,False,False,35,0,0.7272727272727273,8798.0,78363.8,6143.0,118210.75,9620.0,88480.21,3471.3277478989726,10871.333333333334,3220.4385829676453,143,3.9902255639097746,11.419026568836458,7.1929342212158
10447,11167,866.58,11213,2019-10-01,3,4,1,False,False,False,True,False,False,False,False,True,False,True,False,40,1,0.8181818181818182,1329.0,91036.48,13026.0,61655.25,14714.0,119319.96,5922.861836421085,9489.5,5096.854588861643,720,1.073219754977029,11.349568066408434,9.254165851516213
8322,8387,418.18,13492,2019-11-01,3,4,1,False,False,False,True,False,False,False,False,True,False,True,False,44,1,0.9090909090909091,10447.0,84927.76,8798.0,78363.8,12927.0,110082.61,4858.72215711086,8778.333333333334,4482.777963123609,65,1.621050102126637,11.60531310558694,9.026778045746095
8103,9221,403.53,14374,2019-12-01,3,4,1,False,False,False,True,False,False,False,False,True,False,True,False,48,1,1.0,8322.0,109677.99,1329.0,91036.48,6143.0,118210.75,4770.667283864318,8010.833333333333,3998.4736796265965,1118,1.7736920039486672,11.467078889190471,9.000113045928519
4504,4957,228.35,14200,2020-01-01,3,4,1,False,False,False,True,False,False,False,False,True,False,True,False,1,0,0.0,8103.0,95517.85,10447.0,84927.76,13026.0,61655.25,1294.727899341539,8337.5,3894.056638006179,453,3.1520532741398446,11.139856295671317,8.412943170042439
8304,8784,438.45,9061,2020-02-01,3,4,1,False,False,False,True,False,False,False,False,True,False,True,False,5,0,0.09090909090909091,4504.0,68860.76,8322.0,109677.99,8798.0,78363.8,2143.90166130197,6917.166666666667,3359.4045553738624,480,1.0910295003010235,11.644656375198666,9.024613022047395
12915,14450,1071.3,14982,2020-03-01,3,4,2,False,False,False,True,False,False,False,False,True,False,False,True,9,0,0.18181818181818182,8304.0,114079.13,8103.0,95517.85,1329.0,91036.48,2138.2704069722677,6834.833333333333,3309.7762713915663,1535,1.1599566429235058,11.052230535033587,9.466222131878165
11663,12383,610.56,9296,2020-04-01,3,4,1,False,False,False,True,False,False,False,False,True,False,True,False,14,0,0.2727272727272727,12915.0,63083.51,4504.0,68860.76,10447.0,84927.76,4212.011435565359,8765.833333333334,2794.807858631189,720,0.7969821673525377,10.996900179697343,9.36426245424844
8958,10212,749.78,9757,2020-05-01,3,4,0,False,False,False,True,False,False,False,False,True,True,False,False,18,0,0.36363636363636365,11663.0,59687.83,8304.0,114079.13,8322.0,109677.99,2384.383428338102,8968.5,2979.1128041750926,1254,1.0890724411206607,11.213477916619134,9.100413892597578
3949,4020,289.07,5323,2020-06-01,3,4,2,False,False,False,True,False,False,False,False,True,False,False,True,23,0,0.45454545454545453,8958.0,74121.76,12915.0,63083.51,8103.0,95517.85,2022.4728263522757,9074.5,2962.7790163965965,71,1.3475949367088607,10.932742438998321,8.281470857895167
9915,10757,620.18,5744,2020-07-01,3,4,1,False,False,False,True,False,False,False,False,True,False,True,False,27,0,0.5454545454545454,3949.0,55978.59,11663.0,59687.83,4504.0,68860.76,3913.9260340481687,8382.166666666666,3642.5618137056586,842,0.5792658329971763,11.546666190380726,9.201904893155081
12554,14207,1346.42,8805,2020-08-01,3,4,1,False,False,False,True,False,False,False,False,True,False,True,False,31,0,0.6363636363636364,9915.0,103430.64,8958.0,74121.76,8304.0,114079.13,3204.140186279833,9284.0,3123.16711048256,1653,0.7013142174432497,11.372615262327873,9.437874271591685
5968,6210,308.84,8541,2020-09-01,3,4,1,False,False,False,True,False,False,False,False,True,False,True,False,36,0,0.7272727272727273,12554.0,86907.86,3949.0,55978.59,12915.0,63083.51,4408.391656829056,9992.333333333334,3331.454557196698,242,1.4308929468922769,11.586122207794867,8.69433468816865
8952,9919,754.65,5284,2020-10-01,3,4,2,False,False,False,True,False,False,False,False,True,False,False,True,40,1,0.8181818181818182,5968.0,107593.22,9915.0,103430.64,11663.0,59687.83,3314.5770469246945,8834.5,3319.7215997730873,967,0.590193231319111,11.303618248561921,9.099743950634156
9047,9698,583.53,9949,2020-11-01,3,4,0,False,False,False,True,False,False,False,False,True,True,False,False,44,1,0.9090909090909091,8952.0,81113.6,12554.0,86907.86,8958.0,74121.76,3297.828982830982,8382.666666666666,3029.5620585600577,651,1.099580017683466,11.240138835859147,9.110299017795956
8596,9674,747.85,7009,2020-12-01,3,4,0,False,False,False,True,False,False,False,False,True,True,False,False,49,1,1.0,9047.0,76124.52,5968.0,107593.22,3949.0,55978.59,1750.881777847959,8397.5,3033.1581396293846,1078,0.8152844015354194,11.46746962575584,9.059168584174444
1385,1505,92.66,11465,2021-01-01,3,4,1,False,False,False,True,False,False,False,False,True,False,True,False,53,0,0.0,8596.0,95555.18,8952.0,81113.6,9915.0,103430.64,237.75407462340115,9172.0,2128.444972274355,120,8.272005772005771,11.513006761665563,7.234177179749849
12392,14134,646.86,8789,2021-02-01,3,4,1,False,False,False,True,False,False,False,False,True,False,True,False,5,0,0.09090909090909091,1385.0,100007.13,9047.0,76124.52,12554.0,86907.86,4299.383017751891,7750.333333333333,3757.922120888971,1742,0.7091906721536351,11.374723639978818,9.424887076064874
13823,15781,881.22,14090,2021-03-01,3,4,2,False,False,False,True,False,False,False,False,True,False,False,True,9,0,0.18181818181818182,12392.0,87091.29,8596.0,95555.18,5968.0,107593.22,5591.096881054143,7723.333333333333,3716.8636061425045,1958,1.0192418981481481,11.341498031141283,9.534161491043838
4781,5355,246.7,13185,2021-04-01,3,4,0,False,False,False,True,False,False,False,False,True,True,False,False,13,0,0.2727272727272727,13823.0,84245.14,1385.0,100007.13,8952.0,81113.6,6805.704151665721,9032.5,4310.837726011034,574,2.7572145545796736,11.301072682354496,8.47261414801827
7656,8483,763.69,14070,2021-05-01,3,4,0,False,False,False,True,False,False,False,False,True,True,False,False,17,0,0.36363636363636365,4781.0,80907.38,12392.0,87091.29,9047.0,76124.52,4860.261412722574,8337.333333333334,4649.426659994398,827,1.8375342823560141,11.493852833162496,8.943375541113124
9493,10550,670.68,6662,2021-06-01,3,4,2,False,False,False,True,False,False,False,False,True,False,False,True,22,0,0.45454545454545453,7656.0,98109.81,13823.0,84245.14,8596.0,95555.18,4619.7993823686065,8105.5,4641.636554061508,1057,0.7017063408468507,11.551471238864782,9.158415299111264
477,539,32.56,13773,2021-07-01,3,4,2,False,False,False,True,False,False,False,False,True,False,False,True,26,0,0.5454545454545454,9493.0,103928.83,4781.0,80907.38,1385.0,100007.13,2374.9785262187174,8255.0,4674.920619646925,62,28.813807531380753,11.05850711189568,6.169610732491456
12327,12708,837.62,12903,2021-08-01,3,4,1,False,False,False,True,False,False,False,False,True,False,True,False,30,0,0.6363636363636364,477.0,63480.71,7656.0,98109.81,12392.0,87091.29,4764.466846703141,8103.666666666667,4948.482339734745,381,1.046641791044776,11.300809386955194,9.419628376999952
11828,12035,1202.91,4563,2021-09-01,3,4,2,False,False,False,True,False,False,False,False,True,False,False,True,35,0,0.7272727272727273,12327.0,80886.08,9493.0,103928.83,13823.0,84245.14,6187.922537761228,8092.833333333333,4937.275054791525,207,0.3857468932285062,11.686971961028753,9.378309422545737
15715,16991,982.97,13650,2021-10-01,3,4,2,False,False,False,True,False,False,False,False,True,False,False,True,39,1,0.8181818181818182,11828.0,119010.09,477.0,63480.71,4781.0,80907.38,6702.197425720415,7760.333333333333,4524.085484014052,1276,0.8685416136421481,11.19373469980882,9.662434580678351
8184,8928,594.16,8100,2021-11-01,3,4,0,False,False,False,True,False,False,False,False,True,True,False,False,44,1,0.9090909090909091,15715.0,72672.69,12327.0,80886.08,7656.0,98109.81,2114.880374867572,9582.666666666666,5230.901439204016,744,0.9896151496640195,11.432790428034476,9.010058489805235
9243,9841,797.21,9056,2021-12-01,3,4,1,False,False,False,True,False,False,False,False,True,False,True,False,48,1,1.0,8184.0,92298.17,11828.0,119010.09,9493.0,103928.83,3766.1533426030346,9670.666666666666,5196.3335022558595,598,0.9796624837732584,10.892587756735027,9.131729971394272
12149,12201,1253.78,4492,2022-01-01,3,4,2,False,False,False,True,False,False,False,False,True,False,False,True,52,0,0.0,9243.0,53775.28,15715.0,72672.69,477.0,63480.71,4076.849805098705,9629.0,5199.044643008942,52,0.3697119341563786,11.495662005257813,9.405084448768694
7779,8531,554.25,13238,2022-02-01,3,4,2,False,False,False,True,False,False,False,False,True,False,False,True,5,0,0.09090909090909091,12149.0,98287.47,8184.0,92298.17,12327.0,80886.08,2052.9467439106543,11574.333333333334,2647.09997292634,752,1.7015424164524422,11.604637451762668,8.959311617172437
15239,17202,960.06,5414,2022-03-01,3,4,2,False,False,False,True,False,False,False,False,True,False,False,True,9,0,0.18181818181818182,7779.0,109603.91,9243.0,53775.28,11828.0,119010.09,2224.2988408335245,10816.333333333334,3014.1783402225283,1963,0.355249343832021,11.09719621027389,9.631678829240638
5516,6061,369.02,10655,2022-04-01,3,4,2,False,False,False,True,False,False,False,False,True,False,False,True,13,0,0.2727272727272727,15239.0,65984.89,12149.0,98287.47,15715.0,72672.69,3748.257372877875,11384.833333333334,3522.0367071719497,545,1.9313032445169476,11.266085354839344,8.61558951327243
2178,2274,181.97,6470,2022-05-01,3,4,1,False,False,False,True,False,False,False,False,True,False,True,False,17,0,0.36363636363636365,5516.0,78125.56,7779.0,109603.91,8184.0,92298.17,5087.7221163634085,9685.0,3475.0532082257355,96,2.96925195043598,11.150669116790315,7.68662133494462
10312,11133,747.1,9976,2022-06-01,3,4,0,False,False,False,True,False,False,False,False,True,True,False,False,22,0,0.45454545454545453,2178.0,69609.39,15239.0,65984.89,9243.0,53775.28,6785.630577428554,8684.0,4657.682170350397,821,0.9673227964704741,11.57488246935889,9.24116051431607
16921,18220,1088.87,11278,2022-07-01,3,4,0,False,False,False,True,False,False,False,False,True,True,False,False,26,0,0.5454545454545454,10312.0,106390.66,5516.0,78125.56,12149.0,98287.47,4088.7205822848855,8862.166666666666,4703.561604429845,1299,0.666469684434464,11.228052111039704,9.736369829484445
17669,18984,1812.84,4228,2022-08-01,3,4,2,False,False,False,True,False,False,False,False,True,False,False,True,31,0,0.6363636363636364,16921.0,75209.95,2178.0,69609.39,7779.0,109603.91,7384.633662771185,9657.5,5673.86375409209,1315,0.23927560837577816,11.58739841336916,9.779623565313742
12817,13582,1376.55,3825,2022-09-01,3,4,2,False,False,False,True,False,False,False,False,True,False,False,True,35,0,0.7272727272727273,17669.0,107730.62,10312.0,106390.66,15239.0,65984.89,4048.947064772932,11305.833333333334,6408.073077506735,765,0.2984084880636605,11.4141956950264,9.458605712064172
15752,16614,1379.88,14254,2022-10-01,3,4,2,False,False,False,True,False,False,False,False,True,False,False,True,39,1,0.8181818181818182,12817.0,90597.75,16921.0,75209.95,5516.0,78125.56,2612.2858444920116,10902.166666666666,6183.092217221626,862,0.9048435218688504,11.257981601106222,9.66478610230597
7778,8204,528.52,11080,2022-11-01,3,4,2,False,False,False,True,False,False,False,False,True,False,False,True,44,1,0.9090909090909091,15752.0,77495.0,17669.0,107730.62,2178.0,69609.39,2443.734096282438,12608.166666666666,5800.010738495804,426,1.424347602519604,11.657296248562371,8.959183074206774
14239,15200,918.42,12824,2022-12-01,3,4,1,False,False,False,True,False,False,False,False,True,False,True,False,48,1,1.0,7778.0,115530.24,12817.0,90597.75,10312.0,106390.66,4032.9976857584907,13541.5,3937.412589505952,961,0.900561797752809,11.194925755768143,9.563810184965966
8479,8785,569.79,10410,2023-01-01,3,4,1,False,False,False,True,False,False,False,False,True,False,True,False,52,0,0.0,14239.0,72759.3,15752.0,77495.0,16921.0,75209.95,4235.138053633357,14196.0,3605.626270150578,306,1.2275943396226414,11.031187334986393,9.045465728785949
7173,7344,633.73,5006,2023-02-01,3,4,0,False,False,False,True,False,False,False,False,True,True,False,False,5,0,0.09090909090909091,8479.0,61769.88,7778.0,115530.24,17669.0,107730.62,3545.267314792122,12789.0,3959.3755568271076,171,0.6977976024533036,11.072306642247137,8.878218658092228
6214,7124,668.32,3642,2023-03-01,3,4,1,False,False,False,True,False,False,False,False,True,False,True,False,9,0,0.18181818181818182,7173.0,64362.8,14239.0,72759.3,12817.0,90597.75,3759.6895261887435,11039.666666666666,3680.9598567040407,910,0.5860016090104586,11.151800634957866,8.734721003944811
12566,13881,644.64,9711,2023-04-01,3,4,1,False,False,False,True,False,False,False,False,True,False,True,False,13,0,0.2727272727272727,6214.0,69688.2,8479.0,61769.88,15752.0,77495.0,1136.9214279506452,9939.166666666666,4015.1929177396482,1315,0.7727381236571974,10.928764160500279,9.438829609615144
14130,16020,932.58,12105,2023-05-01,3,4,2,False,False,False,True,False,False,False,False,True,False,False,True,18,0,0.36363636363636365,12566.0,55756.33,7173.0,64362.8,7778.0,115530.24,3424.2282342157046,9408.166666666666,3225.7813575421737,1890,0.8566272733706036,10.861991055352501,9.556126244582746
4167,4394,293.15,12061,2023-06-01,3,4,1,False,False,False,True,False,False,False,False,True,False,True,False,22,0,0.45454545454545453,14130.0,52154.82,6214.0,69688.2,14239.0,72759.3,4192.395019556244,10466.833333333334,3603.9406996601138,227,2.8937140115163147,11.671310908372789,8.335191583433202
16150,16704,830.92,9955,2023-07-01,3,4,2,False,False,False,True,False,False,False,False,True,False,False,True,26,0,0.5454545454545454,4167.0,117160.77,12566.0,55756.33,8479.0,61769.88,5358.02616019494,8788.166666666666,3833.877171567527,554,0.616370503374404,11.372121519898773,9.689737246238513
18593,18952,1210.4,13669,2023-08-01,3,4,2,False,False,False,True,False,False,False,False,True,False,False,True,31,0,0.6363636363636364,16150.0,86864.96,14130.0,52154.82,7173.0,64362.8,6415.2689992963915,10066.666666666666,4853.590492271328,359,0.7351296117026997,11.607080523333133,9.830594227015803
5457,5597,343.79,3970,2023-09-01,3,4,2,False,False,False,True,False,False,False,False,True,False,False,True,35,0,0.7272727272727273,18593.0,109872.01,4167.0,117160.77,6214.0,69688.2,7720.859343363276,11970.0,5663.491679167541,140,0.7273726639794796,11.55223511647607,8.604837701268284
12266,12573,884.99,4067,2023-10-01,3,4,2,False,False,False,True,False,False,False,False,True,False,False,True,39,1,0.8181818181818182,5457.0,104008.25,16150.0,86864.96,12566.0,55756.33,6986.451101954411,11843.833333333334,5823.535263623518,307,0.33153990380696174,11.515284580068668,9.414668009032752
2737,3009,138.36,6897,2023-11-01,3,4,2,False,False,False,True,False,False,False,False,True,False,False,True,44,1,0.9090909090909091,12266.0,100235.19,18593.0,109872.01,14130.0,52154.82,6569.473672474328,11793.833333333334,5817.379389954435,272,2.5189919649379107,11.482964586907034,7.914983005848394
9486,9874,618.96,8259,2023-12-01,3,4,0,False,False,False,True,False,False,False,False,True,True,False,False,48,1,1.0,2737.0,97047.35,5457.0,104008.25,4167.0,117160.77,4908.542247959164,9895.0,6695.4411654498135,388,0.8705597132918731,11.17303121995127,9.157677719392877
15314,16116,1026.8,5902,2024-01-01,3,4,2,False,False,False,True,False,False,False,False,True,False,False,True,1,0,0.0,9486.0,71183.56,12266.0,100235.19,16150.0,86864.96,4900.3272339712175,10781.5,6112.0645529968,802,0.3853738165197519,11.648521524701968,9.636588019266876
6847,7872,720.99,5191,2024-02-01,3,4,1,False,False,False,True,False,False,False,False,True,False,True,False,5,0,0.09090909090909091,15314.0,114520.92,2737.0,97047.35,18593.0,109872.01,6294.117809510718,10642.166666666666,5973.155729316509,1025,0.7580315420560748,11.293728241650559,8.831711917821577
3180,3488,333.9,12732,2024-03-01,3,4,2,False,False,False,True,False,False,False,False,True,False,False,True,9,0,0.18181818181818182,6847.0,80315.33,9486.0,71183.56,5457.0,104008.25,4332.435689078374,8684.5,4617.0495665522085,308,4.0025149324111915,11.645888783771365,8.064950891749143
3880,4172,260.74,8566,2024-04-01,3,4,1,False,False,False,True,False,False,False,False,True,False,True,False,14,0,0.2727272727272727,3180.0,114219.81,15314.0,114520.92,12266.0,100235.19,6223.221754043479,8305.0,5012.072944401341,292,2.207163102293223,11.141621754774787,8.263848131368906
13749,14635,1216.79,3067,2024-05-01,3,4,2,False,False,False,True,False,False,False,False,True,False,False,True,18,0,0.36363636363636365,3880.0,68982.44,6847.0,80315.33,2737.0,97047.35,1946.791291672873,6907.333333333333,4853.342092482931,886,0.22305454545454545,11.460694046471298,9.528794103094718
11466,12672,607.12,8734,2024-06-01,3,4,0,False,False,False,True,False,False,False,False,True,True,False,False,22,0,0.45454545454545453,13749.0,94909.92,3180.0,114219.81,9486.0,71183.56,5910.31474063212,8742.666666666666,5039.457894125777,1206,0.7616639051190373,11.54194266426069,9.347228624038305
9194,10415,926.76,10491,2024-07-01,3,4,2,False,False,False,True,False,False,False,False,True,False,False,True,27,0,0.5454545454545454,11466.0,102943.23,3880.0,68982.44,15314.0,114520.92,5166.505040482717,9072.666666666666,5161.226197975304,1221,1.1409461663947797,11.602160866981745,9.126415137038421
9497,10344,604.01,14077,2024-08-01,3,4,0,False,False,False,True,False,False,False,False,True,True,False,False,31,0,0.6363636363636364,9194.0,109332.8,13749.0,94909.92,6847.0,80315.33,2277.5022136835173,8052.666666666667,4195.458481103895,847,1.4821014950515898,11.67993742566927,9.158836529109067
4373,4733,456.54,14726,2024-09-01,3,4,1,False,False,False,True,False,False,False,False,True,False,True,False,35,0,0.7272727272727273,9497.0,118175.84,11466.0,102943.23,3180.0,114219.81,1233.6094735909417,8494.333333333334,4182.616629176837,360,3.3667123914037496,11.141713946565087,8.383433201236713
8801,9671,561.06,10943,2024-10-01,3,4,2,False,False,False,True,False,False,False,False,True,False,False,True,40,1,0.8181818181818182,4373.0,68988.8,9194.0,109332.8,3880.0,68982.44,2874.868866574611,8693.166666666666,3898.1393210949514,870,1.2432401726880256,11.19342835221834,9.082734247371036
10821,11949,577.84,12380,2024-11-01,3,4,1,False,False,False,True,False,False,False,False,True,False,True,False,44,1,0.9090909090909091,8801.0,72650.43,9497.0,118175.84,13749.0,94909.92,2779.2977530304283,9513.333333333334,3123.6666061964124,1128,1.1439659951949732,11.178691401769182,9.28933637820268
11479,12534,1005.56,10648,2024-12-01,3,4,1,False,False,False,True,False,False,False,False,True,False,True,False,48,1,1.0,10821.0,71587.62,4373.0,68988.8,11466.0,102943.23,3298.087526633173,9025.333333333334,2495.0639804755738,1055,0.9275261324041811,11.375629509548386,9.348361669873558
6916,7192,453.34,10860,2025-01-01,3,4,2,False,False,False,True,False,False,False,False,True,False,False,True,1,0,0.0,11479.0,87170.22,8801.0,72650.43,9194.0,109332.8,1395.5314399897943,9027.5,2497.611639146476,276,1.5700448171172474,11.432056023980195,8.841737428600585
8758,9309,579.34,9548,2025-02-01,3,4,0,False,False,False,True,False,False,False,False,True,True,False,False,5,0,0.09090909090909091,6916.0,92230.41,10821.0,71587.62,9497.0,118175.84,2466.541370691625,8647.833333333334,2636.518493518795,551,1.090078776115995,11.439610731965283,9.07783702216309
9324,10053,793.01,5144,2025-03-01,3,4,0,False,False,False,True,False,False,False,False,True,True,False,False,9,0,0.18181818181818182,8758.0,92929.83,11479.0,87170.22,4373.0,68988.8,2295.5672501584413,8524.666666666666,2606.00005116397,729,0.5516353887399463,11.55723130385124,9.140454244512016
12062,13191,1248.42,14114,2025-04-01,3,4,2,False,False,False,True,False,False,False,False,True,False,False,True,14,0,0.2727272727272727,9324.0,104529.2,6916.0,92230.41,8801.0,72650.43,1259.0859118159178,9349.833333333334,1629.3175769832642,1129,1.1700240404542817,11.10697759034906,9.397898195565384
12396,14163,823.71,10842,2025-05-01,3,4,1,False,False,False,True,False,False,False,False,True,False,True,False,18,0,0.36363636363636365,12062.0,66633.49,8758.0,92929.83,10821.0,71587.62,1766.9850027660077,9893.333333333334,1926.4296163282518,1767,0.8745664273614584,11.448694416558073,9.425209786838147
15994,16261,827.69,13189,2025-06-01,3,4,0,False,False,False,True,False,False,False,False,True,True,False,False,22,0,0.45454545454545453,12396.0,93777.83,9324.0,104529.2,11479.0,87170.22,1685.4961682938713,10155.833333333334,2170.0227110946594,267,0.8245701781806815,11.05249427340285,9.680031452383618
12448,12992,644.18,4370,2025-07-01,3,4,0,False,False,False,True,False,False,False,False,True,True,False,False,27,0,0.5454545454545454,15994.0,63100.15,12062.0,66633.49,6916.0,92230.41,2180.1293539604453,10908.333333333334,3239.780095417992,544,0.3510322114226042,11.103593891710027,9.429395577381786
11732,11828,832.39,8772,2025-08-01,3,4,2,False,False,False,True,False,False,False,False,True,False,False,True,31,0,0.6363636363636364,12448.0,66408.4,12396.0,93777.83,8758.0,92929.83,2062.4590500985278,11830.333333333334,2600.469931890506,96,0.7476348759907951,11.04074282340056,9.370160663423624
6453,6570,670.79,12556,2025-09-01,3,4,0,False,False,False,True,False,False,False,False,True,True,False,False,36,0,0.7272727272727273,11732.0,62362.96,15994.0,63100.15,9324.0,104529.2,2282.2290273619174,12326.0,2140.4926535729915,117,1.9454601797334985,11.653555986542978,8.772455372611907
5998,6291,309.5,11960,2025-10-01,3,4,1,False,False,False,True,False,False,False,False,True,False,True,False,40,1,0.8181818181818182,6453.0,115098.93,12448.0,66408.4,12062.0,66633.49,3274.1543946490965,11847.5,3066.4277425042883,293,1.9936656109351558,10.991208747972879,8.699348067653093
11488,12841,577.27,5538,2025-11-01,3,4,0,False,False,False,True,False,False,False,False,True,True,False,False,44,1,0.9090909090909091,5998.0,59349.08,11732.0,62362.96,12396.0,93777.83,3187.3087393598994,10836.833333333334,3874.4510019700356,1353,0.4820262860127078,10.977546868863712,9.349145334853365
7865,8635,658.3,5966,2025-12-01,3,4,1,False,False,False,True,False,False,False,False,True,False,True,False,49,1,1.0,11488.0,58543.76,6453.0,115098.93,15994.0,63100.15,3046.8111745451706,10685.5,3818.702908056602,770,0.7584541062801933,10.976650913513025,8.970304952991755
